S. No,Office Name,Registration No.,Registration Date,Vehicle Category,Vehicle Type,Vehicle Class,Permit Type,Permit Category,Permit Issue Date,Permit Valid From,Permit Upto,Region Covered,Route Covered,From Location,To Location,Via Location,Permit Service Type Name,Registration Finacial year,Permit Finacial year,Vehicle Fuel,Goods To Carry,E-Bus Identifier
12367.0,SRINAGAR RTO,JK01AA0343,10-Jul-15,MPV,Commercial,Bus,Stage Carriage Permit,MEDIUM BUSES,09-Jul-85,09-Jul-20,08-Jul-21,EASTERN AREA OF SGR ROTATION BASIS,,Soura,LD,Dalgate,Ordinary Service,2015-2016,1985-1986,DIESEL,,
12369.0,SRINAGAR RTO,JK01AA1330,28-Jul-15,MPV,Commercial,Bus,Stage Carriage Permit,MEDIUM BUSES,03-Aug-15,03-Aug-19,02-Aug-20,WESTERN AREA OF SRINAGAR CITY,,Parimpora ,Budgam,Jehangir Chowk,Ordinary Service,2015-2016,2015-2016,DIESEL,,
12370.0,SRINAGAR RTO,JK01AA1332,28-Jul-15,MPV,Commercial,Bus,Stage Carriage Permit,MEDIUM BUSES,03-Aug-15,03-Aug-20,02-Aug-22,WESTERN AREA OF SRINAGAR CITY,,Parimpora ,Budgam,Jehangir Chowk,Ordinary Service,2015-2016,2015-2016,DIESEL,,
12371.0,SRINAGAR RTO,JK01AA1351,28-Jul-15,MPV,Commercial,Bus,Stage Carriage Permit,MEDIUM BUSES,03-Aug-15,03-Aug-21,02-Aug-22,WESTERN AREA OF SRINAGAR CITY,,Parimpora ,Budgam,Jehangir Chowk,Ordinary Service,2015-2016,2015-2016,DIESEL,,
12372.0,SRINAGAR RTO,JK01AA2733,03-Aug-15,LPV,Commercial,Bus,Stage Carriage Permit,MEDIUM BUSES,03-Oct-98,03-Oct-20,02-Oct-21,WESTERN AREA OF SRINAGAR CITY,,Parimpora ,Budgam,Jehangir Chowk,Ordinary Service,2015-2016,1998-1999,DIESEL,,
12373.0,SRINAGAR RTO,JK01AA3048,06-Aug-15,LPV,Commercial,Bus,Stage Carriage Permit,MEDIUM BUSES,06-May-90,06-May-23,05-May-28,EASTERN AREA OF SGR ROTATION BASIS,,Parimpora,Hazratbal,Qamarwari,Ordinary Service,2015-2016,1990-1991,DIESEL,,
12374.0,SRINAGAR RTO,JK01AA3431,17-Aug-15,MPV,Commercial,Bus,Stage Carriage Permit,MEDIUM BUSES,19-Sep-15,22-Aug-17,21-Aug-18,WESTERN AREA OF SRINAGAR CITY,,Parimpora,Chadora,Batamallo,Ordinary Service,2015-2016,2015-2016,DIESEL,,
12375.0,SRINAGAR RTO,JK01AA3461,17-Aug-15,MPV,Commercial,Bus,Stage Carriage Permit,MEDIUM BUSES,19-Sep-15,22-Aug-16,21-Aug-17,WESTERN AREA OF SRINAGAR CITY,,Lawaypora,Jehangir Chowk,Qamarwari,Ordinary Service,2015-2016,2015-2016,DIESEL,,
12376.0,SRINAGAR RTO,JK01AA3470,17-Aug-15,MPV,Commercial,Bus,Stage Carriage Permit,MEDIUM BUSES,19-Sep-15,22-Aug-20,21-Aug-22,WESTERN AREA OF SRINAGAR CITY,,Parimpora,Chadora,Batamallo,Ordinary Service,2015-2016,2015-2016,DIESEL,,
12377.0,SRINAGAR RTO,JK01AA6019,15-Sep-15,MPV,Commercial,Bus,Stage Carriage Permit,MEDIUM BUSES,01-Dec-15,10-Nov-19,09-Nov-20,OUTSKIRTS OF SRINAGAR CITY,,Lalbazar ,LD,Dalgate,Ordinary Service,2015-2016,2015-2016,DIESEL,,
12378.0,SRINAGAR RTO,JK01AA7014,30-Sep-15,MPV,Commercial,Bus,Stage Carriage Permit,MINI BUSES FOR URBAN ROUTES,01-Mar-16,02-Jan-25,01-Jan-30,GANDERBAL DISTRICT ONLY,,SOURA,GADOORA,GANDERBAL,Ordinary Service,2015-2016,2015-2016,DIESEL,,
12379.0,SRINAGAR RTO,JK01AA7020,30-Sep-15,LPV,Commercial,Bus,Stage Carriage Permit,MEDIUM BUSES,02-Jan-16,02-Jan-20,01-Jan-25,,,SOURA,GANDERBAL,BUCHPORA,Ordinary Service,2015-2016,2015-2016,DIESEL,,
12380.0,SRINAGAR RTO,JK01AA8267,15-Oct-15,LPV,Commercial,Bus,Stage Carriage Permit,MEDIUM BUSES,02-Jan-16,02-Jan-20,01-Jan-25,,,SOURA,GANDERBAL,BUCHPORA,Ordinary Service,2015-2016,2015-2016,DIESEL,,
12381.0,SRINAGAR RTO,JK01AA9969,14-Nov-15,MPV,Commercial,Bus,Stage Carriage Permit,MEDIUM BUSES,02-Dec-97,03-Dec-20,02-Dec-21,EASTERN AREA OF SGR ROTATION BASIS,,Lalbazar ,Lalchowk,LD,Express Service,2015-2016,1997-1998,DIESEL,,
12383.0,SRINAGAR RTO,JK01AB4797,03-Mar-16,MPV,Commercial,Bus,Stage Carriage Permit,MEDIUM BUSES,06-Jul-98,06-Jul-20,05-Jul-25,WESTERN AREA OF SRINAGAR CITY,,Jehangir Chowk,Soura,Eid Gah,Ordinary Service,2015-2016,1998-1999,DIESEL,,
12385.0,SRINAGAR RTO,JK01AB6034,18-Mar-16,LPV,Commercial,Bus,Stage Carriage Permit,MEDIUM BUSES,05-May-97,05-May-21,04-May-23,EASTERN AREA OF SGR ROTATION BASIS,,Soura,LD,Buchpora,Ordinary Service,2015-2016,1997-1998,DIESEL,,
12386.0,SRINAGAR RTO,JK01AB6451,01-Apr-16,MPV,Commercial,Bus,Stage Carriage Permit,MEDIUM BUSES,07-May-90,07-May-17,06-May-18,EASTERN AREA OF SGR ROTATION BASIS,,Soura,LD,Dalgate,Ordinary Service,2016-2017,1990-1991,DIESEL,,
12387.0,SRINAGAR RTO,JK01AB6453,01-Apr-16,MPV,Commercial,Bus,Stage Carriage Permit,MEDIUM BUSES,31-Mar-91,31-Mar-19,30-Mar-20,EASTERN AREA OF SGR ROTATION BASIS,,Soura,Hazratbal,Buchpora,Ordinary Service,2016-2017,1990-1991,DIESEL,,
12388.0,SRINAGAR RTO,JK01AB8023,03-May-16,LPV,Commercial,Bus,Stage Carriage Permit,MINI BUSES FOR URBAN ROUTES,21-Aug-98,29-May-23,28-May-28,,,TRC,HAZRATBAL,"KHAYAM,KHANYAR,RAINAWARI,SAIDA KADAL,DALGATE",Ordinary Service,2016-2017,1998-1999,DIESEL,,
12394.0,SRINAGAR RTO,JK01AD2446,14-Feb-17,MPV,Commercial,Bus,Stage Carriage Permit,MINI BUSES FOR URBAN ROUTES,27-Feb-17,27-Feb-20,26-Feb-21,EASTERN AREA OF SGR ROTATION BASIS,,Hazratbal,LD,Dalgate,Ordinary Service,2016-2017,2016-2017,DIESEL,,
12398.0,SRINAGAR RTO,JK01AD8717,18-May-17,MPV,Commercial,Bus,Stage Carriage Permit,MEDIUM BUSES,22-Sep-07,22-Sep-23,21-Sep-28,EASTERN AREA OF SGR ROTATION BASIS,,Soura,Railway Station,Dalgate,,2017-2018,2007-2008,DIESEL,,
12400.0,SRINAGAR RTO,JK01AE1787,21-Jun-17,MPV,Commercial,Bus,Stage Carriage Permit,MEDIUM BUSES,12-Apr-97,12-Apr-24,11-Apr-29,EASTERN AREA OF SGR ROTATION BASIS,,Soura,LD,Lalchowk,,2017-2018,1997-1998,DIESEL,,
12401.0,SRINAGAR RTO,JK01AH8787,22-Aug-17,MPV,Commercial,Bus,Stage Carriage Permit,MEDIUM BUSES,09-Sep-25,09-Sep-25,08-Sep-30,EASTERN AREA OF SGR ROTATION BASIS,,Malbagh,LD,Illahibagh,Ordinary Service,2017-2018,2025-2026,DIESEL,,
12405.0,SRINAGAR RTO,JK01AM1717,15-Jun-24,LPV,Commercial,Bus,Stage Carriage Permit,MEDIUM BUSES,15-Oct-24,15-Oct-24,14-Oct-29,WESTERN AREA OF SRINAGAR CITY,,Jehangir Chowk,JVC,Batamallo,,2024-2025,2024-2025,DIESEL,,
12408.0,SRINAGAR RTO,JK01AR1515,06-Jul-24,LPV,Commercial,Bus,Stage Carriage Permit,MEDIUM BUSES,15-Oct-24,15-Oct-24,14-Oct-29,WESTERN AREA OF SRINAGAR CITY,,Jehangir Chowk,JVC,Bemina,,2024-2025,2024-2025,DIESEL,,
12411.0,SRINAGAR RTO,JK01AV0415,30-Oct-23,LPV,Commercial,Bus,Stage Carriage Permit,MEDIUM BUSES,31-Jul-24,31-Jul-24,30-Jul-29,WESTERN AREA OF SRINAGAR CITY,,Soura,Parimpora,Sakidafar,,2023-2024,2024-2025,DIESEL,,
12412.0,SRINAGAR RTO,JK01AV0605,01-Nov-23,LPV,Commercial,Bus,Stage Carriage Permit,MINI BUSES FOR URBAN ROUTES,25-Jan-24,25-Jan-24,24-Jan-29,EASTERN AREA OF SGR ROTATION BASIS,,Soura,Hazratbal,Buchpora,,2023-2024,2023-2024,DIESEL,,
12413.0,SRINAGAR RTO,JK01AV4095,22-Nov-23,LPV,Commercial,Bus,Stage Carriage Permit,MEDIUM BUSES,20-Jun-24,20-Jun-24,19-Jun-29,EASTERN AREA OF SGR ROTATION BASIS,,Soura,LD,Nowhata,,2023-2024,2024-2025,DIESEL,,
12427.0,SRINAGAR RTO,JK01AW1818,19-Apr-24,LPV,Commercial,Bus,Stage Carriage Permit,MEDIUM BUSES,15-Oct-24,15-Oct-24,14-Oct-29,WESTERN AREA OF SRINAGAR CITY,,Jehangir Chowk,JVC,Bemina,,2024-2025,2024-2025,DIESEL,,
12428.0,SRINAGAR RTO,JK01AW1919,23-Apr-24,LPV,Commercial,Bus,Stage Carriage Permit,MEDIUM BUSES,15-Oct-24,15-Oct-24,14-Oct-29,WESTERN AREA OF SRINAGAR CITY,,Jehangir Chowk,JVC,Bemina,,2024-2025,2024-2025,DIESEL,,
12432.0,SRINAGAR RTO,JK01AW5015,27-May-24,LPV,Commercial,Bus,Stage Carriage Permit,MEDIUM BUSES,10-Oct-24,10-Oct-24,09-Oct-29,WESTERN AREA OF SRINAGAR CITY,,Jehangir Chowk,Budgam,Khumani Chowk,,2024-2025,2024-2025,DIESEL,,
12433.0,SRINAGAR RTO,JK01AW6453,20-Jun-24,LPV,Commercial,Bus,Stage Carriage Permit,MEDIUM BUSES,09-Oct-24,09-Oct-24,08-Oct-29,EASTERN AREA OF SGR ROTATION BASIS,,Parimpora,Saidakadal,Dalgate,,2024-2025,2024-2025,DIESEL,,
12435.0,SRINAGAR RTO,JK01AW8722,03-Jul-24,LPV,Commercial,Bus,Stage Carriage Permit,MEDIUM BUSES,10-Oct-24,10-Oct-24,09-Oct-29,WESTERN AREA OF SRINAGAR CITY,,Jehangir Chowk,JVC,Bemina,,2024-2025,2024-2025,DIESEL,,
12438.0,SRINAGAR RTO,JK01AW9836,04-Jul-24,LPV,Commercial,Bus,Stage Carriage Permit,MEDIUM BUSES,15-Oct-24,15-Oct-24,14-Oct-29,WESTERN AREA OF SRINAGAR CITY,,Sora,Parimpora,Qamarwari,,2024-2025,2024-2025,DIESEL,,
12441.0,SRINAGAR RTO,JK01AX5915,13-Sep-24,LPV,Commercial,Bus,Stage Carriage Permit,MEDIUM BUSES,20-Nov-24,20-Nov-24,19-Nov-29,EASTERN AREA OF SGR ROTATION BASIS,,Jehangir Chowk,HMT,Parimpora,,2024-2025,2024-2025,DIESEL,,
12455.0,SRINAGAR RTO,JK01BA4826,25-Feb-25,LPV,Commercial,Bus,Stage Carriage Permit,MEDIUM BUSES,05-Nov-25,05-Nov-25,04-Nov-30,WITHIN SRINAGAR CITY,,Parimpora,Pantha chowk,Dalgate,,2024-2025,2025-2026,DIESEL,,
12456.0,SRINAGAR RTO,JK01BA5230,03-Mar-25,LPV,Commercial,Bus,Stage Carriage Permit,MINI BUSES FOR URBAN ROUTES,25-Oct-25,25-Oct-25,24-Oct-30,WESTERN AREA OF SRINAGAR CITY,,Soura,LD,Buchpora,Ordinary Service,2024-2025,2025-2026,DIESEL,,
12457.0,SRINAGAR RTO,JK01BA5664,08-Mar-25,MPV,Commercial,Bus,Stage Carriage Permit,MEDIUM BUSES,11-Nov-25,11-Nov-25,10-Nov-30,WESTERN AREA OF SRINAGAR CITY,,Parimpora,Chadora,Jehangir Chowk,Ordinary Service,2024-2025,2025-2026,DIESEL,,
12458.0,SRINAGAR RTO,JK01BA5764,11-Mar-25,LPV,Commercial,Bus,Stage Carriage Permit,MEDIUM BUSES,16-Sep-25,16-Sep-25,15-Sep-30,EASTERN AREA OF SGR ROTATION BASIS,,Soura,LD,Dalgate,Ordinary Service,2024-2025,2025-2026,DIESEL,,
12459.0,SRINAGAR RTO,JK01BA5819,12-Mar-25,LPV,Commercial,Bus,Stage Carriage Permit,MEDIUM BUSES,13-Nov-25,13-Nov-25,12-Nov-30,WITHIN SRINAGAR CITY,,Soura,Railway Station,Sonawar,,2024-2025,2025-2026,DIESEL,,
12460.0,SRINAGAR RTO,JK01BA6663,13-Jan-25,LPV,Commercial,Bus,Stage Carriage Permit,MEDIUM BUSES,25-Oct-25,25-Oct-25,24-Oct-30,EASTERN AREA OF SGR ROTATION BASIS,,Soura,Hazratbal,Buchpora,,2024-2025,2025-2026,DIESEL,,
12461.0,SRINAGAR RTO,JK01BA8717,03-Feb-25,LPV,Commercial,Bus,Stage Carriage Permit,MEDIUM BUSES,26-Sep-25,26-Sep-25,25-Sep-30,EASTERN AREA OF SGR ROTATION BASIS,,Sora,LD,Dalgate,Ordinary Service,2024-2025,2025-2026,DIESEL,,
12462.0,SRINAGAR RTO,JK01BA9093,17-Feb-25,LPV,Commercial,Bus,Stage Carriage Permit,MEDIUM BUSES,16-Sep-25,16-Sep-25,15-Sep-30,EASTERN AREA OF SGR ROTATION BASIS,,Baghat Shora,Lalchowk,Nowhata,,2024-2025,2025-2026,DIESEL,,
12464.0,SRINAGAR RTO,JK01BA9644,22-Apr-25,MPV,Commercial,Bus,Stage Carriage Permit,MEDIUM BUSES,10-Nov-25,10-Nov-25,09-Nov-30,WESTERN AREA OF SRINAGAR CITY,,Jehangir Chowk,JVC,Bemina,Ordinary Service,2025-2026,2025-2026,DIESEL,,
12642.0,SRINAGAR RTO,JK01E6910,13-Jul-01,MPV,Commercial,Bus,Stage Carriage Permit,MEDIUM BUSES,28-May-00,29-May-19,28-May-20,WESTERN AREA OF SRINAGAR CITY,,Parimpora,Rawalpora,Barzulla,Express Service,2001-2002,2000-2001,DIESEL,,
12643.0,SRINAGAR RTO,JK01E7110,30-Mar-01,MPV,Commercial,Bus,Stage Carriage Permit,MINI BUSES FOR URBAN ROUTES,14-Feb-87,15-Feb-21,14-Feb-24,WESTERN AREA OF SRINAGAR CITY,,Parimpora,Rawalpora,Barzulla,,2000-2001,1986-1987,DIESEL,,
12645.0,SRINAGAR RTO,JK01E7335,12-Apr-01,LPV,Commercial,Bus,Stage Carriage Permit,MEDIUM BUSES,06-Jun-00,06-Jun-19,05-Jun-20,WESTERN AREA OF SRINAGAR CITY,,Parimpora,Rawalpora,Barzulla,Express Service,2001-2002,2000-2001,DIESEL,,
12648.0,SRINAGAR RTO,JK01E7523,21-Apr-01,LPV,Commercial,Bus,Stage Carriage Permit,MINI BUSES FOR URBAN ROUTES,16-May-85,16-May-21,15-May-26,EASTERN AREA OF SGR ROTATION BASIS,,Soura,LD,90feet,Ordinary Service,2001-2002,1985-1986,DIESEL,,
12649.0,SRINAGAR RTO,JK01E7850,05-May-01,HPV,Commercial,Bus,Stage Carriage Permit,MEDIUM BUSES,15-May-01,15-May-18,15-May-19,OUTSKIRTS OF SRINAGAR CITY,,Lalbazar ,Qamarwari,Mill Stop,Express Service,2001-2002,2001-2002,DIESEL,,
12652.0,SRINAGAR RTO,JK01E7979,17-May-01,LPV,Commercial,Bus,Stage Carriage Permit,MEDIUM BUSES,30-Apr-01,30-Apr-18,29-Apr-19,WESTERN AREA OF SRINAGAR CITY,,SafaKadal ,SMHS,Jehangir Chowk,Express Service,2001-2002,2001-2002,DIESEL,,
12653.0,SRINAGAR RTO,JK01E8021,14-May-01,LPV,Commercial,Bus,Stage Carriage Permit,MEDIUM BUSES,23-May-00,23-May-21,22-May-22,WESTERN AREA OF SRINAGAR CITY,,Narbal,Jehangir Chowk,Qamarwari,Express Service,2001-2002,2000-2001,DIESEL,,
12654.0,SRINAGAR RTO,JK01E8095,17-May-01,MPV,Commercial,Bus,Stage Carriage Permit,MEDIUM BUSES,26-May-00,26-May-19,25-May-20,WESTERN AREA OF SRINAGAR CITY,,Soura,SMHS,Jehangir Chowk,Express Service,2001-2002,2000-2001,DIESEL,,
12655.0,SRINAGAR RTO,JK01E8393,01-Jun-01,MPV,Commercial,Bus,Stage Carriage Permit,MEDIUM BUSES,03-Aug-01,04-Aug-19,03-Aug-20,WESTERN AREA OF SRINAGAR CITY,,Soura,SMHS,Jehangir Chowk,Express Service,2001-2002,2001-2002,DIESEL,,
12656.0,SRINAGAR RTO,JK01E8692,15-Jun-01,MPV,Commercial,Bus,Stage Carriage Permit,MEDIUM BUSES,11-Aug-01,11-Aug-23,10-Aug-28,WESTERN AREA OF SRINAGAR CITY,,Soura,Parimpora,Hawal,Express Service,2001-2002,2001-2002,DIESEL,,
12657.0,SRINAGAR RTO,JK01E8724,16-Jun-01,MPV,Commercial,Bus,Stage Carriage Permit,MEDIUM BUSES,09-Jul-97,09-Jul-18,08-Jul-19,EASTERN AREA OF SGR ROTATION BASIS,,Parimpora,Saidakadal,Dalgate,Express Service,2001-2002,1997-1998,DIESEL,,
12659.0,SRINAGAR RTO,JK01E8966,27-Jun-01,LPV,Commercial,Bus,Stage Carriage Permit,MINI BUSES FOR URBAN ROUTES,02-Dec-99,02-Dec-20,01-Dec-22,WESTERN AREA OF SRINAGAR CITY,,Soura ,Qamarwari,Eidgah,Ordinary Service,2001-2002,1999-2000,DIESEL,,
12668.0,SRINAGAR RTO,JK01E9942,17-Aug-01,MPV,Commercial,Bus,Stage Carriage Permit,MEDIUM BUSES,23-May-00,23-May-22,22-May-24,WESTERN AREA OF SRINAGAR CITY,,Soura,SMHS,Jehangir Chowk,Express Service,2001-2002,2000-2001,DIESEL,,
12669.0,SRINAGAR RTO,JK01E9956,18-Aug-01,MPV,Commercial,Bus,Stage Carriage Permit,MEDIUM BUSES,31-Aug-99,23-May-19,22-May-20,WESTERN AREA OF SGR ROTATION BASIS,,SafaKadal ,Jehangir Chowk,Karanangar,Ordinary Service,2001-2002,1999-2000,DIESEL,,
12670.0,SRINAGAR RTO,JK01F0116,25-Aug-01,LPV,Commercial,Maxi Cab,Stage Carriage Permit,MEDIUM BUSES,15-Feb-83,14-Feb-20,13-Feb-21,EASTERN AREA OF SGR ROTATION BASIS,,SafaKadal ,Jehangir Chowk,Karanangar,Ordinary Service,2001-2002,1982-1983,DIESEL,,
12671.0,SRINAGAR RTO,JK01F0135,25-Aug-01,MPV,Commercial,Bus,Stage Carriage Permit,MEDIUM BUSES,09-May-85,09-May-20,08-May-25,EASTERN AREA OF SGR ROTATION BASIS,,Qamarwari,PathaChowk,Dalgate,Ordinary Service,2001-2002,1985-1986,DIESEL,,
12672.0,SRINAGAR RTO,JK01F0243,29-Aug-01,MPV,Commercial,Bus,Stage Carriage Permit,MINI BUSES FOR URBAN ROUTES,24-Jun-88,23-Jun-19,23-Jun-20,WESTERN AREA OF SRINAGAR CITY,,SafaKadal ,Jehangir Chowk,Karanangar,,2001-2002,1988-1989,DIESEL,,
12675.0,SRINAGAR RTO,JK01F0391,03-Sep-01,MPV,Commercial,Bus,Stage Carriage Permit,MEDIUM BUSES,03-Jul-97,03-Jul-18,02-Jul-19,EASTERN AREA OF SGR ROTATION BASIS,,Soura,LD,Dalgate,Express Service,2001-2002,1997-1998,DIESEL,,
12676.0,SRINAGAR RTO,JK01F1295,08-Oct-01,MPV,Commercial,Bus,Stage Carriage Permit,MEDIUM BUSES,08-Jul-02,08-Jul-19,07-Jul-20,WESTERN AREA OF SRINAGAR CITY,,SafaKadal ,Jehangir Chowk,Karanangar,Express Service,2001-2002,2002-2003,DIESEL,,
12677.0,SRINAGAR RTO,JK01F1299,09-Oct-01,MPV,Commercial,Bus,Stage Carriage Permit,MEDIUM BUSES,11-May-89,11-May-18,10-May-19,EASTERN AREA OF SGR ROTATION BASIS,,Lalbazar ,LD,Lalchowk,Express Service,2001-2002,1989-1990,DIESEL,,
12679.0,SRINAGAR RTO,JK01F1490,22-Oct-01,MPV,Commercial,Bus,Stage Carriage Permit,MEDIUM BUSES,31-Mar-86,31-Mar-19,30-Mar-20,WESTERN AREA OF SRINAGAR CITY,,Qamarwari,Dalgate,Khanyar,Express Service,2001-2002,1985-1986,DIESEL,,
12680.0,SRINAGAR RTO,JK01F1693,07-Nov-01,MPV,Commercial,Bus,Stage Carriage Permit,MINI BUSES FOR RURAL ROUTES,23-Mar-02,23-Mar-21,22-Mar-26,EASTERN AREA OF SGR ROTATION BASIS,,Hazratbal,LD,Rainawari,,2001-2002,2001-2002,DIESEL,,
12681.0,SRINAGAR RTO,JK01F1702,07-Nov-01,MPV,Commercial,Bus,Stage Carriage Permit,MEDIUM BUSES,11-May-89,11-May-19,10-May-20,EASTERN AREA OF SGR ROTATION BASIS,,Hazratbal,LD,Rainawari,Express Service,2001-2002,1989-1990,DIESEL,,
12682.0,SRINAGAR RTO,JK01F1731,08-Nov-01,MPV,Commercial,Bus,Stage Carriage Permit,MEDIUM BUSES,14-Jun-00,14-Jun-19,13-Jun-20,WESTERN AREA OF SRINAGAR CITY,,Qamarwari,Dalgate,Khanyar,Express Service,2001-2002,2000-2001,DIESEL,,
12686.0,SRINAGAR RTO,JK01F2215,08-Dec-01,MPV,Commercial,Bus,Stage Carriage Permit,MINI BUSES FOR RURAL ROUTES,05-Feb-73,31-Mar-22,30-Mar-23,WESTERN AREA OF SRINAGAR CITY,,SafaKadal ,SMHS,Jehangir Chowk,Ordinary Service,2001-2002,1972-1973,DIESEL,,
12687.0,SRINAGAR RTO,JK01F2327,20-Dec-01,MPV,Commercial,Bus,Stage Carriage Permit,MEDIUM BUSES,12-May-89,12-May-18,11-May-19,EASTERN AREA OF SGR ROTATION BASIS,,Saidakadal,Parimpora,Dalgate,Express Service,2001-2002,1989-1990,DIESEL,,
12688.0,SRINAGAR RTO,JK01F2329,20-Dec-01,MPV,Commercial,Bus,Stage Carriage Permit,MEDIUM BUSES,06-Jun-99,06-Jun-17,05-Jun-19,WESTERN AREA OF SRINAGAR CITY,,SafaKadal ,SMHS,Jehangir Chowk,Express Service,2001-2002,1999-2000,DIESEL,,
12689.0,SRINAGAR RTO,JK01F2342,21-Dec-01,MPV,Commercial,Bus,Stage Carriage Permit,MEDIUM BUSES,11-May-89,09-May-19,08-May-20,WESTERN AREA OF SRINAGAR CITY,,SafaKadal ,SMHS,Jehangir Chowk,Ordinary Service,2001-2002,1989-1990,DIESEL,,
12691.0,SRINAGAR RTO,JK01F2351,24-Dec-01,MPV,Commercial,Bus,Stage Carriage Permit,MINI BUSES FOR URBAN ROUTES,31-May-89,22-May-19,22-May-20,WESTERN AREA OF SRINAGAR CITY,,SafaKadal ,SMHS,Jehangir Chowk,,2001-2002,1989-1990,DIESEL,,
12692.0,SRINAGAR RTO,JK01F2397,27-Dec-01,MPV,Commercial,Bus,Stage Carriage Permit,MEDIUM BUSES,03-Jan-02,05-Jan-23,04-Jan-28,OUTSKIRTS OF SRINAGAR CITY,,Lalbazar ,Parimpora,Qamarwari,,2001-2002,2001-2002,DIESEL,,
12694.0,SRINAGAR RTO,JK01F2433,01-Jan-02,MPV,Commercial,Bus,Stage Carriage Permit,MEDIUM BUSES,07-Jan-02,07-Jan-24,06-Jan-29,OUTSKIRTS OF SRINAGAR CITY,,Parimpora ,Rawalpora,Jehangir Chowk,,2001-2002,2001-2002,DIESEL,,
12695.0,SRINAGAR RTO,JK01F2642,15-Jan-02,MPV,Commercial,Bus,Stage Carriage Permit,MEDIUM BUSES,05-Apr-02,05-Jan-19,04-Jan-20,EASTERN AREA OF SGR ROTATION BASIS,,Parimpora,Hazratbal,Qamarwari,Express Service,2001-2002,2002-2003,DIESEL,,
12696.0,SRINAGAR RTO,JK01F2658,16-Jan-02,MPV,Commercial,Bus,Stage Carriage Permit,MEDIUM BUSES,31-Mar-88,31-Mar-20,30-Mar-22,WESTERN AREA OF SRINAGAR CITY,,Jehangir Chowk,HMT,Parimpora,Express Service,2001-2002,1987-1988,DIESEL,,
12697.0,SRINAGAR RTO,JK01F2861,04-Feb-02,MPV,Commercial,Bus,Stage Carriage Permit,MINI BUSES FOR URBAN ROUTES,04-Feb-03,05-Feb-21,04-Feb-24,OUTSKIRTS OF SRINAGAR CITY,,Lalbazar ,Parimpora,Qamarwari,,2001-2002,2002-2003,DIESEL,,
12698.0,SRINAGAR RTO,JK01F3066,21-Feb-02,MPV,Commercial,Bus,Stage Carriage Permit,MEDIUM BUSES,28-Feb-02,28-Feb-19,27-Feb-20,OUTSKIRTS OF SRINAGAR CITY,,Lalbazar ,Parimpora,Qamarwari,Express Service,2001-2002,2001-2002,DIESEL,,
12699.0,SRINAGAR RTO,JK01F3080,21-Feb-02,MPV,Commercial,Bus,Stage Carriage Permit,MINI BUSES FOR RURAL ROUTES,02-Mar-02,02-Mar-22,01-Mar-23,OUTSKIRTS OF SRINAGAR CITY,,Lalbazar ,Parimpora,Qamarwari,Ordinary Service,2001-2002,2001-2002,DIESEL,,
12700.0,SRINAGAR RTO,JK01F3087,21-Feb-02,MPV,Commercial,Bus,Stage Carriage Permit,MINI BUSES FOR RURAL ROUTES,22-May-89,22-May-20,21-May-25,WESTERN AREA OF SRINAGAR CITY,,Parimpora,Chadora,Jehangir Chowk,Ordinary Service,2001-2002,1989-1990,DIESEL,,
12701.0,SRINAGAR RTO,JK01F3096,26-Feb-02,MPV,Commercial,Bus,Stage Carriage Permit,MEDIUM BUSES,01-Mar-02,28-Feb-20,27-Feb-21,OUTSKIRTS OF SRINAGAR CITY,,Lalbazar ,Parimpora,Qamarwari,Ordinary Service,2001-2002,2001-2002,DIESEL,,
12702.0,SRINAGAR RTO,JK01F3097,26-Feb-02,MPV,Commercial,Bus,Stage Carriage Permit,MINI BUSES FOR URBAN ROUTES,01-Mar-02,28-Feb-20,27-Feb-22,OUTSKIRTS OF SRINAGAR CITY,,Lalbazar ,Parimpora,Qamarwari,Ordinary Service,2001-2002,2001-2002,DIESEL,,
12703.0,SRINAGAR RTO,JK01F3098,26-Feb-02,MPV,Commercial,Bus,Stage Carriage Permit,MEDIUM BUSES,01-Mar-03,01-Mar-17,28-Feb-18,OUTSKIRTS OF SRINAGAR CITY,,Qamarwari,Hazratbal,Raziakadal,Express Service,2001-2002,2002-2003,DIESEL,,
12704.0,SRINAGAR RTO,JK01F3101,26-Feb-02,LPV,Commercial,Bus,Stage Carriage Permit,MINI BUSES FOR URBAN ROUTES,10-May-89,09-May-23,08-May-28,WESTERN AREA OF SGR ROTATION BASIS,,Soura,Jehangir Chowk,Zonimar,Ordinary Service,2001-2002,1989-1990,DIESEL,,
12705.0,SRINAGAR RTO,JK01F3226,02-Mar-02,LPV,Commercial,Bus,Stage Carriage Permit,MEDIUM BUSES,13-May-02,13-Mar-19,12-Mar-20,OUTSKIRTS OF SRINAGAR CITY,,Lalbazar ,Parimpora,Qamarwari,Express Service,2001-2002,2002-2003,DIESEL,,
12706.0,SRINAGAR RTO,JK01F3384,09-Mar-02,MPV,Commercial,Bus,Stage Carriage Permit,MEDIUM BUSES,07-Jun-89,07-Jun-18,06-Jun-19,WESTERN AREA OF SRINAGAR CITY,,HMT,Jehangir Chowk,Batamallo,Express Service,2001-2002,1989-1990,DIESEL,,
12707.0,SRINAGAR RTO,JK01F3462,13-Mar-02,MPV,Commercial,Bus,Stage Carriage Permit,MINI BUSES FOR URBAN ROUTES,16-Mar-02,16-Mar-23,15-Mar-28,OUTSKIRTS OF SRINAGAR CITY,,Lalbazar ,Parimpora,Qamarwari,Ordinary Service,2001-2002,2001-2002,DIESEL,,
12708.0,SRINAGAR RTO,JK01F3502,15-Mar-02,MPV,Commercial,Bus,Stage Carriage Permit,MEDIUM BUSES,19-Mar-04,19-Mar-18,18-Mar-19,OUTSKIRTS OF SRINAGAR CITY,,Parimpora,Rangrath,Bypass,Express Service,2001-2002,2003-2004,DIESEL,,
12710.0,SRINAGAR RTO,JK01F3671,03-Mar-02,LPV,Commercial,Bus,Stage Carriage Permit,MEDIUM BUSES,11-May-89,11-May-18,10-May-19,EASTERN AREA OF SGR ROTATION BASIS,,Saidakadal,Bypass,Dalgate,Express Service,2001-2002,1989-1990,DIESEL,,
12711.0,SRINAGAR RTO,JK01F3675,23-Mar-02,MPV,Commercial,Bus,Stage Carriage Permit,MEDIUM BUSES,30-Mar-02,08-Dec-18,08-Dec-19,EASTERN AREA OF SGR ROTATION BASIS,,Saidakadal,Bypass,Dalgate,Ordinary Service,2001-2002,2001-2002,DIESEL,,
12713.0,SRINAGAR RTO,JK01F3899,03-Apr-02,MPV,Commercial,Bus,Stage Carriage Permit,MINI BUSES FOR RURAL ROUTES,10-Apr-02,09-Apr-24,08-Apr-29,WESTERN AREA OF SGR ROTATION BASIS,,HMT,Jehangir Chowk,Batamallo,,2002-2003,2002-2003,DIESEL,,
12714.0,SRINAGAR RTO,JK01F3905,03-Apr-02,MPV,Commercial,Bus,Stage Carriage Permit,MEDIUM BUSES,22-Sep-04,22-Sep-20,21-Sep-22,WESTERN AREA OF SGR ROTATION BASIS,,Jehangir Chowk,HMT,Parimpora,Ordinary Service,2002-2003,2004-2005,DIESEL,,
12715.0,SRINAGAR RTO,JK01F3908,03-Apr-02,MPV,Commercial,Bus,Stage Carriage Permit,MEDIUM BUSES,23-May-89,23-May-17,22-May-19,WESTERN AREA OF SRINAGAR CITY,,Jehangir Chowk,HMT,Parimpora,Ordinary Service,2002-2003,1989-1990,DIESEL,,
12716.0,SRINAGAR RTO,JK01F4232,15-Apr-02,MPV,Commercial,Bus,Stage Carriage Permit,MEDIUM BUSES,15-Apr-02,16-Apr-20,15-Apr-23,OUTSKIRTS OF SRINAGAR CITY,,Parimpora,Rangrath,Bypass,Ordinary Service,2002-2003,2002-2003,DIESEL,,
12717.0,SRINAGAR RTO,JK01F4366,18-May-02,MPV,Commercial,Omni Bus,Stage Carriage Permit,MEDIUM BUSES,23-Apr-02,23-Apr-19,22-Apr-20,OUTSKIRTS OF SRINAGAR CITY,,Parimpora,Rangrath,Bypass,Express Service,2002-2003,2002-2003,DIESEL,,
12718.0,SRINAGAR RTO,JK01F4749,02-May-02,MPV,Commercial,Bus,Stage Carriage Permit,MINI BUSES FOR RURAL ROUTES,15-Apr-02,16-Apr-24,15-Apr-29,WESTERN AREA OF SRINAGAR CITY,,SafaKadal ,Jehangir Chowk,SMHS,,2002-2003,2002-2003,DIESEL,,
12719.0,SRINAGAR RTO,JK01F4913,08-May-02,MPV,Commercial,Bus,Stage Carriage Permit,MEDIUM BUSES,07-Jun-02,06-Jun-16,06-Jun-18,WESTERN AREA OF SRINAGAR CITY,,SafaKadal ,Jehangir Chowk,SMHS,Ordinary Service,2002-2003,2002-2003,DIESEL,,
12720.0,SRINAGAR RTO,JK01F4924,08-May-02,MPV,Commercial,Bus,Stage Carriage Permit,MEDIUM BUSES,01-Jun-00,01-Jun-20,31-May-23,WESTERN AREA OF SRINAGAR CITY,,Jehangir Chowk,HMT,Parimpora,Express Service,2002-2003,2000-2001,DIESEL,,
12721.0,SRINAGAR RTO,JK01F4928,08-May-02,MPV,Commercial,Bus,Stage Carriage Permit,MINI BUSES FOR URBAN ROUTES,01-Jun-02,01-Jun-20,31-May-23,WESTERN AREA OF SRINAGAR CITY,,Jehangir Chowk,Panzinara,Parimpora,Ordinary Service,2002-2003,2002-2003,DIESEL,,
12722.0,SRINAGAR RTO,JK01F4944,08-May-02,MPV,Commercial,Bus,Stage Carriage Permit,MEDIUM BUSES,07-Jul-02,07-Jul-23,06-Jul-28,WESTERN AREA OF SRINAGAR CITY,,SafaKadal ,Jehangir Chowk,SMHS,Express Service,2002-2003,2002-2003,DIESEL,,
12723.0,SRINAGAR RTO,JK01F4947,08-May-02,MPV,Commercial,Bus,Stage Carriage Permit,MEDIUM BUSES,31-May-02,31-May-19,30-May-20,WESTERN AREA OF SRINAGAR CITY,,SafaKadal ,Jehangir Chowk,SMHS,Express Service,2002-2003,2002-2003,DIESEL,,
12724.0,SRINAGAR RTO,JK01F5077,14-May-02,MPV,Commercial,Bus,Stage Carriage Permit,MEDIUM BUSES,24-Jul-98,24-Jul-14,23-Jul-19,EASTERN AREA OF SGR ROTATION BASIS,,Batamallo,Pantha chowk,Tengpora,Express Service,2002-2003,1998-1999,DIESEL,,
12725.0,SRINAGAR RTO,JK01F5224,20-May-02,MPV,Commercial,Bus,Stage Carriage Permit,MEDIUM BUSES,31-Mar-02,31-Mar-25,30-Mar-30,WESTERN AREA OF SRINAGAR CITY,,SafaKadal ,Jehangir Chowk,SMHS,,2002-2003,2001-2002,DIESEL,,
12726.0,SRINAGAR RTO,JK01F5272,29-May-02,MPV,Commercial,Bus,Stage Carriage Permit,MEDIUM BUSES,23-May-02,23-May-19,22-May-20,WESTERN AREA OF SRINAGAR CITY,,SafaKadal ,Jehangir Chowk,SMHS,Express Service,2002-2003,2002-2003,DIESEL,,
12727.0,SRINAGAR RTO,JK01F5397,01-Jun-02,MPV,Commercial,Bus,Stage Carriage Permit,MINI BUSES FOR URBAN ROUTES,13-Jun-02,13-Jun-20,12-Jun-22,OUTSKIRTS OF SRINAGAR CITY,,Parimpora,Rangrath,Bypass,Ordinary Service,2002-2003,2002-2003,DIESEL,,
12729.0,SRINAGAR RTO,JK01F5459,05-Jun-02,MPV,Commercial,Bus,Stage Carriage Permit,MINI BUSES FOR RURAL ROUTES,08-Jul-02,07-Jul-20,06-Jul-21,WESTERN AREA OF SGR ROTATION BASIS,,Parimpora ,Rawalpora,Jehangir Chowk,Ordinary Service,2002-2003,2002-2003,DIESEL,,
12730.0,SRINAGAR RTO,JK01F5485,06-Jun-02,MPV,Commercial,Bus,Stage Carriage Permit,MEDIUM BUSES,09-Aug-02,09-Aug-20,08-Aug-22,EASTERN AREA OF SGR ROTATION BASIS,,Batamallo,Pantha chowk,Tengpora,Goods Service,2002-2003,2002-2003,DIESEL,,
12731.0,SRINAGAR RTO,JK01F5489,06-Jun-02,MPV,Commercial,Bus,Stage Carriage Permit,MEDIUM BUSES,21-Jun-02,21-Jun-20,20-Jun-25,EASTERN AREA OF SGR ROTATION BASIS,,Jehangir Chowk,JVC,Bemina,Express Service,2002-2003,2002-2003,DIESEL,,
12732.0,SRINAGAR RTO,JK01F5503,07-Jun-02,LPV,Commercial,Bus,Stage Carriage Permit,MEDIUM BUSES,08-Aug-02,08-Aug-20,07-Aug-23,EASTERN AREA OF SGR ROTATION BASIS,,Batamallo,Pantha chowk,Tengpora,Express Service,2002-2003,2002-2003,DIESEL,,
12733.0,SRINAGAR RTO,JK01F5505,07-Jun-02,MPV,Commercial,Bus,Stage Carriage Permit,MEDIUM BUSES,10-Jul-02,10-Jul-21,09-Jul-25,OUTSKIRTS OF SRINAGAR CITY,,Parimpora,Rangrath,Bypass,Express Service,2002-2003,2002-2003,DIESEL,,
12734.0,SRINAGAR RTO,JK01F5665,11-Jun-02,MPV,Commercial,Bus,Stage Carriage Permit,MEDIUM BUSES,04-Jan-96,23-Feb-22,22-Feb-27,WESTERN AREA OF SGR ROTATION BASIS,,Batamallo,Pantha chowk,Mominabad Tengpora,,2002-2003,1995-1996,DIESEL,,
12735.0,SRINAGAR RTO,JK01F5776,15-Jun-02,MPV,Commercial,Bus,Stage Carriage Permit,MEDIUM BUSES,08-Jul-03,08-Jul-20,07-Jul-21,WESTERN AREA OF SRINAGAR CITY,,Jehangir Chowk,HMT,Parimpora,Express Service,2002-2003,2003-2004,DIESEL,,
12736.0,SRINAGAR RTO,JK01F5886,19-Jun-02,MPV,Commercial,Bus,Stage Carriage Permit,MEDIUM BUSES,29-Jun-02,29-Jun-20,28-Jun-21,EASTERN AREA OF SGR ROTATION BASIS,,Batamallo,Pantha chowk,Mominabad Tengpora,Express Service,2002-2003,2002-2003,DIESEL,,
12737.0,SRINAGAR RTO,JK01F5916,20-Sep-02,LPV,Commercial,Bus,Stage Carriage Permit,MEDIUM BUSES,12-Jul-02,12-Jul-20,11-Jul-22,EASTERN AREA OF SGR ROTATION BASIS,,Batamallo,Pantha chowk,Mominabad Tengpora,Express Service,2002-2003,2002-2003,DIESEL,,
12738.0,SRINAGAR RTO,JK01F5918,20-Jun-02,MPV,Commercial,Bus,Stage Carriage Permit,MINI BUSES FOR URBAN ROUTES,15-Feb-87,15-Feb-23,14-Feb-28,WESTERN AREA OF SRINAGAR CITY,,Jehangir Chowk,Budgam,Khumani Chowk,,2002-2003,1986-1987,DIESEL,,
12739.0,SRINAGAR RTO,JK01F5923,20-Jun-02,MPV,Commercial,Bus,Stage Carriage Permit,MEDIUM BUSES,09-May-85,08-May-18,08-May-19,EASTERN AREA OF SGR ROTATION BASIS,,Lalbazar ,Parimpora,Raziakadal,Express Service,2002-2003,1985-1986,DIESEL,,
12740.0,SRINAGAR RTO,JK01F5965,21-Jun-02,MPV,Commercial,Bus,Stage Carriage Permit,MINI BUSES FOR RURAL ROUTES,01-Apr-84,01-Apr-21,31-Mar-22,WESTERN AREA OF SRINAGAR CITY,,Soura,Jehangir Chowk,Zonimar,Ordinary Service,2002-2003,1984-1985,DIESEL,,
12741.0,SRINAGAR RTO,JK01F6178,29-Jun-02,LPV,Commercial,Bus,Stage Carriage Permit,MINI BUSES FOR URBAN ROUTES,11-Nov-97,10-Nov-20,09-Nov-25,EASTERN AREA OF SGR ROTATION BASIS,,Parimpora,Panthachowk,Dalgate,,2002-2003,1997-1998,DIESEL,,
12742.0,SRINAGAR RTO,JK01F6241,01-Jul-02,LPV,Commercial,Bus,Stage Carriage Permit,MEDIUM BUSES,10-Jul-02,10-Jul-17,09-Jul-18,OUTSKIRTS OF SRINAGAR CITY,,Parimpora,Panthachowk,Mominabad Tengpora,Express Service,2002-2003,2002-2003,DIESEL,,
12743.0,SRINAGAR RTO,JK01F6304,03-Jul-02,MPV,Commercial,Bus,Stage Carriage Permit,MEDIUM BUSES,20-Jul-02,25-Jul-25,24-Jul-30,WESTERN AREA OF SGR ROTATION BASIS,,Soura,Jehangir Chowk,Zonimar,,2002-2003,2002-2003,DIESEL,,
12744.0,SRINAGAR RTO,JK01F6385,05-Jul-02,MPV,Commercial,Omni Bus,Stage Carriage Permit,MINI BUSES FOR URBAN ROUTES,11-May-89,11-Sep-19,10-Sep-20,EASTERN AREA OF SGR ROTATION BASIS,,Parimpora,Panthachowk,Dalgate,Ordinary Service,2002-2003,1989-1990,DIESEL,,
12745.0,SRINAGAR RTO,JK01F7293,03-Aug-02,MPV,Commercial,Bus,Stage Carriage Permit,MEDIUM BUSES,08-Aug-02,08-Aug-18,07-Aug-19,OUTSKIRTS OF SRINAGAR CITY,,Parimpora,Rangrath,Bypass,Express Service,2002-2003,2002-2003,DIESEL,,
12746.0,SRINAGAR RTO,JK01F7316,03-Aug-02,MPV,Commercial,Bus,Stage Carriage Permit,MEDIUM BUSES,30-Apr-02,29-Apr-19,29-Apr-20,EASTERN AREA OF SGR ROTATION BASIS,,Qamarwari,Jehangir Chowk,Dalgate,Ordinary Service,2002-2003,2002-2003,DIESEL,,
12747.0,SRINAGAR RTO,JK01F7436,07-Aug-02,MPV,Commercial,Bus,Stage Carriage Permit,MINI BUSES FOR URBAN ROUTES,03-Jul-89,16-Sep-23,15-Sep-28,WESTERN AREA OF SRINAGAR CITY,,Narbal,Jehangir Chowk,Qamarwari,,2002-2003,1989-1990,DIESEL,,
12748.0,SRINAGAR RTO,JK01F7453,08-Aug-02,MPV,Commercial,Bus,Stage Carriage Permit,MINI BUSES FOR URBAN ROUTES,10-Aug-02,10-Aug-20,09-Aug-22,OUTSKIRTS OF SRINAGAR CITY,,Parimpora,Budgam,Bypass,Ordinary Service,2002-2003,2002-2003,DIESEL,,
12749.0,SRINAGAR RTO,JK01F7612,13-Aug-02,MPV,Commercial,Bus,Stage Carriage Permit,MINI BUSES FOR URBAN ROUTES,31-Mar-92,01-Apr-20,31-Mar-23,WESTERN AREA OF SRINAGAR CITY,,Qamarwari,Dalgate,Khanyar,,2002-2003,1991-1992,DIESEL,,
12750.0,SRINAGAR RTO,JK01F7673,17-Aug-02,MPV,Commercial,Bus,Stage Carriage Permit,MEDIUM BUSES,22-May-04,22-Aug-18,21-Aug-19,OUTSKIRTS OF SRINAGAR CITY,,Parimpora,Budgam,Bypass,Express Service,2002-2003,2004-2005,DIESEL,,
12751.0,SRINAGAR RTO,JK01F7765,21-Aug-02,MPV,Commercial,Bus,Stage Carriage Permit,MINI BUSES FOR URBAN ROUTES,29-Aug-02,28-Aug-20,27-Aug-22,WESTERN AREA OF SGR ROTATION BASIS,,Parimpora,Panthachowk,Tengpora,Ordinary Service,2002-2003,2002-2003,DIESEL,,
12752.0,SRINAGAR RTO,JK01F7825,22-Aug-02,MPV,Commercial,Bus,Stage Carriage Permit,MEDIUM BUSES,25-Sep-02,25-Sep-19,24-Sep-24,WESTERN AREA OF SRINAGAR CITY,,Parimpora ,Jehangir Chowk,Rangrath,Ordinary Service,2002-2003,2002-2003,DIESEL,,
12753.0,SRINAGAR RTO,JK01F7826,22-Aug-02,MPV,Commercial,Bus,Stage Carriage Permit,MEDIUM BUSES,07-Sep-02,07-Sep-18,06-Sep-19,EASTERN AREA OF SGR ROTATION BASIS,,Qamarwari,Dalgate,Bohrikadal,Express Service,2002-2003,2002-2003,DIESEL,,
12754.0,SRINAGAR RTO,JK01F7827,22-Aug-02,MPV,Commercial,Bus,Stage Carriage Permit,MEDIUM BUSES,27-Aug-02,26-Aug-19,26-Aug-20,OUTSKIRTS OF SRINAGAR CITY,,Batamallo,Panthachok,Hyderpora,Ordinary Service,2002-2003,2002-2003,DIESEL,,
12755.0,SRINAGAR RTO,JK01F8211,05-Sep-02,MPV,Commercial,Bus,Stage Carriage Permit,MEDIUM BUSES,16-May-89,16-May-20,15-May-24,WESTERN AREA OF SRINAGAR CITY,,Soura,Jehangir Chowk,Qamarwari,Express Service,2002-2003,1989-1990,DIESEL,,
12756.0,SRINAGAR RTO,JK01F8323,10-Sep-02,MPV,Commercial,Bus,Stage Carriage Permit,MEDIUM BUSES,19-Sep-02,19-Sep-18,18-Sep-19,OUTSKIRTS OF SRINAGAR CITY,,Lalbazar ,LD,Dalgate,Express Service,2002-2003,2002-2003,DIESEL,,
12757.0,SRINAGAR RTO,JK01F8324,10-Sep-02,MPV,Commercial,Bus,Stage Carriage Permit,MEDIUM BUSES,19-Sep-02,19-Sep-20,18-Sep-22,OUTSKIRTS OF SRINAGAR CITY,,Lalbazar ,LD,Dalgate,Express Service,2002-2003,2002-2003,DIESEL,,
12758.0,SRINAGAR RTO,JK01F8354,11-Sep-02,MPV,Commercial,Bus,Stage Carriage Permit,MEDIUM BUSES,14-Sep-02,14-Sep-18,13-Sep-19,OUTSKIRTS OF SRINAGAR CITY,,Lalbazar ,LD,Dalgate,Ordinary Service,2002-2003,2002-2003,DIESEL,,
12759.0,SRINAGAR RTO,JK01F8832,09-Oct-02,MPV,Commercial,Bus,Stage Carriage Permit,MINI BUSES FOR URBAN ROUTES,28-Oct-02,28-Oct-20,27-Oct-22,,,JVC,BATWARA,LAL CHOWK,Ordinary Service,2002-2003,2002-2003,DIESEL,,
12760.0,SRINAGAR RTO,JK01F8985,18-Oct-02,MPV,Commercial,Bus,Stage Carriage Permit,MEDIUM BUSES,08-Apr-85,08-May-22,07-May-24,EASTERN AREA OF SGR ROTATION BASIS,,Narbal,Jehangir Chowk,Qamarwari,Express Service,2002-2003,1985-1986,DIESEL,,
12761.0,SRINAGAR RTO,JK01F8997,19-Oct-02,MPV,Commercial,Bus,Stage Carriage Permit,MINI BUSES FOR URBAN ROUTES,25-Oct-02,25-Oct-22,24-Oct-27,,,QAMARWARI,DALGATE,BATMALOO,Ordinary Service,2002-2003,2002-2003,DIESEL,,
12762.0,SRINAGAR RTO,JK01F9402,06-Nov-02,MPV,Commercial,Bus,Stage Carriage Permit,MINI BUSES FOR RURAL ROUTES,02-Dec-96,01-Dec-22,30-Nov-27,EASTERN AREA OF SGR ROTATION BASIS,,Batamallo,Panthachowk,Tengpora,Ordinary Service,2002-2003,1996-1997,DIESEL,,
12763.0,SRINAGAR RTO,JK01F9406,06-Nov-02,MPV,Commercial,Bus,Stage Carriage Permit,MINI BUSES FOR URBAN ROUTES,18-Jun-07,01-Dec-19,01-Dec-20,EASTERN AREA OF SGR ROTATION BASIS,,Batamallo,Panthachowk,Tengpora,,2002-2003,2007-2008,DIESEL,,
12764.0,SRINAGAR RTO,JK01F9443,08-Nov-02,MPV,Commercial,Bus,Stage Carriage Permit,MINI BUSES FOR URBAN ROUTES,12-Dec-02,12-Dec-20,11-Dec-22,EASTERN AREA OF SGR ROTATION BASIS,,Batamallo,Panthachowk,Tengpora,,2002-2003,2002-2003,DIESEL,,
12765.0,SRINAGAR RTO,JK01F9547,14-Nov-02,LPV,Commercial,Bus,Stage Carriage Permit,MINI BUSES FOR URBAN ROUTES,24-Oct-96,20-May-19,20-May-20,WESTERN AREA OF SRINAGAR CITY,,SafaKadal ,Jehangir Chowk,SMHS,,2002-2003,1996-1997,DIESEL,,
12766.0,SRINAGAR RTO,JK01F9844,16-Dec-02,MPV,Commercial,Bus,Stage Carriage Permit,MEDIUM BUSES,17-Feb-04,17-Feb-19,16-Feb-20,OUTSKIRTS OF SRINAGAR CITY,,Parimpora,Chadora,Bypass,Ordinary Service,2002-2003,2003-2004,DIESEL,,
12767.0,SRINAGAR RTO,JK01G0182,10-Mar-03,MPV,Commercial,Bus,Stage Carriage Permit,MINI BUSES FOR URBAN ROUTES,08-Dec-03,08-Dec-22,07-Dec-23,OUTSKIRTS OF SRINAGAR CITY,,Parimpora,Rangrath,Bypass,Ordinary Service,2002-2003,2003-2004,DIESEL,,
12768.0,SRINAGAR RTO,JK01G0206,11-Mar-03,MPV,Commercial,Bus,Stage Carriage Permit,MINI BUSES FOR RURAL ROUTES,24-May-04,24-May-23,23-May-28,EASTERN AREA OF SGR ROTATION BASIS,,LD,Panthachowk,Dalgate,Ordinary Service,2002-2003,2004-2005,DIESEL,,
12770.0,SRINAGAR RTO,JK01G1016,24-Apr-03,MPV,Commercial,Bus,Stage Carriage Permit,MEDIUM BUSES,26-Feb-96,26-Feb-20,26-Feb-21,EASTERN AREA OF SGR ROTATION BASIS,,LD,Panthachowk,Dalgate,Ordinary Service,2003-2004,1995-1996,DIESEL,,
12771.0,SRINAGAR RTO,JK01G1374,01-May-03,MPV,Commercial,Bus,Stage Carriage Permit,MEDIUM BUSES,25-Apr-02,25-Jul-18,24-Jul-19,WESTERN AREA OF SRINAGAR CITY,,"Hazratbal, Lalbazar",Parimpora,Rajiakadal,Express Service,2003-2004,2002-2003,DIESEL,,
12772.0,SRINAGAR RTO,JK01G1541,05-May-03,MPV,Commercial,Bus,Stage Carriage Permit,MINI BUSES FOR URBAN ROUTES,15-Oct-99,14-Nov-19,14-Nov-20,EASTERN AREA OF SGR ROTATION BASIS,,LD,Panthachowk,Dalgate,Ordinary Service,2003-2004,1999-2000,DIESEL,,
12773.0,SRINAGAR RTO,JK01G1799,10-May-03,MPV,Commercial,Bus,Stage Carriage Permit,MINI BUSES FOR URBAN ROUTES,19-Feb-04,18-Feb-20,18-Feb-21,,,HAZRATBAL,BONE JOINT HOSPITAL BARZALLA,"ABDULLAH BRIDGE,LD HOSPITAL",Ordinary Service,2003-2004,2003-2004,DIESEL,,
12776.0,SRINAGAR RTO,JK01G2839,05-Jun-03,MPV,Commercial,Bus,Stage Carriage Permit,MEDIUM BUSES,05-May-89,10-May-20,09-May-23,EASTERN AREA OF SGR ROTATION BASIS,,Hazratbal,LD,Rainawara,Ordinary Service,2003-2004,1989-1990,DIESEL,,
12779.0,SRINAGAR RTO,JK01G3847,01-Jul-03,MPV,Commercial,Bus,Stage Carriage Permit,MINI BUSES FOR RURAL ROUTES,10-Jun-97,10-Jun-16,09-Jun-20,EASTERN AREA OF SGR ROTATION BASIS,,Hazratbal,LD,Rainawara,Ordinary Service,2003-2004,1997-1998,DIESEL,,
12780.0,SRINAGAR RTO,JK01G4161,10-Jul-03,MPV,Commercial,Bus,Stage Carriage Permit,MINI BUSES FOR URBAN ROUTES,15-Apr-03,14-Apr-19,13-Apr-20,EASTERN AREA OF SGR ROTATION BASIS,,Batamallo,Panthachowk,Tengpora,Ordinary Service,2003-2004,2003-2004,DIESEL,,
12782.0,SRINAGAR RTO,JK01G4375,18-Jul-03,MPV,Commercial,Bus,Stage Carriage Permit,MINI BUSES FOR URBAN ROUTES,19-Dec-96,18-Dec-19,18-Dec-20,EASTERN AREA OF SGR ROTATION BASIS,,Batamallo,Panthachowk,Tengpora,,2003-2004,1996-1997,DIESEL,,
12783.0,SRINAGAR RTO,JK01G4803,05-Aug-03,MPV,Commercial,Bus,Stage Carriage Permit,MINI BUSES FOR RURAL ROUTES,17-Apr-92,16-Apr-25,15-Apr-30,WESTERN AREA OF SGR ROTATION BASIS,,Parimpora,Chadora,Jehangir Chowk,,2003-2004,1992-1993,DIESEL,,
12784.0,SRINAGAR RTO,JK01G4804,05-Aug-03,MPV,Commercial,Bus,Stage Carriage Permit,MEDIUM BUSES,09-Dec-96,10-Dec-20,09-Dec-22,EASTERN AREA OF SGR ROTATION BASIS,,Parimpora,Panthachowk,Dalgate,Ordinary Service,2003-2004,1996-1997,DIESEL,,
12785.0,SRINAGAR RTO,JK01G5015,14-Aug-03,MPV,Commercial,Bus,Stage Carriage Permit,MINI BUSES FOR RURAL ROUTES,24-Sep-04,21-Jun-17,20-Apr-19,EASTERN AREA OF SGR ROTATION BASIS,,Panthachowk,LD,Dalgate,Ordinary Service,2003-2004,2004-2005,DIESEL,,
12786.0,SRINAGAR RTO,JK01G5150,18-Aug-03,MPV,Commercial,Bus,Stage Carriage Permit,MEDIUM BUSES,18-Nov-96,18-Nov-25,17-Nov-30,EASTERN AREA OF SGR ROTATION BASIS,,Panthachowk,LD,Dalgate,Ordinary Service,2003-2004,1996-1997,DIESEL,,
12787.0,SRINAGAR RTO,JK01G5227,22-Aug-03,MPV,Commercial,Bus,Stage Carriage Permit,MINI BUSES FOR RURAL ROUTES,29-Aug-03,28-Aug-20,27-Aug-22,ALL ROUTES OF UT J&K,,GBS,LAL CHOWK,NALLAMAR ROAD,Ordinary Service,2003-2004,2003-2004,DIESEL,,
12789.0,SRINAGAR RTO,JK01G6087,18-Sep-03,MPV,Commercial,Bus,Stage Carriage Permit,MEDIUM BUSES,09-May-03,09-May-19,08-May-20,EASTERN AREA OF SGR ROTATION BASIS,,Parimpora,Panthachowk,Dalgate,Express Service,2003-2004,2003-2004,DIESEL,,
12790.0,SRINAGAR RTO,JK01G6276,26-Sep-03,MPV,Commercial,Bus,Stage Carriage Permit,MEDIUM BUSES,06-Jun-89,06-Jun-21,05-Jun-22,WESTERN AREA OF SRINAGAR CITY,,Parimpora,Jawahairnagar,LD,Ordinary Service,2003-2004,1989-1990,DIESEL,,
12792.0,SRINAGAR RTO,JK01G6642,15-Oct-03,LPV,Commercial,Bus,Stage Carriage Permit,MINI BUSES FOR URBAN ROUTES,01-Jan-93,02-Jan-21,01-Jan-23,WESTERN AREA OF SGR ROTATION BASIS,,Qamarwari,Dalgate,Khanyar,Ordinary Service,2003-2004,1992-1993,DIESEL,,
12793.0,SRINAGAR RTO,JK01G6789,24-Oct-03,MPV,Commercial,Bus,Stage Carriage Permit,MINI BUSES FOR URBAN ROUTES,07-Mar-91,06-Mar-18,06-Mar-21,EASTERN AREA OF SGR ROTATION BASIS,,Parimpora,Jawahairnagar,LD,,2003-2004,1990-1991,DIESEL,,
12794.0,SRINAGAR RTO,JK01G7406,12-Nov-03,MPV,Commercial,Bus,Stage Carriage Permit,MINI BUSES FOR URBAN ROUTES,16-Mar-92,16-Mar-23,15-Mar-28,WESTERN AREA OF SRINAGAR CITY,,QAMARWARI,BAGHI MEHTAB,"EXB CROSSING,",Ordinary Service,2003-2004,1991-1992,DIESEL,,
12795.0,SRINAGAR RTO,JK01G7826,08-Dec-03,MPV,Commercial,Bus,Stage Carriage Permit,MINI BUSES FOR URBAN ROUTES,18-Dec-03,17-Dec-19,17-Dec-20,EASTERN AREA OF SGR ROTATION BASIS,,Lalbazar ,LD,Dalgate,Ordinary Service,2003-2004,2003-2004,DIESEL,,
12796.0,SRINAGAR RTO,JK01G7848,09-Dec-03,MPV,Commercial,Bus,Stage Carriage Permit,MEDIUM BUSES,06-Oct-97,06-Oct-19,06-Oct-20,EASTERN AREA OF SGR ROTATION BASIS,,Lalbazar ,LD,Dalgate,Ordinary Service,2003-2004,1997-1998,DIESEL,,
12797.0,SRINAGAR RTO,JK01G8244,09-Jan-04,MPV,Commercial,Bus,Stage Carriage Permit,MEDIUM BUSES,02-Jul-03,02-Jul-18,01-Jul-19,EASTERN AREA OF SGR ROTATION BASIS,,Lalbazar ,LD,Dalgate,Express Service,2003-2004,2003-2004,DIESEL,,
12799.0,SRINAGAR RTO,JK01G8350,14-Jan-04,MPV,Commercial,Bus,Stage Carriage Permit,MINI BUSES FOR URBAN ROUTES,01-Dec-06,01-Dec-19,30-Nov-20,EASTERN AREA OF SGR ROTATION BASIS,,Hazratbal,LD,Rainawara,Ordinary Service,2003-2004,2006-2007,DIESEL,,
12800.0,SRINAGAR RTO,JK01G8559,09-Feb-04,MPV,Commercial,Bus,Stage Carriage Permit,MINI BUSES FOR URBAN ROUTES,23-May-89,23-May-20,22-May-22,WESTERN AREA OF SRINAGAR CITY,,Jehangir Chowk,Bemina,Batamallo,,2003-2004,1989-1990,DIESEL,,
12801.0,SRINAGAR RTO,JK01G8598,17-Feb-04,MPV,Commercial,Bus,Stage Carriage Permit,MEDIUM BUSES,03-May-97,03-May-19,02-May-20,EASTERN AREA OF SGR ROTATION BASIS,,Hazratbal,LD,Rainawara,Express Service,2003-2004,1997-1998,DIESEL,,
12803.0,SRINAGAR RTO,JK01G9077,08-Mar-04,MPV,Commercial,Bus,Stage Carriage Permit,MINI BUSES FOR URBAN ROUTES,28-Jun-01,28-Jun-20,27-Jun-21,WESTERN AREA OF SRINAGAR CITY,,Parimpora,Jawahirnagar,LD,,2003-2004,2001-2002,DIESEL,,
12804.0,SRINAGAR RTO,JK01G9332,23-Mar-04,MPV,Commercial,Bus,Stage Carriage Permit,MEDIUM BUSES,27-Feb-99,26-Feb-21,25-Feb-22,EASTERN AREA OF SGR ROTATION BASIS,,Hazratbal,LD,Rainawara,Express Service,2003-2004,1998-1999,DIESEL,,
12805.0,SRINAGAR RTO,JK01G9477,24-Mar-04,MPV,Commercial,Bus,Stage Carriage Permit,MEDIUM BUSES,27-Aug-96,27-Aug-18,26-Aug-19,EASTERN AREA OF SGR ROTATION BASIS,,Hazratbal,LD,Rainawara,Ordinary Service,2003-2004,1996-1997,DIESEL,,
12806.0,SRINAGAR RTO,JK01G9525,29-Mar-04,MPV,Commercial,Bus,Stage Carriage Permit,MEDIUM BUSES,02-Jun-99,02-Jun-16,01-Jun-17,EASTERN AREA OF SGR ROTATION BASIS,,Hazratbal,LD,Rainawara,Ordinary Service,2003-2004,1999-2000,DIESEL,,
12807.0,SRINAGAR RTO,JK01G9549,01-Apr-04,MPV,Commercial,Bus,Stage Carriage Permit,MEDIUM BUSES,24-Jun-89,24-Jun-19,23-Jun-20,WESTERN AREA OF SRINAGAR CITY,,Parimpora,Jawahirnagar,LD,Express Service,2004-2005,1989-1990,DIESEL,,
12808.0,SRINAGAR RTO,JK01G9573,05-Apr-04,MPV,Commercial,Bus,Stage Carriage Permit,MINI BUSES FOR URBAN ROUTES,04-Jan-81,04-Nov-20,03-Nov-22,WESTERN AREA OF SRINAGAR CITY,,Jehangir Chowk,Bemina,Batamallo,,2004-2005,1980-1981,DIESEL,,
12809.0,SRINAGAR RTO,JK01G9574,05-Apr-04,MPV,Commercial,Bus,Stage Carriage Permit,MINI BUSES FOR URBAN ROUTES,11-May-92,11-May-21,10-May-22,EASTERN AREA OF SGR ROTATION BASIS,,Batamallo,Panthachowk,Tengpora,,2004-2005,1992-1993,DIESEL,,
12810.0,SRINAGAR RTO,JK01G9587,06-Apr-04,MPV,Commercial,Bus,Stage Carriage Permit,MEDIUM BUSES,10-May-89,10-May-20,09-May-23,WESTERN AREA OF SRINAGAR CITY,,SafaKadal ,Jehangir Chowk,SMHS,Goods Service,2004-2005,1989-1990,DIESEL,,
12812.0,SRINAGAR RTO,JK01H0017,06-May-04,MPV,Commercial,Bus,Stage Carriage Permit,MEDIUM BUSES,14-Apr-99,14-Apr-19,13-Apr-20,EASTERN AREA OF SGR ROTATION BASIS,,Batamallo,Panthachowk,Tengpora,Express Service,2004-2005,1999-2000,DIESEL,,
12813.0,SRINAGAR RTO,JK01H0113,06-May-04,LPV,Commercial,Bus,Stage Carriage Permit,MINI BUSES FOR URBAN ROUTES,10-Oct-73,01-Apr-23,31-Mar-28,WESTERN AREA OF SRINAGAR CITY,,Parimpora,Jawahirnagar,LD,,2004-2005,1973-1974,DIESEL,,
12814.0,SRINAGAR RTO,JK01H0161,06-May-04,MPV,Commercial,Omni Bus,Stage Carriage Permit,MEDIUM BUSES,23-Apr-97,23-Apr-17,22-Apr-18,EASTERN AREA OF SGR ROTATION BASIS,,Parimpora,Panthachowk,Dalgate,Express Service,2004-2005,1997-1998,DIESEL,,
12815.0,SRINAGAR RTO,JK01H0211,10-May-04,MPV,Commercial,Bus,Stage Carriage Permit,MEDIUM BUSES,17-Mar-99,16-Mar-21,15-Mar-26,EASTERN AREA OF SGR ROTATION BASIS,,Hazratbal,LD,Rainawara,Express Service,2004-2005,1998-1999,DIESEL,,
12816.0,SRINAGAR RTO,JK01H0437,12-May-04,MPV,Commercial,Bus,Stage Carriage Permit,MEDIUM BUSES,16-Jun-98,16-Jun-19,15-Jun-20,EASTERN AREA OF SGR ROTATION BASIS,,Hazratbal,LD,Rainawara,Express Service,2004-2005,1998-1999,DIESEL,,
12817.0,SRINAGAR RTO,JK01H1142,25-May-05,MPV,Commercial,Bus,Stage Carriage Permit,MINI BUSES FOR URBAN ROUTES,03-May-97,02-May-19,01-May-20,EASTERN AREA OF SGR ROTATION BASIS,,Batamallo,Panthachowk,Tengpora,Ordinary Service,2005-2006,1997-1998,DIESEL,,
12818.0,SRINAGAR RTO,JK01H1315,29-May-04,MPV,Commercial,Bus,Stage Carriage Permit,MEDIUM BUSES,10-Jun-98,10-Jun-19,09-Jun-20,EASTERN AREA OF SGR ROTATION BASIS,,Hazratbal,LD,Rainawara,Express Service,2004-2005,1998-1999,DIESEL,,
12822.0,SRINAGAR RTO,JK01H2560,29-Jun-04,MPV,Commercial,Bus,Stage Carriage Permit,MEDIUM BUSES,23-May-89,23-May-25,22-May-30,WESTERN AREA OF SRINAGAR CITY,,Jehangir Chowk,HMT,Parimpora,,2004-2005,1989-1990,DIESEL,,
12823.0,SRINAGAR RTO,JK01H2561,29-Jun-04,MPV,Commercial,Bus,Stage Carriage Permit,MEDIUM BUSES,21-Mar-89,07-Dec-20,06-Dec-25,WESTERN AREA OF SRINAGAR CITY,,Qamarwari,Dalgate,Khanyar,Ordinary Service,2004-2005,1988-1989,DIESEL,,
12825.0,SRINAGAR RTO,JK01H4575,31-Aug-04,MPV,Commercial,Bus,Stage Carriage Permit,MEDIUM BUSES,19-Jul-04,19-Jul-18,18-Jul-20,EASTERN AREA OF SGR ROTATION BASIS,,Lalbazar ,Lalchowk,LD,Express Service,2004-2005,2004-2005,DIESEL,,
12829.0,SRINAGAR RTO,JK01H5299,29-Sep-04,MPV,Commercial,Bus,Stage Carriage Permit,MEDIUM BUSES,29-Apr-93,29-Apr-18,28-Apr-19,WESTERN AREA OF SRINAGAR CITY,,Soura,Parimpora,Sakidafar,Express Service,2004-2005,1993-1994,DIESEL,,
12830.0,SRINAGAR RTO,JK01H5700,11-Oct-04,MPV,Commercial,Bus,Stage Carriage Permit,MEDIUM BUSES,10-Jul-97,09-Jul-18,09-Jul-19,EASTERN AREA OF SGR ROTATION BASIS,,Parimpora,Panthachowk,Batwara,Ordinary Service,2004-2005,1997-1998,DIESEL,,
12831.0,SRINAGAR RTO,JK01H5963,25-Oct-04,MPV,Commercial,Bus,Stage Carriage Permit,MEDIUM BUSES,08-Feb-92,07-Feb-21,06-Feb-23,EASTERN AREA OF SGR ROTATION BASIS,,Hazratbal,LD,Rainawara,Ordinary Service,2004-2005,1991-1992,DIESEL,,
12833.0,SRINAGAR RTO,JK01H6032,28-Oct-04,MPV,Commercial,Bus,Stage Carriage Permit,MINI BUSES FOR RURAL ROUTES,02-Nov-04,02-Nov-25,01-Nov-30,WITHIN SRINAGAR CITY,,CHANAPORA,SOURA,"RAMBAGH, EXCROSSING, BUND , SRTC, NEW BRIDGE, KHAYA, RAJOURI KADAL",Ordinary Service,2004-2005,2004-2005,DIESEL,,
12836.0,SRINAGAR RTO,JK01H6381,03-Nov-04,MPV,Commercial,Bus,Stage Carriage Permit,MEDIUM BUSES,22-Nov-04,27-Aug-20,26-Aug-23,WESTERN AREA OF SGR ROTATION BASIS,,Parimpora ,Humhama,Jehangir Chowk,,2004-2005,2004-2005,DIESEL,,
12838.0,SRINAGAR RTO,JK01H6711,10-Nov-04,MPV,Commercial,Bus,Stage Carriage Permit,MEDIUM BUSES,12-Apr-99,11-Apr-19,11-Apr-20,EASTERN AREA OF SGR ROTATION BASIS,,"Hazratbal, Lalbazar",Parimpora,Rajiakadal,Ordinary Service,2004-2005,1999-2000,DIESEL,,
12839.0,SRINAGAR RTO,JK01H6797,19-Nov-04,MPV,Commercial,Bus,Stage Carriage Permit,MEDIUM BUSES,18-Feb-97,18-Feb-19,17-Feb-20,EASTERN AREA OF SGR ROTATION BASIS,,Batamallo,Panthachowk,Tengpora,Ordinary Service,2004-2005,1996-1997,DIESEL,,
12841.0,SRINAGAR RTO,JK01H6889,29-Nov-04,MPV,Commercial,Bus,Stage Carriage Permit,MEDIUM BUSES,16-Jun-98,16-Jun-18,15-Jun-19,EASTERN AREA OF SGR ROTATION BASIS,,Parimpora,Panthachowk,Batwara,Express Service,2004-2005,1998-1999,DIESEL,,
12842.0,SRINAGAR RTO,JK01H6891,29-Nov-04,MPV,Commercial,Bus,Stage Carriage Permit,MINI BUSES FOR URBAN ROUTES,06-Jun-89,05-Jun-15,04-Jun-20,WESTERN AREA OF SRINAGAR CITY,,SafaKadal ,Jehangir Chowk,Karanangar,Ordinary Service,2004-2005,1989-1990,DIESEL,,
12845.0,SRINAGAR RTO,JK01H7217,11-Dec-04,MPV,Commercial,Bus,Stage Carriage Permit,MINI BUSES FOR RURAL ROUTES,28-Dec-04,28-Dec-24,27-Dec-29,EASTERN AREA OF SGR ROTATION BASIS,,SOURA,GANDERBAL,BUCHPORA,,2004-2005,2004-2005,DIESEL,,
12846.0,SRINAGAR RTO,JK01H7905,29-Jan-05,MPV,Commercial,Bus,Stage Carriage Permit,MINI BUSES FOR URBAN ROUTES,26-May-92,26-May-20,25-May-22,WESTERN AREA OF SRINAGAR CITY,,Jehangir Chowk,Budgam,Khumani Chowk,Ordinary Service,2004-2005,1992-1993,DIESEL,,
12847.0,SRINAGAR RTO,JK01H7911,29-Jan-05,MPV,Commercial,Bus,Stage Carriage Permit,MEDIUM BUSES,31-Mar-89,31-Mar-18,30-Mar-19,WESTERN AREA OF SRINAGAR CITY,,Jehangir Chowk,HMT,Parimpora,Express Service,2004-2005,1988-1989,DIESEL,,
12848.0,SRINAGAR RTO,JK01H7949,31-Jan-05,MPV,Commercial,Bus,Stage Carriage Permit,MEDIUM BUSES,10-May-88,10-May-19,09-May-20,WESTERN AREA OF SRINAGAR CITY,,Jehangir Chowk,Budgam,Khumani Chowk,Express Service,2004-2005,1988-1989,DIESEL,,
12850.0,SRINAGAR RTO,JK01H8573,01-Apr-05,MPV,Commercial,Bus,Stage Carriage Permit,MEDIUM BUSES,05-May-03,05-May-19,04-May-20,WESTERN AREA OF SRINAGAR CITY,,Soura,Jehangir Chowk,SMHS,Express Service,2005-2006,2003-2004,DIESEL,,
12851.0,SRINAGAR RTO,JK01H8601,01-Apr-05,MPV,Commercial,Bus,Stage Carriage Permit,MEDIUM BUSES,02-Jan-99,02-Jan-19,01-Jan-24,EASTERN AREA OF SGR ROTATION BASIS,,Hazratbal,LD,Rainawara,Ordinary Service,2005-2006,1998-1999,DIESEL,,
12852.0,SRINAGAR RTO,JK01H9035,23-Apr-05,MPV,Commercial,Bus,Stage Carriage Permit,MEDIUM BUSES,03-Aug-00,03-Aug-19,02-Aug-20,EASTERN AREA OF SGR ROTATION BASIS,,Parimpora,Panthachowk,Dalgate,Ordinary Service,2005-2006,2000-2001,DIESEL,,
12853.0,SRINAGAR RTO,JK01H9113,25-Apr-05,MPV,Commercial,Bus,Stage Carriage Permit,MEDIUM BUSES,27-Jun-00,27-Jun-20,26-Jun-22,EASTERN AREA OF SGR ROTATION BASIS,,Hazratbal,LD,Rainawara,Express Service,2005-2006,2000-2001,DIESEL,,
12859.0,SRINAGAR RTO,JK01H9327,02-May-05,MPV,Commercial,Bus,Stage Carriage Permit,MEDIUM BUSES,17-Apr-92,17-Apr-25,16-Apr-30,EASTERN AREA OF SGR ROTATION BASIS,,"Hazratbal, Lalbazar",Parimpora,Rajiakadal,Town/City Service,2005-2006,1992-1993,DIESEL,,
12860.0,SRINAGAR RTO,JK01H9474,05-May-05,MPV,Commercial,Omni Bus,Stage Carriage Permit,MINI BUSES FOR URBAN ROUTES,21-Nov-96,21-Oct-18,20-Oct-23,EASTERN AREA OF SGR ROTATION BASIS,,LD,Pampore,Dalgate,,2005-2006,1996-1997,DIESEL,,
12861.0,SRINAGAR RTO,JK01H9480,05-May-05,MPV,Commercial,Omni Bus,Stage Carriage Permit,MEDIUM BUSES,07-Jul-00,06-Jul-15,06-Jul-19,EASTERN AREA OF SGR ROTATION BASIS,,BATMALOO,DALGATE,EASTERN AREA OF SRINAGAR CITY,Ordinary Service,2005-2006,2000-2001,DIESEL,,
12862.0,SRINAGAR RTO,JK01H9482,06-May-05,MPV,Commercial,Bus,Stage Carriage Permit,MEDIUM BUSES,25-Apr-00,24-Apr-19,24-Apr-20,EASTERN AREA OF SGR ROTATION BASIS,,"Hazratbal, Lalbazar",Parimpora,Rajiakadal,Ordinary Service,2005-2006,2000-2001,DIESEL,,
12863.0,SRINAGAR RTO,JK01H9627,09-May-05,MPV,Commercial,Omni Bus,Stage Carriage Permit,MEDIUM BUSES,06-Oct-97,06-Oct-19,06-Oct-20,WESTERN AREA OF SGR ROTATION BASIS,,Parimpora,Panthachowk,Batwara,Ordinary Service,2005-2006,1997-1998,DIESEL,,
12866.0,SRINAGAR RTO,JK01J0012,26-Feb-05,LPV,Commercial,Bus,Stage Carriage Permit,MEDIUM BUSES,26-Apr-96,17-Jun-16,17-Jun-17,EASTERN AREA OF SGR ROTATION BASIS,,Lalbazar ,Lalchowk,LD,Ordinary Service,2004-2005,1996-1997,DIESEL,,
12869.0,SRINAGAR RTO,JK01J2108,22-Jul-05,MPV,Commercial,Bus,Stage Carriage Permit,MEDIUM BUSES,01-Sep-88,01-Sep-19,31-Aug-20,EASTERN AREA OF SGR ROTATION BASIS,,SafaKadal ,Jehangir Chowk,Karanangar,Express Service,2005-2006,1988-1989,DIESEL,,
12870.0,SRINAGAR RTO,JK01J2528,04-Jul-05,MPV,Commercial,Bus,Stage Carriage Permit,MEDIUM BUSES,03-Oct-98,02-Oct-19,02-Oct-20,WESTERN AREA OF SGR ROTATION BASIS,,Jehangir Chowk,Budgam,Khumani Chowk,Ordinary Service,2005-2006,1998-1999,DIESEL,,
12871.0,SRINAGAR RTO,JK01J2601,05-Aug-05,LPV,Commercial,Bus,Stage Carriage Permit,MEDIUM BUSES,18-Jan-92,18-Jan-17,17-Dec-18,EASTERN AREA OF SGR ROTATION BASIS,,Parimpora,Panthachowk,Dalgate,Express Service,2005-2006,1991-1992,DIESEL/HYBRID,,
12872.0,SRINAGAR RTO,JK01J2940,19-Aug-05,MPV,Commercial,Bus,Stage Carriage Permit,MINI BUSES FOR URBAN ROUTES,31-Oct-00,06-Jan-23,05-Jan-28,EASTERN AREA OF SGR ROTATION BASIS,,SafaKadal ,Jehangir Chowk,Karanangar,Ordinary Service,2005-2006,2000-2001,DIESEL,,
12873.0,SRINAGAR RTO,JK01J3159,30-Aug-05,LPV,Commercial,Bus,Stage Carriage Permit,MINI BUSES FOR RURAL ROUTES,28-May-05,02-May-20,01-May-25,EASTERN AREA OF SGR ROTATION BASIS,,Hazratbal,LD,Rainawara,Ordinary Service,2005-2006,2005-2006,DIESEL,,
12875.0,SRINAGAR RTO,JK01J5531,07-Dec-05,MPV,Commercial,Bus,Stage Carriage Permit,MEDIUM BUSES,10-Jun-93,10-Jun-19,09-Jun-20,WESTERN AREA OF SRINAGAR CITY,,HMT,Jehangir Chowk,Batamallo,Express Service,2005-2006,1993-1994,DIESEL,,
12876.0,SRINAGAR RTO,JK01J5532,07-Dec-05,MPV,Commercial,Bus,Stage Carriage Permit,MINI BUSES FOR RURAL ROUTES,28-Apr-05,29-Apr-25,28-Apr-30,WITHIN SRINAGAR CITY,,Narbal,Jehangir Chowk,Qamarwari,,2005-2006,2005-2006,DIESEL,,
12878.0,SRINAGAR RTO,JK01J5569,07-Dec-05,MPV,Commercial,Bus,Stage Carriage Permit,MEDIUM BUSES,03-Jun-98,03-Jun-19,02-Jun-24,WESTERN AREA OF SRINAGAR CITY,,Hazratbal,LD,Rainawara,Express Service,2005-2006,1998-1999,DIESEL,,
12879.0,SRINAGAR RTO,JK01J5865,24-Dec-05,LPV,Commercial,Bus,Stage Carriage Permit,MEDIUM BUSES,23-May-00,22-May-19,22-May-20,EASTERN AREA OF SGR ROTATION BASIS,,Hazratbal,LD,Rainawara,Express Service,2005-2006,2000-2001,DIESEL,,
12880.0,SRINAGAR RTO,JK01J6015,03-Jan-06,MPV,Commercial,Omni Bus,Stage Carriage Permit,MEDIUM BUSES,11-Apr-91,11-Apr-17,10-Apr-19,EASTERN AREA OF SGR ROTATION BASIS,,Batamallo,Panthachowk,Tengpora,Ordinary Service,2005-2006,1991-1992,DIESEL,,
12882.0,SRINAGAR RTO,JK01J6711,28-Feb-06,MPV,Commercial,Bus,Stage Carriage Permit,MEDIUM BUSES,15-Jun-89,14-Jun-18,13-Jun-19,WESTERN AREA OF SRINAGAR CITY,,Jehangir Chowk,JVC,Bemina,Ordinary Service,2005-2006,1989-1990,DIESEL,,
12887.0,SRINAGAR RTO,JK01J7136,20-Mar-06,MPV,Commercial,Bus,Stage Carriage Permit,MEDIUM BUSES,14-Jun-00,13-Jun-22,12-Jun-27,EASTERN AREA OF SGR ROTATION BASIS,,Jehangir Chowk,Bemina,Batamallo,Ordinary Service,2005-2006,2000-2001,DIESEL,,
12888.0,SRINAGAR RTO,JK01J7244,25-Mar-06,MPV,Commercial,Omni Bus,Stage Carriage Permit,MEDIUM BUSES,02-Dec-96,02-Dec-17,01-Dec-18,EASTERN AREA OF SGR ROTATION BASIS,,Hazratbal,LD,Rainawara,Express Service,2005-2006,1996-1997,DIESEL,,
12889.0,SRINAGAR RTO,JK01J7251,25-Mar-06,MPV,Commercial,Omni Bus,Stage Carriage Permit,MEDIUM BUSES,06-Jun-94,06-Jun-22,05-Jun-24,EASTERN AREA OF SGR ROTATION BASIS,,"Hazratbal, Lalbazar",Parimpora,Rajiakadal,Ordinary Service,2005-2006,1994-1995,DIESEL,,
12890.0,SRINAGAR RTO,JK01J7271,25-Mar-06,MPV,Commercial,Bus,Stage Carriage Permit,MINI BUSES FOR URBAN ROUTES,09-Sep-99,09-Sep-23,08-Sep-28,EASTERN AREA OF SGR ROTATION BASIS,,LD,Pampore,Dalgate,,2005-2006,1999-2000,DIESEL,,
12891.0,SRINAGAR RTO,JK01J7520,04-Apr-06,MPV,Commercial,Bus,Stage Carriage Permit,MEDIUM BUSES,16-Jun-97,16-Jun-19,15-Jun-20,EASTERN AREA OF SGR ROTATION BASIS,,Hazratbal,LD,Rainawara,Express Service,2006-2007,1997-1998,PETROL,,
12893.0,SRINAGAR RTO,JK01J7529,08-Apr-06,MPV,Commercial,Bus,Stage Carriage Permit,MINI BUSES FOR RURAL ROUTES,17-Mar-05,17-Mar-21,16-Mar-22,WITHIN SRINAGAR CITY,,Parimpora,Jawahirnagar,LD,Ordinary Service,2006-2007,2004-2005,DIESEL,,
12894.0,SRINAGAR RTO,JK01J7678,17-Apr-06,MPV,Commercial,Bus,Stage Carriage Permit,BIG BUSES(HTV),13-Oct-97,13-Oct-20,12-Oct-21,EASTERN AREA OF SGR ROTATION BASIS,,Hazratbal,LD,Rainawara,,2006-2007,1997-1998,DIESEL,,
12895.0,SRINAGAR RTO,JK01J7705,18-Apr-06,MPV,Commercial,Bus,Stage Carriage Permit,MEDIUM BUSES,10-May-89,10-May-22,09-May-24,EASTERN AREA OF SGR ROTATION BASIS,,Jehangir Chowk,Bemina,Batamallo,Ordinary Service,2006-2007,1989-1990,DIESEL,,
12896.0,SRINAGAR RTO,JK01J7707,18-Apr-06,MPV,Commercial,Bus,Stage Carriage Permit,MINI BUSES FOR URBAN ROUTES,20-Apr-83,01-Apr-20,31-Mar-25,EASTERN AREA OF SGR ROTATION BASIS,,Parimpora,Panthachowk,Dalgate,,2006-2007,1983-1984,DIESEL,,
12897.0,SRINAGAR RTO,JK01J7774,18-Apr-06,MPV,Commercial,Bus,Stage Carriage Permit,MEDIUM BUSES,04-Jan-00,09-May-19,09-May-20,EASTERN AREA OF SGR ROTATION BASIS,,Hazratbal,LD,Rainawara,Ordinary Service,2006-2007,1999-2000,DIESEL,,
12898.0,SRINAGAR RTO,JK01J8147,29-Apr-06,MPV,Commercial,Omni Bus,Stage Carriage Permit,MEDIUM BUSES,09-Aug-05,10-Aug-21,09-Aug-22,EASTERN AREA OF SGR ROTATION BASIS,,Soura,Hazratbal,Buchpora,Express Service,2006-2007,2005-2006,DIESEL,,
12899.0,SRINAGAR RTO,JK01J8295,02-May-06,LPV,Commercial,Bus,Stage Carriage Permit,MEDIUM BUSES,15-Jun-89,16-Jun-20,15-Jun-22,WESTERN AREA OF SRINAGAR CITY,,Parimpora,Hazratbal,Qamarwari,Express Service,2006-2007,1989-1990,DIESEL,,
12900.0,SRINAGAR RTO,JK01J8421,06-May-06,MPV,Commercial,Bus,Stage Carriage Permit,MINI BUSES FOR RURAL ROUTES,04-Feb-92,03-Feb-23,02-Feb-28,WESTERN AREA OF SRINAGAR CITY,,Parimpora ,Humhama,Jehangir Chowk,Ordinary Service,2006-2007,1991-1992,DIESEL,,
12902.0,SRINAGAR RTO,JK01J8654,17-May-06,LPV,Commercial,Bus,Stage Carriage Permit,MEDIUM BUSES,10-Jul-81,10-Jul-19,09-Jul-20,WESTERN AREA OF SRINAGAR CITY,,Parimpora ,Humhama,Jehangir Chowk,Ordinary Service,2006-2007,1981-1982,DIESEL,,
12904.0,SRINAGAR RTO,JK01J8881,26-May-06,MPV,Commercial,Bus,Stage Carriage Permit,MINI BUSES FOR RURAL ROUTES,21-Jan-02,21-Jan-20,20-Jan-21,WESTERN AREA OF SGR ROTATION BASIS,,Parimpora ,Humhama,Jehangir Chowk,Ordinary Service,2006-2007,2001-2002,DIESEL,,
12907.0,SRINAGAR RTO,JK01J9559,21-Jun-06,MPV,Commercial,Bus,Stage Carriage Permit,MEDIUM BUSES,18-Jul-01,18-Jul-18,17-Jul-19,WESTERN AREA OF SRINAGAR CITY,,LD ,Parimpora,Jehangir Chowk,Express Service,2006-2007,2001-2002,DIESEL,,
12908.0,SRINAGAR RTO,JK01J9576,21-Jun-06,MPV,Commercial,Bus,Stage Carriage Permit,MINI BUSES FOR URBAN ROUTES,01-Feb-12,30-Mar-20,29-Mar-22,WESTERN AREA OF SRINAGAR CITY,,Parimpora ,Humhama,Jehangir Chowk,Ordinary Service,2006-2007,2011-2012,DIESEL,,
12909.0,SRINAGAR RTO,JK01J9633,23-Jun-06,LPV,Commercial,Bus,Stage Carriage Permit,MEDIUM BUSES,27-Mar-00,27-Mar-20,26-Mar-21,WESTERN AREA OF SRINAGAR CITY,,Jehangir Chowk,Bemina,Batamallo,Express Service,2006-2007,1999-2000,DIESEL,,
12910.0,SRINAGAR RTO,JK01J9847,30-Jun-06,MPV,Commercial,Bus,Stage Carriage Permit,MEDIUM BUSES,24-Jun-99,23-Jun-18,23-Jun-20,WESTERN AREA OF SRINAGAR CITY,,Parimpora,Hazratbal,Qamarwari,Ordinary Service,2006-2007,1999-2000,DIESEL,,
12912.0,SRINAGAR RTO,JK01K0254,07-Jul-06,LPV,Commercial,Bus,Stage Carriage Permit,MEDIUM BUSES,30-Mar-94,29-Apr-14,28-Apr-19,EASTERN AREA OF SGR ROTATION BASIS,,Soura,Dalgate,Lalchowk,Ordinary Service,2006-2007,1993-1994,DIESEL,,
12913.0,SRINAGAR RTO,JK01K0487,11-Jul-06,LPV,Commercial,Bus,Stage Carriage Permit,MINI BUSES FOR URBAN ROUTES,01-Apr-01,01-Apr-25,31-Mar-30,WESTERN AREA OF SRINAGAR CITY,,Soura,Jehangir Chowk,SMHS,,2006-2007,2001-2002,DIESEL,,
12914.0,SRINAGAR RTO,JK01K0603,14-Jul-06,LPV,Commercial,Bus,Stage Carriage Permit,MEDIUM BUSES,09-May-89,09-May-17,09-May-19,WESTERN AREA OF SGR ROTATION BASIS,,Jehangir Chowk,HMT,Parimpora,Ordinary Service,2006-2007,1989-1990,DIESEL,,
12915.0,SRINAGAR RTO,JK01K0887,20-Jul-06,LPV,Commercial,Bus,Stage Carriage Permit,MEDIUM BUSES,01-Jan-93,10-Jan-23,09-Jan-28,EASTERN AREA OF SGR ROTATION BASIS,,Hazratbal,LD,Rainawara,Ordinary Service,2006-2007,1992-1993,DIESEL,,
12917.0,SRINAGAR RTO,JK01K1258,27-Jul-06,MPV,Commercial,Omni Bus,Stage Carriage Permit,MEDIUM BUSES,31-Mar-91,31-Mar-23,30-Mar-28,EASTERN AREA OF SGR ROTATION BASIS,,Hazratbal,LD,Rainawara,,2006-2007,1990-1991,DIESEL,,
12919.0,SRINAGAR RTO,JK01K1929,19-Aug-06,LPV,Commercial,Bus,Stage Carriage Permit,MINI BUSES FOR URBAN ROUTES,26-Aug-97,26-Aug-23,25-Aug-28,WESTERN AREA OF SRINAGAR CITY,,Parimpora ,Humhama,Jehangir Chowk,Express Service,2006-2007,1997-1998,DIESEL,,
12920.0,SRINAGAR RTO,JK01K1932,19-Aug-06,LPV,Commercial,Bus,Stage Carriage Permit,MINI BUSES FOR RURAL ROUTES,12-Jun-01,31-Mar-24,30-Mar-29,EASTERN AREA OF SGR ROTATION BASIS,,Parimpora,Panthachowk,Dalgate,,2006-2007,2001-2002,DIESEL,,
12922.0,SRINAGAR RTO,JK01K2414,09-Sep-06,LPV,Commercial,Bus,Stage Carriage Permit,MINI BUSES FOR RURAL ROUTES,15-May-97,09-May-25,08-May-30,WESTERN AREA OF SRINAGAR CITY,,Soura,Jehangir Chowk,SMHS,,2006-2007,1997-1998,DIESEL,,
12923.0,SRINAGAR RTO,JK01K2545,15-Sep-06,LPV,Commercial,Bus,Stage Carriage Permit,MEDIUM BUSES,01-Jul-07,01-Jul-20,30-Jun-22,WESTERN AREA OF SRINAGAR CITY,,Jehangir Chowk,Bemina,Batamallo,Express Service,2006-2007,2007-2008,DIESEL,,
12924.0,SRINAGAR RTO,JK01K2864,26-Sep-06,MPV,Commercial,Bus,Stage Carriage Permit,MEDIUM BUSES,13-Jan-07,14-Jan-20,14-Jan-21,,,SOURA,CHUNTWALIWAR,"GANDERBAL, LAR",Ordinary Service,2006-2007,2006-2007,DIESEL,,
12925.0,SRINAGAR RTO,JK01K3117,11-Oct-06,MPV,Commercial,Bus,Stage Carriage Permit,MEDIUM BUSES,09-Nov-91,09-Nov-21,08-Nov-23,EASTERN AREA OF SGR ROTATION BASIS,,Jehangir Chowk,HMT,Parimpora,Ordinary Service,2006-2007,1991-1992,DIESEL,,
12926.0,SRINAGAR RTO,JK01K3118,11-Oct-06,MPV,Commercial,Bus,Stage Carriage Permit,MEDIUM BUSES,26-Jun-98,29-Jun-21,28-Jun-23,WESTERN AREA OF SRINAGAR CITY,,Jehangir Chowk,JVC,Bemina,Ordinary Service,2006-2007,1998-1999,DIESEL,,
12928.0,SRINAGAR RTO,JK01K3189,16-Oct-06,MPV,Commercial,Bus,Stage Carriage Permit,MEDIUM BUSES,10-Mar-92,10-Mar-17,09-Mar-18,EASTERN AREA OF SGR ROTATION BASIS,,"Hazratbal, Lalbazar",Parimpora,Rajiakadal,Ordinary Service,2006-2007,1991-1992,DIESEL,,
12929.0,SRINAGAR RTO,JK01K3414,04-Nov-06,MPV,Commercial,Bus,Stage Carriage Permit,MEDIUM BUSES,04-Nov-97,04-Nov-17,03-Nov-18,EASTERN AREA OF SGR ROTATION BASIS,,HMT,Jehangir Chowk,Qamarwari,Ordinary Service,2006-2007,1997-1998,DIESEL,,
12930.0,SRINAGAR RTO,JK01K3524,06-Nov-06,MPV,Commercial,Bus,Stage Carriage Permit,MEDIUM BUSES,21-Aug-97,21-Aug-19,20-Aug-20,WESTERN AREA OF SRINAGAR CITY,,Soura ,Batamallo,Jehangir Chowk,Ordinary Service,2006-2007,1997-1998,DIESEL,,
12932.0,SRINAGAR RTO,JK01K3730,18-Nov-06,MPV,Commercial,Bus,Stage Carriage Permit,MEDIUM BUSES,07-Apr-92,07-Apr-17,06-Apr-18,WESTERN AREA OF SRINAGAR CITY,,Parimpora ,Humhama,Jehangir Chowk,Ordinary Service,2006-2007,1992-1993,DIESEL,,
12934.0,SRINAGAR RTO,JK01K3934,27-Nov-06,MPV,Commercial,Bus,Stage Carriage Permit,MEDIUM BUSES,09-Jun-97,09-Jun-17,08-Jun-18,EASTERN AREA OF SGR ROTATION BASIS,,Jehangir Chowk,Bemina,Batamallo,Ordinary Service,2006-2007,1997-1998,DIESEL,,
12935.0,SRINAGAR RTO,JK01K3938,27-Nov-06,MPV,Commercial,Bus,Stage Carriage Permit,MEDIUM BUSES,26-Dec-92,26-Dec-17,25-Dec-18,WESTERN AREA OF SRINAGAR CITY,,Soura,Parimpora,Hawal,Ordinary Service,2006-2007,1992-1993,DIESEL,,
12937.0,SRINAGAR RTO,JK01K5087,10-Feb-07,MPV,Commercial,Bus,Stage Carriage Permit,MEDIUM BUSES,01-Feb-92,01-Feb-23,31-Jan-28,EASTERN AREA OF SGR ROTATION BASIS,,Rangpora,Soura,Lalchowk,Ordinary Service,2006-2007,1991-1992,DIESEL,,
12938.0,SRINAGAR RTO,JK01K5224,17-Feb-07,MPV,Commercial,Bus,Stage Carriage Permit,MEDIUM BUSES,05-Dec-89,05-Dec-20,04-Dec-21,WESTERN AREA OF SRINAGAR CITY,,Parimpora ,Humhama,Jehangir Chowk,Ordinary Service,2006-2007,1989-1990,DIESEL,,
12939.0,SRINAGAR RTO,JK01K5377,28-Feb-07,MPV,Commercial,Bus,Stage Carriage Permit,MEDIUM BUSES,19-Feb-97,19-Feb-24,18-Feb-29,EASTERN AREA OF SGR ROTATION BASIS,,Parimpora,Panthachowk,Dalgate,,2006-2007,1996-1997,DIESEL,,
12940.0,SRINAGAR RTO,JK01K5534,05-Mar-07,MPV,Commercial,Bus,Stage Carriage Permit,MEDIUM BUSES,19-Feb-97,19-Feb-23,18-Feb-28,EASTERN AREA OF SGR ROTATION BASIS,,Rangpora,Soura,Lalchowk,Ordinary Service,2006-2007,1996-1997,DIESEL,,
12941.0,SRINAGAR RTO,JK01K5763,16-Mar-07,MPV,Commercial,Bus,Stage Carriage Permit,MEDIUM BUSES,19-Oct-99,19-Oct-20,18-Oct-21,WESTERN AREA OF SRINAGAR CITY,,LD ,Parimpora,Jehangir Chowk,Ordinary Service,2006-2007,1999-2000,DIESEL,,
12948.0,SRINAGAR RTO,JK01K5999,05-Apr-07,MPV,Commercial,Bus,Stage Carriage Permit,MEDIUM BUSES,09-May-85,09-May-20,08-May-22,EASTERN AREA OF SGR ROTATION BASIS,,Hazratbal,LD,Rainawara,Ordinary Service,2007-2008,1985-1986,DIESEL,,
12949.0,SRINAGAR RTO,JK01K6002,05-Apr-07,MPV,Commercial,Bus,Stage Carriage Permit,MEDIUM BUSES,25-Sep-89,25-Sep-22,24-Sep-23,EASTERN AREA OF SGR ROTATION BASIS,,Hazratbal,LD,Rainawara,Ordinary Service,2007-2008,1989-1990,DIESEL,,
12950.0,SRINAGAR RTO,JK01K6016,16-Apr-07,MPV,Commercial,Bus,Stage Carriage Permit,MEDIUM BUSES,06-Feb-92,06-Feb-19,05-Feb-20,WESTERN AREA OF SRINAGAR CITY,,Jehangir Chowk,Panzinara,Parimpora,Ordinary Service,2007-2008,1991-1992,DIESEL,,
12951.0,SRINAGAR RTO,JK01K6086,16-Apr-07,MPV,Commercial,Bus,Stage Carriage Permit,MEDIUM BUSES,21-Aug-97,01-Nov-21,31-Oct-22,WESTERN AREA OF SRINAGAR CITY,,LD,Budgam,"RAMBAGH, EXCROSSING, BUND , SRTC, NEW BRIDGE, KHAYA, RAJOURI KADAL",Express Service,2007-2008,1997-1998,DIESEL,,
12952.0,SRINAGAR RTO,JK01K6167,19-Apr-07,MPV,Commercial,Bus,Stage Carriage Permit,MEDIUM BUSES,25-Jul-98,25-Jul-19,24-Jul-20,WESTERN AREA OF SRINAGAR CITY,,Batamallo,Panthachowk,Tengpora,Ordinary Service,2007-2008,1998-1999,DIESEL,,
12953.0,SRINAGAR RTO,JK01K6247,21-Apr-07,MPV,Commercial,Bus,Stage Carriage Permit,MEDIUM BUSES,20-Jan-04,10-May-23,09-May-28,EASTERN AREA OF SGR ROTATION BASIS,,Hazratbal,LD,Rainawara,,2007-2008,2003-2004,DIESEL,,
12955.0,SRINAGAR RTO,JK01K6676,07-May-07,MPV,Commercial,Bus,Stage Carriage Permit,MEDIUM BUSES,01-Apr-75,01-Apr-18,31-Mar-19,EASTERN AREA OF SGR ROTATION BASIS,,Parimpora,Panthachowk,Dalgate,Ordinary Service,2007-2008,1975-1976,DIESEL,,
12956.0,SRINAGAR RTO,JK01K6721,07-May-07,MPV,Commercial,Bus,Stage Carriage Permit,MEDIUM BUSES,24-Dec-91,24-Dec-20,23-Dec-22,WESTERN AREA OF SRINAGAR CITY,,Jehangir Chowk,Budgam,Khumani Chowk,Ordinary Service,2007-2008,1991-1992,DIESEL,,
12957.0,SRINAGAR RTO,JK01K6733,07-May-07,MPV,Commercial,Bus,Stage Carriage Permit,MEDIUM BUSES,07-Mar-92,07-Mar-17,06-Mar-18,WESTERN AREA OF SRINAGAR CITY,,Narbal,Jehangir Chowk,Parimpora,Ordinary Service,2007-2008,1991-1992,DIESEL,,
12958.0,SRINAGAR RTO,JK01K6740,07-May-07,MPV,Commercial,Bus,Stage Carriage Permit,MEDIUM BUSES,01-Apr-96,01-Apr-20,31-Mar-22,WESTERN AREA OF SRINAGAR CITY,,Jehangir Chowk,Budgam,Khumani Chowk,Ordinary Service,2007-2008,1996-1997,DIESEL,,
12959.0,SRINAGAR RTO,JK01K7073,19-May-07,MPV,Commercial,Bus,Stage Carriage Permit,MEDIUM BUSES,11-Aug-94,11-Aug-20,10-Aug-22,WESTERN AREA OF SRINAGAR CITY,,LD,Budgam,"RAMBAGH, EXCROSSING, BUND , SRTC, NEW BRIDGE, KHAYA, RAJOURI KADAL",Ordinary Service,2007-2008,1994-1995,DIESEL,,
12960.0,SRINAGAR RTO,JK01K7141,22-May-07,MPV,Commercial,Bus,Stage Carriage Permit,MINI BUSES FOR RURAL ROUTES,02-Feb-18,02-Feb-23,01-Feb-28,WITHIN SRINAGAR CITY,,Rangpora,Soura,Dalgate,Rural Service,2007-2008,2017-2018,DIESEL,,
12961.0,SRINAGAR RTO,JK01K7289,25-May-07,LPV,Commercial,Bus,Stage Carriage Permit,MEDIUM BUSES,13-Oct-97,13-Oct-23,12-Oct-28,WESTERN AREA OF SRINAGAR CITY,,Jehangir Chowk,HMT,Parimpora,,2007-2008,1997-1998,DIESEL,,
12962.0,SRINAGAR RTO,JK01K7296,25-May-07,MPV,Commercial,Bus,Stage Carriage Permit,MEDIUM BUSES,16-May-85,16-May-17,15-May-18,EASTERN AREA OF SGR ROTATION BASIS,,LD,Pampore,Dalgate,Ordinary Service,2007-2008,1985-1986,DIESEL,,
12963.0,SRINAGAR RTO,JK01K7977,14-Jun-07,MPV,Commercial,Bus,Stage Carriage Permit,MEDIUM BUSES,05-Oct-95,05-Oct-24,04-Oct-29,EASTERN AREA OF SGR ROTATION BASIS,,Parimpora,Pampore,Dalgate,,2007-2008,1995-1996,DIESEL,,
12964.0,SRINAGAR RTO,JK01K8314,22-Jun-07,MPV,Commercial,Bus,Stage Carriage Permit,MEDIUM BUSES,05-Sep-97,05-Sep-22,04-Sep-27,WESTERN AREA OF SRINAGAR CITY,,LD,Budgam,"RAMBAGH, EXCROSSING, BUND , SRTC, NEW BRIDGE, KHAYA, RAJOURI KADAL",Ordinary Service,2007-2008,1997-1998,DIESEL,,
12965.0,SRINAGAR RTO,JK01K8478,26-Jun-07,MPV,Commercial,Bus,Stage Carriage Permit,MEDIUM BUSES,27-Dec-91,27-Dec-21,26-Dec-23,WESTERN AREA OF SRINAGAR CITY,,Soura,Jehangir Chowk,Qamarwari,Ordinary Service,2007-2008,1991-1992,DIESEL,,
12966.0,SRINAGAR RTO,JK01K8491,27-Jun-07,MPV,Commercial,Bus,Stage Carriage Permit,MEDIUM BUSES,26-Jun-97,26-Jun-19,25-Jun-20,EASTERN AREA OF SGR ROTATION BASIS,,Hazratbal,LD,Rainawara,Ordinary Service,2007-2008,1997-1998,DIESEL,,
12967.0,SRINAGAR RTO,JK01K8492,27-Jun-07,MPV,Commercial,Bus,Stage Carriage Permit,MEDIUM BUSES,07-Sep-89,07-Sep-17,06-Sep-18,EASTERN AREA OF SGR ROTATION BASIS,,Lalbazar ,Lalchowk,LD,Ordinary Service,2007-2008,1989-1990,DIESEL,,
12969.0,SRINAGAR RTO,JK01K8494,27-Jun-07,MPV,Commercial,Bus,Stage Carriage Permit,MEDIUM BUSES,09-Jul-87,09-Jul-23,08-Jul-28,WESTERN AREA OF SRINAGAR CITY,,LD,Budgam,"RAMBAGH, EXCROSSING, BUND , SRTC, NEW BRIDGE, KHAYA, RAJOURI KADAL",Ordinary Service,2007-2008,1987-1988,DIESEL,,
12971.0,SRINAGAR RTO,JK01K8509,27-Jun-07,LPV,Commercial,Bus,Stage Carriage Permit,MEDIUM BUSES,22-May-85,22-May-20,21-May-25,EASTERN AREA OF SGR ROTATION BASIS,,Parimpora,Panthachowk,Dalgate,Ordinary Service,2007-2008,1985-1986,DIESEL,,
12972.0,SRINAGAR RTO,JK01K8677,02-Jul-07,MPV,Commercial,Bus,Stage Carriage Permit,MEDIUM BUSES,26-Mar-97,26-Mar-24,25-Mar-29,EASTERN AREA OF SGR ROTATION BASIS,,Rangpora,Dalgate,Lalchowk,,2007-2008,1996-1997,DIESEL,,
12973.0,SRINAGAR RTO,JK01K8678,02-Jul-07,LPV,Commercial,Bus,Stage Carriage Permit,MEDIUM BUSES,05-Jun-97,05-Jun-16,04-Jun-18,EASTERN AREA OF SGR ROTATION BASIS,,Jehangir Chowk,Bemina,Batamallo,Ordinary Service,2007-2008,1997-1998,DIESEL,,
12974.0,SRINAGAR RTO,JK01K8679,02-Jul-07,MPV,Commercial,Bus,Stage Carriage Permit,MEDIUM BUSES,22-May-92,22-May-17,21-May-18,WESTERN AREA OF SRINAGAR CITY,,LD ,Parimpora,Jehangir Chowk,Ordinary Service,2007-2008,1992-1993,DIESEL,,
12975.0,SRINAGAR RTO,JK01K8729,09-Jul-07,MPV,Commercial,Bus,Stage Carriage Permit,MEDIUM BUSES,21-Nov-97,21-Nov-22,20-Nov-27,EASTERN AREA OF SGR ROTATION BASIS,,Parimpora,Panthachowk,Dalgate,,2007-2008,1997-1998,DIESEL,,
12976.0,SRINAGAR RTO,JK01K8731,09-Jul-07,MPV,Commercial,Bus,Stage Carriage Permit,MEDIUM BUSES,23-Aug-97,23-Aug-18,22-Aug-23,WESTERN AREA OF SRINAGAR CITY,,Soura,Jehangir Chowk,Eidgah,Ordinary Service,2007-2008,1997-1998,DIESEL,,
12977.0,SRINAGAR RTO,JK01K8732,09-Jul-07,MPV,Commercial,Bus,Stage Carriage Permit,MEDIUM BUSES,27-Mar-92,27-Mar-17,26-Mar-18,EASTERN AREA OF SGR ROTATION BASIS,,Batamaalo ,Panthachowk,Hyderpora,Ordinary Service,2007-2008,1991-1992,DIESEL,,
12978.0,SRINAGAR RTO,JK01K9164,19-Jul-07,MPV,Commercial,Bus,Stage Carriage Permit,MEDIUM BUSES,23-Jan-93,23-Jan-18,22-Jan-19,EASTERN AREA OF SGR ROTATION BASIS,,LD,Pampore,Dalgate,Ordinary Service,2007-2008,1992-1993,DIESEL,,
12979.0,SRINAGAR RTO,JK01K9398,23-Jul-07,LPV,Commercial,Bus,Stage Carriage Permit,MINI BUSES FOR URBAN ROUTES,23-Apr-97,08-May-17,08-May-18,EASTERN AREA OF SGR ROTATION BASIS,,Lalbazar ,Lalchowk,LD,Ordinary Service,2007-2008,1997-1998,DIESEL,,
12981.0,SRINAGAR RTO,JK01K9738,31-Jul-07,MPV,Commercial,Bus,Stage Carriage Permit,MEDIUM BUSES,28-Dec-91,28-Dec-16,27-Dec-17,WESTERN AREA OF SRINAGAR CITY,,Jehangir Chowk,Bemina,Batamallo,Ordinary Service,2007-2008,1991-1992,DIESEL,,
12982.0,SRINAGAR RTO,JK01K9943,08-Aug-07,MPV,Commercial,Bus,Stage Carriage Permit,MEDIUM BUSES,22-Jan-92,22-Jan-19,21-Jan-20,EASTERN AREA OF SGR ROTATION BASIS,,Batamallo,Panthachowk,Tengpora,Ordinary Service,2007-2008,1991-1992,DIESEL,,
12983.0,SRINAGAR RTO,JK01L0326,23-Aug-07,MPV,Commercial,Bus,Stage Carriage Permit,MEDIUM BUSES,14-Dec-91,14-Dec-20,13-Dec-21,EASTERN AREA OF SGR ROTATION BASIS,,LD,Pampore,Dalgate,Ordinary Service,2007-2008,1991-1992,DIESEL,,
12984.0,SRINAGAR RTO,JK01L0738,30-Aug-07,MPV,Commercial,Bus,Stage Carriage Permit,MEDIUM BUSES,13-May-90,13-May-22,12-May-27,EASTERN AREA OF SGR ROTATION BASIS,,Batamallo,Panthachowk,Tengpora,Ordinary Service,2007-2008,1990-1991,DIESEL,,
12987.0,SRINAGAR RTO,JK01L1278,14-Sep-07,MPV,Commercial,Bus,Stage Carriage Permit,MEDIUM BUSES,23-May-89,23-May-18,22-May-19,WESTERN AREA OF SRINAGAR CITY,,Narbal,Jehangir Chowk,Qamarwari,Ordinary Service,2007-2008,1989-1990,DIESEL,,
12988.0,SRINAGAR RTO,JK01L1691,29-Sep-07,MPV,Commercial,Bus,Stage Carriage Permit,MEDIUM BUSES,29-Jul-93,29-Jul-20,28-Jul-21,WESTERN AREA OF SRINAGAR CITY,,Soura,Jehangir Chowk,Batamallo,Ordinary Service,2007-2008,1993-1994,DIESEL,,
12989.0,SRINAGAR RTO,JK01L2316,23-Oct-07,MPV,Commercial,Bus,Stage Carriage Permit,MEDIUM BUSES,28-Dec-91,28-Dec-20,27-Dec-21,WESTERN AREA OF SRINAGAR CITY,,Soura,Jehangir Chowk,SMHS,Ordinary Service,2007-2008,1991-1992,DIESEL,,
12990.0,SRINAGAR RTO,JK01L2446,26-Oct-07,MPV,Commercial,Bus,Stage Carriage Permit,MEDIUM BUSES,30-Nov-92,30-Nov-19,29-Nov-20,EASTERN AREA OF SGR ROTATION BASIS,,Hazratbal,LD,Rainawari,Ordinary Service,2007-2008,1992-1993,DIESEL,,
12991.0,SRINAGAR RTO,JK01L2760,03-Nov-07,MPV,Commercial,Bus,Stage Carriage Permit,MEDIUM BUSES,24-Nov-91,24-Nov-19,23-Nov-20,WESTERN AREA OF SRINAGAR CITY,,Narbal,Jehangir Chowk,Qamarwari,Ordinary Service,2007-2008,1991-1992,DIESEL,,
12992.0,SRINAGAR RTO,JK01L2847,07-Nov-07,MPV,Commercial,Bus,Stage Carriage Permit,MEDIUM BUSES,04-Jul-89,04-Jul-21,03-Jul-22,EASTERN AREA OF SGR ROTATION BASIS,,LD,Pampore,Dalgate,Ordinary Service,2007-2008,1989-1990,DIESEL,,
12993.0,SRINAGAR RTO,JK01L3006,13-Nov-07,LPV,Commercial,Bus,Stage Carriage Permit,MEDIUM BUSES,01-May-97,01-May-17,30-Apr-18,EASTERN AREA OF SGR ROTATION BASIS,,Hazratbal,LD,Rainawari,Ordinary Service,2007-2008,1997-1998,DIESEL,,
12995.0,SRINAGAR RTO,JK01L3280,21-Nov-07,MPV,Commercial,Bus,Stage Carriage Permit,MEDIUM BUSES,15-May-89,15-May-20,14-May-23,EASTERN AREA OF SGR ROTATION BASIS,,Hazratbal,LD,Rainawari,Ordinary Service,2007-2008,1989-1990,DIESEL,,
12996.0,SRINAGAR RTO,JK01L4231,12-Jan-08,MPV,Commercial,Bus,Stage Carriage Permit,MEDIUM BUSES,19-Mar-97,19-Mar-21,18-Mar-26,WESTERN AREA OF SRINAGAR CITY,,Soura,Parimpora,Sakidafar,Ordinary Service,2007-2008,1996-1997,DIESEL,,
12997.0,SRINAGAR RTO,JK01L4556,25-Jan-08,MPV,Commercial,Bus,Stage Carriage Permit,MEDIUM BUSES,06-Jun-97,06-Jun-18,05-Jun-19,EASTERN AREA OF SGR ROTATION BASIS,,Batamallo,Panthachowk,Tengpora,Ordinary Service,2007-2008,1997-1998,DIESEL,,
13003.0,SRINAGAR RTO,JK01L5080,23-Feb-08,MPV,Commercial,Bus,Stage Carriage Permit,MINI BUSES FOR RURAL ROUTES,24-Mar-08,23-Mar-22,22-Mar-25,WESTERN AREA OF SRINAGAR CITY,,Parimpora,Panthachowk,Dalgate,Ordinary Service,2007-2008,2007-2008,DIESEL,,
13004.0,SRINAGAR RTO,JK01L5178,27-Feb-08,MPV,Commercial,Bus,Stage Carriage Permit,MEDIUM BUSES,06-Mar-92,06-Mar-17,05-Mar-18,EASTERN AREA OF SGR ROTATION BASIS,,LD,Pampore,Dalgate,Ordinary Service,2007-2008,1991-1992,DIESEL,,
13005.0,SRINAGAR RTO,JK01L5192,27-Feb-08,MPV,Commercial,Bus,Stage Carriage Permit,MEDIUM BUSES,06-Feb-92,06-Feb-20,05-Feb-21,WESTERN AREA OF SRINAGAR CITY,,Soura,Jehangir Chowk,Zonimar,Ordinary Service,2007-2008,1991-1992,DIESEL,,
13006.0,SRINAGAR RTO,JK01L5314,29-Feb-08,MPV,Commercial,Bus,Stage Carriage Permit,MEDIUM BUSES,12-Mar-97,12-Mar-17,11-Mar-18,EASTERN AREA OF SGR ROTATION BASIS,,Parimpora ,PathaChowk,Dalgate,Ordinary Service,2007-2008,1996-1997,DIESEL,,
13007.0,SRINAGAR RTO,JK01L5315,29-Feb-08,MPV,Commercial,Bus,Stage Carriage Permit,BIG BUSES(HTV),26-Apr-94,26-Apr-18,25-Apr-19,WESTERN AREA OF SRINAGAR CITY,,Parimpora ,Budgam,Tengpora,Ordinary Service,2007-2008,1994-1995,DIESEL,,
13010.0,SRINAGAR RTO,JK01L5934,26-Mar-08,MPV,Commercial,Bus,Stage Carriage Permit,MEDIUM BUSES,04-Sep-92,04-Sep-16,03-Sep-17,WESTERN AREA OF SRINAGAR CITY,,Jehangir Chowk,Budgam,Khumani Chowk,Ordinary Service,2007-2008,1992-1993,DIESEL,,
13011.0,SRINAGAR RTO,JK01L6042,29-Mar-08,MPV,Commercial,Bus,Stage Carriage Permit,MEDIUM BUSES,13-Feb-96,13-Feb-22,12-Feb-24,EASTERN AREA OF SGR ROTATION BASIS,,LD,Pampore,Dalgate,Ordinary Service,2007-2008,1995-1996,DIESEL,,
13012.0,SRINAGAR RTO,JK01L6238,07-Apr-08,LPV,Commercial,Bus,Stage Carriage Permit,MINI BUSES FOR RURAL ROUTES,30-Apr-08,30-Apr-23,29-Apr-28,EASTERN AREA OF SGR ROTATION BASIS,,Batamallo,Panthachowk,Tengpora,Ordinary Service,2008-2009,2008-2009,DIESEL,,
13013.0,SRINAGAR RTO,JK01L6276,07-Apr-08,MPV,Commercial,Bus,Stage Carriage Permit,MEDIUM BUSES,11-Nov-89,11-Nov-22,10-Nov-24,WESTERN AREA OF SRINAGAR CITY,,Narbal,Jehangir Chowk,Qamarwari,Ordinary Service,2008-2009,1989-1990,DIESEL,,
13014.0,SRINAGAR RTO,JK01L6492,17-Apr-08,MPV,Commercial,Bus,Stage Carriage Permit,MEDIUM BUSES,19-Jul-99,19-Jul-18,18-Jul-19,WESTERN AREA OF SRINAGAR CITY,,Parimpora ,Budgam,"Batamallo,Tengpora",Ordinary Service,2008-2009,1999-2000,DIESEL,,
13015.0,SRINAGAR RTO,JK01L6503,21-Apr-08,MPV,Commercial,Bus,Stage Carriage Permit,MEDIUM BUSES,04-Mar-91,04-Mar-22,03-Mar-23,WESTERN AREA OF SRINAGAR CITY,,Parimpora ,Budgam,"Batamallo,Tengpora",Ordinary Service,2008-2009,1990-1991,DIESEL,,
13016.0,SRINAGAR RTO,JK01L6509,21-Apr-08,LPV,Commercial,Bus,Stage Carriage Permit,MEDIUM BUSES,09-Jul-97,09-Jul-19,08-Jul-20,EASTERN AREA OF SGR ROTATION BASIS,,Parimpora,Panthachowk,Dalgate,Ordinary Service,2008-2009,1997-1998,DIESEL,,
13021.0,SRINAGAR RTO,JK01L7428,20-May-08,MPV,Commercial,Bus,Stage Carriage Permit,MEDIUM BUSES,18-Aug-90,18-Aug-16,17-Aug-17,EASTERN AREA OF SGR ROTATION BASIS,,Parimpora,Panthachowk,Dalgate,Ordinary Service,2008-2009,1990-1991,DIESEL,,
13023.0,SRINAGAR RTO,JK01L7608,26-May-08,MPV,Commercial,Bus,Stage Carriage Permit,BIG BUSES(HTV),23-Mar-01,21-Nov-17,20-Nov-18,EASTERN AREA OF SGR ROTATION BASIS,,Hazratbal,LD,Rainawara,Ordinary Service,2008-2009,2000-2001,DIESEL,,
13024.0,SRINAGAR RTO,JK01L7813,02-Jun-08,LPV,Commercial,Bus,Stage Carriage Permit,MEDIUM BUSES,10-Jun-08,10-Jun-22,09-Jun-24,EASTERN AREA OF SGR ROTATION BASIS,,Lawaypora,Jehangir Chowk,Qamarwari,Ordinary Service,2008-2009,2008-2009,DIESEL,,
13025.0,SRINAGAR RTO,JK01L8016,07-Jun-08,MPV,Commercial,Bus,Stage Carriage Permit,MEDIUM BUSES,23-May-89,23-May-23,22-May-28,WESTERN AREA OF SRINAGAR CITY,,Jehangir Chowk,Bemina,Batamallo,Ordinary Service,2008-2009,1989-1990,DIESEL,,
13026.0,SRINAGAR RTO,JK01L8395,03-Jul-08,LPV,Commercial,Bus,Stage Carriage Permit,MEDIUM BUSES,06-Jun-92,06-Jun-20,05-Jun-22,EASTERN AREA OF SGR ROTATION BASIS,,Rangpora,Lalchowk,Dalgate,Ordinary Service,2008-2009,1992-1993,DIESEL,,
13027.0,SRINAGAR RTO,JK01L8711,09-Jul-08,LPV,Commercial,Bus,Stage Carriage Permit,MINI BUSES FOR URBAN ROUTES,30-May-97,30-May-25,29-May-30,EASTERN AREA OF SGR ROTATION BASIS,,Batamallo,Panthachowk,Tengpora,Ordinary Service,2008-2009,1997-1998,DIESEL,,
13028.0,SRINAGAR RTO,JK01L9235,16-Jul-08,MPV,Commercial,Bus,Stage Carriage Permit,MEDIUM BUSES,09-Apr-92,09-Apr-23,08-Apr-28,EASTERN AREA OF SGR ROTATION BASIS,,"Hazratbal, Lalbazar",Parimpora,Rajiakadal,Ordinary Service,2008-2009,1992-1993,DIESEL,,
13029.0,SRINAGAR RTO,JK01L9414,23-Jul-08,LPV,Commercial,Bus,Stage Carriage Permit,MINI BUSES FOR RURAL ROUTES,03-Feb-09,03-Feb-20,02-Feb-25,WITHIN SRINAGAR CITY,,Rangpora,Lalchowk,Dalgate,Rural Service,2008-2009,2008-2009,DIESEL,,
13030.0,SRINAGAR RTO,JK01L9551,24-Jul-08,MPV,Commercial,Bus,Stage Carriage Permit,MINI BUSES FOR RURAL ROUTES,02-Feb-12,03-Feb-24,02-Feb-29,WITHIN SRINAGAR CITY,,Rangpora,Lalchowk,Dalgate,,2008-2009,2011-2012,DIESEL,,
13031.0,SRINAGAR RTO,JK01L9556,24-Jul-08,MPV,Commercial,Bus,Stage Carriage Permit,MEDIUM BUSES,24-Jul-08,03-Feb-21,02-Feb-23,EASTERN AREA OF SGR ROTATION BASIS,,Batamallo,Panthachowk,Tengpora,Rural Service,2008-2009,2008-2009,DIESEL,,
13033.0,SRINAGAR RTO,JK01M0962,03-Oct-08,LPV,Commercial,Bus,Stage Carriage Permit,MEDIUM BUSES,30-Dec-91,30-Dec-19,29-Dec-24,WESTERN AREA OF SGR ROTATION BASIS,,Jehangir Chowk,Bemina,Batamallo,Ordinary Service,2008-2009,1991-1992,DIESEL,,
13040.0,SRINAGAR RTO,JK01M2530,15-Nov-08,MPV,Commercial,Bus,Stage Carriage Permit,MEDIUM BUSES,23-Jul-93,23-Jul-21,22-Jul-23,EASTERN AREA OF SGR ROTATION BASIS,,Parimpora,Panthachowk,Dalgate,Ordinary Service,2008-2009,1993-1994,DIESEL,,
13041.0,SRINAGAR RTO,JK01M4982,20-Mar-09,MPV,Commercial,Bus,Stage Carriage Permit,MEDIUM BUSES,22-May-89,22-May-17,21-May-18,EASTERN AREA OF SGR ROTATION BASIS,,Parimpora ,PathaChowk,Dalgate,Ordinary Service,2008-2009,1989-1990,DIESEL,,
13043.0,SRINAGAR RTO,JK01M5761,15-Apr-09,MPV,Commercial,Bus,Stage Carriage Permit,MEDIUM BUSES,11-Mar-91,11-Mar-18,10-Mar-19,EASTERN AREA OF SGR ROTATION BASIS,,LD,Pampore,Dalgate,Ordinary Service,2009-2010,1990-1991,DIESEL,,
13044.0,SRINAGAR RTO,JK01M5972,21-Apr-09,LPV,Commercial,Bus,Stage Carriage Permit,MEDIUM BUSES,04-Jul-97,04-Jul-17,03-Jul-18,EASTERN AREA OF SGR ROTATION BASIS,,Parimpora,Pampore ,Dalgate,Ordinary Service,2009-2010,1997-1998,DIESEL,,
13045.0,SRINAGAR RTO,JK01M5973,21-Apr-09,MPV,Commercial,Bus,Stage Carriage Permit,MEDIUM BUSES,17-Jul-93,17-Jul-24,16-Jul-29,WESTERN AREA OF SRINAGAR CITY,,Parimpora ,Budgam,"Batamallo,Tengpora",,2009-2010,1993-1994,DIESEL,,
13046.0,SRINAGAR RTO,JK01M7264,29-May-09,MPV,Commercial,Bus,Stage Carriage Permit,MEDIUM BUSES,27-Sep-90,27-Sep-24,26-Sep-29,EASTERN AREA OF SGR ROTATION BASIS,,Parimpora,Pampore ,Dalgate,,2009-2010,1990-1991,DIESEL,,
13047.0,SRINAGAR RTO,JK01M7265,29-May-09,MPV,Commercial,Bus,Stage Carriage Permit,MEDIUM BUSES,02-Jan-97,14-Jan-23,13-Jan-28,EASTERN AREA OF SGR ROTATION BASIS,,LD,Pampore,Dalgate,Ordinary Service,2009-2010,1996-1997,DIESEL,,
13048.0,SRINAGAR RTO,JK01M7559,17-Jun-09,LPV,Commercial,Bus,Stage Carriage Permit,MEDIUM BUSES,22-Jul-97,22-Jul-20,21-Jul-22,EASTERN AREA OF SGR ROTATION BASIS,,Batamallo,Panthachowk,Tengpora,Ordinary Service,2009-2010,1997-1998,DIESEL,,
13049.0,SRINAGAR RTO,JK01M8210,06-Jul-09,MPV,Commercial,Bus,Stage Carriage Permit,MEDIUM BUSES,04-Aug-09,04-Aug-16,03-Aug-17,WESTERN AREA OF SRINAGAR CITY,,Soura,Jehangir Chowk,SMHS,Ordinary Service,2009-2010,2009-2010,DIESEL,,
13051.0,SRINAGAR RTO,JK01M8635,08-Jul-09,MPV,Commercial,Bus,Stage Carriage Permit,MEDIUM BUSES,24-Jan-97,24-Jan-17,23-Jan-18,EASTERN AREA OF SGR ROTATION BASIS,,Parimpora,Pampore,Dalgate,Ordinary Service,2009-2010,1996-1997,DIESEL,,
13053.0,SRINAGAR RTO,JK01M9473,05-Aug-09,MPV,Commercial,Bus,Stage Carriage Permit,MEDIUM BUSES,15-Oct-97,15-Oct-16,14-Oct-17,WESTERN AREA OF SRINAGAR CITY,,Parimpora ,Budgam,"Batamallo,Tengpora",Ordinary Service,2009-2010,1997-1998,DIESEL,,
13054.0,SRINAGAR RTO,JK01N0878,05-Sep-09,MPV,Commercial,Bus,Stage Carriage Permit,MEDIUM BUSES,13-Jan-98,12-Jan-19,11-Jan-20,WESTERN AREA OF SRINAGAR CITY,,Parimpora ,Budgam,"Batamallo,Tengpora",Ordinary Service,2009-2010,1997-1998,DIESEL,,
13055.0,SRINAGAR RTO,JK01N0886,05-Sep-09,LPV,Commercial,Bus,Stage Carriage Permit,MEDIUM BUSES,16-Jun-99,16-Jun-18,15-Jun-19,EASTERN AREA OF SGR ROTATION BASIS,,Malbagh,LD,Illahibagh,Express Service,2009-2010,1999-2000,DIESEL,,
13056.0,SRINAGAR RTO,JK01N1504,16-Sep-09,MPV,Commercial,Bus,Stage Carriage Permit,MEDIUM BUSES,24-Jun-97,24-Jun-17,23-Jun-18,EASTERN AREA OF SGR ROTATION BASIS,,LD,Pampore,Dalgate,Ordinary Service,2009-2010,1997-1998,DIESEL,,
13058.0,SRINAGAR RTO,JK01N3176,03-Nov-09,MPV,Commercial,Bus,Stage Carriage Permit,BIG BUSES(HTV),15-Apr-97,15-Apr-18,14-Apr-19,EASTERN AREA OF SGR ROTATION BASIS,,Hazratbal,LD,Rainawara,Ordinary Service,2009-2010,1997-1998,DIESEL,,
13060.0,SRINAGAR RTO,JK01N4520,14-Dec-09,MPV,Commercial,Bus,Stage Carriage Permit,MEDIUM BUSES,09-Mar-97,09-Mar-20,08-Mar-22,WESTERN AREA OF SRINAGAR CITY,,Jehangir Chowk,Bemina,Batamallo,Ordinary Service,2009-2010,1996-1997,DIESEL,,
13061.0,SRINAGAR RTO,JK01N5006,04-Jan-10,MPV,Commercial,Bus,Stage Carriage Permit,MEDIUM BUSES,07-Jan-92,07-Jan-18,06-Jan-19,WESTERN AREA OF SRINAGAR CITY,,Parimpora ,Budgam,"Batamallo,Tengpora",Ordinary Service,2009-2010,1991-1992,DIESEL,,
13062.0,SRINAGAR RTO,JK01N5923,09-Feb-10,MPV,Commercial,Bus,Stage Carriage Permit,MEDIUM BUSES,06-Feb-98,06-Feb-20,05-Feb-21,EASTERN AREA OF SGR ROTATION BASIS,,LD,Pampore,Dalgate,Ordinary Service,2009-2010,1997-1998,DIESEL,,
13063.0,SRINAGAR RTO,JK01N5927,09-Feb-10,MPV,Commercial,Bus,Stage Carriage Permit,MEDIUM BUSES,22-Apr-96,22-Apr-22,21-Apr-24,EASTERN AREA OF SGR ROTATION BASIS,,Jehangir Chowk,Budgam,Khumani Chowk,Ordinary Service,2009-2010,1996-1997,DIESEL,,
13066.0,SRINAGAR RTO,JK01N7330,27-Mar-10,LPV,Commercial,Bus,Stage Carriage Permit,MINI BUSES FOR RURAL ROUTES,04-Feb-08,04-Feb-24,03-Feb-29,EASTERN AREA OF SGR ROTATION BASIS,,Rangpora,Lalchowk,Dalgate,,2009-2010,2007-2008,DIESEL,,
13067.0,SRINAGAR RTO,JK01N7477,30-Mar-10,MPV,Commercial,Bus,Stage Carriage Permit,MEDIUM BUSES,13-May-92,12-May-19,11-May-20,EASTERN AREA OF SGR ROTATION BASIS,,LD,Pampore,Dalgate,Ordinary Service,2009-2010,1992-1993,DIESEL,,
13068.0,SRINAGAR RTO,JK01N8135,17-Apr-10,LPV,Commercial,Bus,Stage Carriage Permit,MEDIUM BUSES,27-Jul-99,08-May-18,07-May-19,EASTERN AREA OF SGR ROTATION BASIS,,Rangpora,Lalchowk,Dalgate,Ordinary Service,2010-2011,1999-2000,DIESEL,,
13069.0,SRINAGAR RTO,JK01N8346,26-Apr-10,MPV,Commercial,Bus,Stage Carriage Permit,MEDIUM BUSES,06-Nov-95,06-Nov-18,05-Nov-19,WESTERN AREA OF SRINAGAR CITY,,Soura,Jehangir Chowk,Qamarwari,Ordinary Service,2010-2011,1995-1996,DIESEL,,
13070.0,SRINAGAR RTO,JK01N8751,04-May-10,MPV,Commercial,Bus,Stage Carriage Permit,MEDIUM BUSES,17-Oct-92,17-Oct-19,16-Oct-20,EASTERN AREA OF SGR ROTATION BASIS,,LD,Pampore,Dalgate,Ordinary Service,2010-2011,1992-1993,DIESEL,,
13072.0,SRINAGAR RTO,JK01N9242,08-May-10,MPV,Commercial,Bus,Stage Carriage Permit,MEDIUM BUSES,18-Nov-89,18-Nov-21,17-Nov-23,EASTERN AREA OF SGR ROTATION BASIS,,Hazratbal,LD,Rainawara,Ordinary Service,2010-2011,1989-1990,DIESEL,,
13073.0,SRINAGAR RTO,JK01N9382,15-May-10,MPV,Commercial,Bus,Stage Carriage Permit,MEDIUM BUSES,21-Oct-97,21-Oct-18,20-Oct-19,EASTERN AREA OF SGR ROTATION BASIS,,Lalbazar ,LD,Dalgate,Ordinary Service,2010-2011,1997-1998,DIESEL,,
13074.0,SRINAGAR RTO,JK01N9716,24-May-10,MPV,Commercial,Bus,Stage Carriage Permit,MEDIUM BUSES,09-Jun-92,09-Jun-19,08-Jun-20,WESTERN AREA OF SRINAGAR CITY,,Jehangir Chowk,Panzinara,Parimpora,Ordinary Service,2010-2011,1992-1993,DIESEL,,
13075.0,SRINAGAR RTO,JK01P0237,10-Jun-10,MPV,Commercial,Bus,Stage Carriage Permit,MEDIUM BUSES,10-May-94,10-May-19,09-May-20,EASTERN AREA OF SGR ROTATION BASIS,,Lalbazar ,LD,Dalgate,Ordinary Service,2010-2011,1994-1995,DIESEL,,
13076.0,SRINAGAR RTO,JK01P0450,12-Jun-10,MPV,Commercial,Bus,Stage Carriage Permit,MEDIUM BUSES,01-Apr-91,01-Apr-17,31-Mar-18,EASTERN AREA OF SGR ROTATION BASIS,,LD,Pampore,Dalgate,Ordinary Service,2010-2011,1991-1992,DIESEL,,
13077.0,SRINAGAR RTO,JK01P0957,25-Jun-10,MPV,Commercial,Bus,Stage Carriage Permit,MEDIUM BUSES,04-Mar-92,04-Mar-19,03-Mar-20,EASTERN AREA OF SGR ROTATION BASIS,,Parimpora,Panthachowk,Dalgate,Ordinary Service,2010-2011,1991-1992,DIESEL,,
13079.0,SRINAGAR RTO,JK01P1550,28-Jul-10,MPV,Commercial,Bus,Stage Carriage Permit,MEDIUM BUSES,26-Apr-10,31-Mar-19,30-Mar-20,EASTERN AREA OF SGR ROTATION BASIS,,Hazratbal,LD,Rainawara,Ordinary Service,2010-2011,2010-2011,DIESEL,,
13080.0,SRINAGAR RTO,JK01P1622,11-Aug-10,MPV,Commercial,Bus,Stage Carriage Permit,MEDIUM BUSES,04-Feb-11,04-Feb-18,03-Feb-19,EASTERN AREA OF SGR ROTATION BASIS,,Hazratbal,LD,Rainawara,Ordinary Service,2010-2011,2010-2011,DIESEL,,
13081.0,SRINAGAR RTO,JK01P1965,24-Aug-10,MPV,Commercial,Bus,Stage Carriage Permit,MEDIUM BUSES,09-May-85,09-May-18,08-May-19,EASTERN AREA OF SGR ROTATION BASIS,,Parimpora ,PathaChowk,Dalgate,Ordinary Service,2010-2011,1985-1986,DIESEL,,
13083.0,SRINAGAR RTO,JK01P3138,15-Oct-10,MPV,Commercial,Bus,Stage Carriage Permit,MEDIUM BUSES,24-Dec-91,24-Dec-22,23-Dec-27,EASTERN AREA OF SGR ROTATION BASIS,,Hazratbal,LD,Rainawara,Ordinary Service,2010-2011,1991-1992,DIESEL,,
13084.0,SRINAGAR RTO,JK01P3156,15-Oct-10,MPV,Commercial,Bus,Stage Carriage Permit,MEDIUM BUSES,05-Sep-97,05-Sep-16,04-Sep-17,WESTERN AREA OF SRINAGAR CITY,,Parimpora ,Budgam,Jehangir Chowk,Ordinary Service,2010-2011,1997-1998,DIESEL,,
13086.0,SRINAGAR RTO,JK01P4491,11-Nov-10,MPV,Commercial,Bus,Stage Carriage Permit,MEDIUM BUSES,26-Mar-97,26-Mar-23,25-Mar-28,EASTERN AREA OF SGR ROTATION BASIS,,Hazratbal,LD,Rainawara,Ordinary Service,2010-2011,1996-1997,DIESEL,,
13087.0,SRINAGAR RTO,JK01P4838,24-Nov-10,LPV,Commercial,Bus,Stage Carriage Permit,MEDIUM BUSES,16-May-92,16-May-18,15-May-19,EASTERN AREA OF SGR ROTATION BASIS,,LD,Pampore,Dalgate,Ordinary Service,2010-2011,1992-1993,DIESEL,,
13089.0,SRINAGAR RTO,JK01P9673,22-Mar-11,MPV,Commercial,Bus,Stage Carriage Permit,MEDIUM BUSES,21-Feb-17,21-Oct-18,20-Oct-19,EASTERN AREA OF SGR ROTATION BASIS,,Soura,Railway Station,Dalgate,Express Service,2010-2011,2016-2017,DIESEL,,
13091.0,SRINAGAR RTO,JK01Q1158,26-Mar-11,MPV,Commercial,Bus,Stage Carriage Permit,MEDIUM BUSES,26-Aug-91,26-Aug-19,25-Aug-20,WESTERN AREA OF SRINAGAR CITY,,Soura,Jehangir Chowk,Zonimar,Ordinary Service,2010-2011,1991-1992,DIESEL,,
13092.0,SRINAGAR RTO,JK01Q1984,10-May-11,MPV,Commercial,Bus,Stage Carriage Permit,MEDIUM BUSES,05-Jul-01,05-Jul-23,04-Jul-28,WESTERN AREA OF SRINAGAR CITY,,Soura,Jehangir Chowk,Zonimar,,2011-2012,2001-2002,DIESEL,,
13093.0,SRINAGAR RTO,JK01Q2733,23-May-11,MPV,Commercial,Bus,Stage Carriage Permit,MEDIUM BUSES,01-Apr-89,01-Apr-17,31-Mar-18,EASTERN AREA OF SGR ROTATION BASIS,,Saidakadal,Parimpora,Dalgate,Ordinary Service,2011-2012,1989-1990,DIESEL,,
13095.0,SRINAGAR RTO,JK01Q7150,08-Aug-11,MPV,Commercial,Bus,Stage Carriage Permit,MEDIUM BUSES,23-Feb-98,23-Feb-18,22-Feb-19,WESTERN AREA OF SRINAGAR CITY,,Parimpora ,Budgam,Jehangir Chowk,Ordinary Service,2011-2012,1997-1998,DIESEL,,
13096.0,SRINAGAR RTO,JK01R6724,14-Mar-12,MPV,Commercial,Bus,Stage Carriage Permit,MEDIUM BUSES,31-Dec-92,31-Dec-17,30-Dec-18,WESTERN AREA OF SRINAGAR CITY,,Narbal,Jehangir Chowk,Qamarwari,Ordinary Service,2011-2012,1992-1993,DIESEL,,
13097.0,SRINAGAR RTO,JK01R6917,09-Mar-12,MPV,Commercial,Bus,Stage Carriage Permit,MEDIUM BUSES,09-Sep-92,09-Sep-18,08-Sep-19,EASTERN AREA OF SGR ROTATION BASIS,,Lalbazar ,Lalchowk,LD,Ordinary Service,2011-2012,1992-1993,DIESEL,,
13100.0,SRINAGAR RTO,JK01R9029,01-May-12,MPV,Commercial,Bus,Stage Carriage Permit,MEDIUM BUSES,06-May-97,06-May-18,05-May-19,EASTERN AREA OF SGR ROTATION BASIS,,Hazratbal,LD,Rainawara,Ordinary Service,2012-2013,1997-1998,DIESEL,,
13105.0,SRINAGAR RTO,JK01R9555,10-May-12,LPV,Commercial,Bus,Stage Carriage Permit,MEDIUM BUSES,09-Apr-97,09-Apr-22,08-Apr-23,EASTERN AREA OF SGR ROTATION BASIS,,Parimpora,Panthachowk,Dalgate,Ordinary Service,2012-2013,1997-1998,DIESEL,,
13106.0,SRINAGAR RTO,JK01R9707,11-May-12,MPV,Commercial,Bus,Stage Carriage Permit,MEDIUM BUSES,22-Feb-92,22-Feb-23,21-Feb-28,EASTERN AREA OF SGR ROTATION BASIS,,LD,Pampore,Dalgate,Ordinary Service,2012-2013,1991-1992,DIESEL,,
13108.0,SRINAGAR RTO,JK01S2289,03-Jul-12,MPV,Commercial,Bus,Stage Carriage Permit,MEDIUM BUSES,30-Sep-97,30-Sep-23,29-Sep-28,WESTERN AREA OF SRINAGAR CITY,,Soura,Jehangir Chowk,Zonimar,,2012-2013,1997-1998,DIESEL,,
13110.0,SRINAGAR RTO,JK01S7713,20-Sep-12,MPV,Commercial,Bus,Stage Carriage Permit,MEDIUM BUSES,26-Aug-97,26-Aug-17,25-Aug-18,EASTERN AREA OF SGR ROTATION BASIS,,Qamarwari,Parimpora,LD,Ordinary Service,2012-2013,1997-1998,DIESEL,,
13112.0,SRINAGAR RTO,JK01S8063,26-Sep-12,MPV,Commercial,Bus,Stage Carriage Permit,MEDIUM BUSES,21-Aug-97,21-Aug-16,20-Aug-17,WESTERN AREA OF SRINAGAR CITY,,Parimpora ,Budgam,Jehangir Chowk,Ordinary Service,2012-2013,1997-1998,DIESEL,,
13113.0,SRINAGAR RTO,JK01S9029,13-Oct-12,MPV,Commercial,Bus,Stage Carriage Permit,MEDIUM BUSES,16-Jun-97,16-Jun-20,15-Jun-22,EASTERN AREA OF SGR ROTATION BASIS,,LD,Pampore,Dalgate,Ordinary Service,2012-2013,1997-1998,DIESEL,,
13119.0,SRINAGAR RTO,JK01T1475,07-Dec-12,MPV,Commercial,Bus,Stage Carriage Permit,MEDIUM BUSES,22-Feb-92,22-Apr-22,21-Apr-23,WESTERN AREA OF SRINAGAR CITY,,Parimpora ,Budgam,Jehangir Chowk,Ordinary Service,2012-2013,1991-1992,DIESEL,,
13120.0,SRINAGAR RTO,JK01T1891,13-Dec-12,MPV,Commercial,Bus,Stage Carriage Permit,MINI BUSES FOR RURAL ROUTES,01-Jun-92,30-May-22,29-May-23,WESTERN AREA OF SRINAGAR CITY,,LD ,Parimpora,Jehangir Chowk,Ordinary Service,2012-2013,1992-1993,DIESEL,,
13124.0,SRINAGAR RTO,JK01T6663,26-Apr-13,MPV,Commercial,Bus,Stage Carriage Permit,MEDIUM BUSES,28-May-85,28-May-22,27-May-25,EASTERN AREA OF SGR ROTATION BASIS,,Soura,LD,Buchpora,Ordinary Service,2013-2014,1985-1986,DIESEL,,
13125.0,SRINAGAR RTO,JK01T8120,10-May-13,MPV,Commercial,Bus,Stage Carriage Permit,MEDIUM BUSES,13-Oct-97,13-Oct-19,12-Oct-23,EASTERN AREA OF SGR ROTATION BASIS,,LD,Pampore,Dalgate,Ordinary Service,2013-2014,1997-1998,DIESEL,,
13126.0,SRINAGAR RTO,JK01U7662,10-Oct-13,MPV,Commercial,Bus,Stage Carriage Permit,MEDIUM BUSES,30-Aug-94,30-Aug-20,29-Aug-21,EASTERN AREA OF SGR ROTATION BASIS,,Soura,Hazratbal,Buchpora,Ordinary Service,2013-2014,1994-1995,DIESEL,,
13127.0,SRINAGAR RTO,JK01U7866,31-Oct-13,MPV,Commercial,Bus,Stage Carriage Permit,MEDIUM BUSES,05-Mar-92,05-Mar-18,04-Mar-19,EASTERN AREA OF SGR ROTATION BASIS,,Soura,Hazratbal,Buchpora,Ordinary Service,2013-2014,1991-1992,DIESEL,,
13128.0,SRINAGAR RTO,JK01U9840,14-Nov-13,MPV,Commercial,Bus,Stage Carriage Permit,MEDIUM BUSES,08-Nov-97,08-Nov-17,07-Nov-18,EASTERN AREA OF SGR ROTATION BASIS,,Soura,Railway Station,Dalgate,Ordinary Service,2013-2014,1997-1998,DIESEL,,
13129.0,SRINAGAR RTO,JK01V0633,11-Dec-13,MPV,Commercial,Bus,Stage Carriage Permit,MEDIUM BUSES,20-May-17,20-May-18,19-May-19,WESTERN AREA OF SRINAGAR CITY,,Parimpora ,Budgam,Jehangir Chowk,,2013-2014,2017-2018,DIESEL,,
13130.0,SRINAGAR RTO,JK01V2070,16-Jan-14,MPV,Commercial,Bus,Stage Carriage Permit,MEDIUM BUSES,09-Feb-96,09-Feb-21,08-Feb-23,EASTERN AREA OF SGR ROTATION BASIS,,Qamarwari,Parimpora,Dalgate,Ordinary Service,2013-2014,1995-1996,DIESEL,,
13133.0,SRINAGAR RTO,JK01V2834,30-Jan-14,MPV,Commercial,Bus,Stage Carriage Permit,MEDIUM BUSES,03-Mar-89,03-Mar-19,02-Mar-20,EASTERN AREA OF SGR ROTATION BASIS,,Qamarwari,Parimpora,Dalgate,Ordinary Service,2013-2014,1988-1989,DIESEL,,
13134.0,SRINAGAR RTO,JK01V3440,25-Feb-14,MPV,Commercial,Bus,Stage Carriage Permit,MEDIUM BUSES,17-Apr-14,20-Feb-20,19-Feb-21,EASTERN AREA OF SGR ROTATION BASIS,,Soura,LD,Lalchowk,Ordinary Service,2013-2014,2014-2015,DIESEL,,
13135.0,SRINAGAR RTO,JK01V3531,01-Mar-14,MPV,Commercial,Bus,Stage Carriage Permit,MEDIUM BUSES,01-May-89,01-May-20,30-Apr-22,EASTERN AREA OF SGR ROTATION BASIS,,Hazratbal,LD,Rainawara,Ordinary Service,2013-2014,1989-1990,DIESEL,,
13136.0,SRINAGAR RTO,JK01V3550,25-Feb-14,LPV,Commercial,Bus,Stage Carriage Permit,MINI BUSES FOR RURAL ROUTES,19-Apr-96,18-Apr-20,17-Apr-21,EASTERN AREA OF SGR ROTATION BASIS,,Qamarwari,Parimpora,Dalgate,Ordinary Service,2013-2014,1996-1997,DIESEL,,
13137.0,SRINAGAR RTO,JK01V3620,25-Feb-14,MPV,Commercial,Bus,Stage Carriage Permit,MEDIUM BUSES,23-Dec-91,23-Dec-18,22-Dec-19,EASTERN AREA OF SGR ROTATION BASIS,,LD,Pampore,Dalgate,Ordinary Service,2013-2014,1991-1992,DIESEL,,
13138.0,SRINAGAR RTO,JK01V3705,03-Mar-14,MPV,Commercial,Bus,Stage Carriage Permit,MEDIUM BUSES,22-Jan-92,22-Jan-17,21-Jan-18,EASTERN AREA OF SGR ROTATION BASIS,,Qamarwari,Parimpora,Dalgate,Ordinary Service,2013-2014,1991-1992,DIESEL,,
13139.0,SRINAGAR RTO,JK01V3733,03-Mar-14,MPV,Commercial,Bus,Stage Carriage Permit,MINI BUSES FOR RURAL ROUTES,30-Nov-97,30-Nov-21,29-Nov-23,EASTERN AREA OF SGR ROTATION BASIS,,Soura,LD,Buchpora,Ordinary Service,2013-2014,1997-1998,DIESEL,,
13140.0,SRINAGAR RTO,JK01V3912,07-Mar-14,MPV,Commercial,Bus,Stage Carriage Permit,MEDIUM BUSES,09-Jan-99,09-Jan-23,08-Jan-28,EASTERN AREA OF SGR ROTATION BASIS,,Soura,Hazratbal,Buchpora,Ordinary Service,2013-2014,1998-1999,DIESEL,,
13141.0,SRINAGAR RTO,JK01V4232,14-Mar-14,LPV,Commercial,Bus,Stage Carriage Permit,MINI BUSES FOR RURAL ROUTES,13-Mar-89,12-Apr-22,11-Apr-24,MA ROAD TO SAFAKADAL,,MA Road,Safakadal,Jehangir Chowk,Ordinary Service,2013-2014,1988-1989,DIESEL,,
13142.0,SRINAGAR RTO,JK01V4575,22-Mar-14,MPV,Commercial,Bus,Stage Carriage Permit,MEDIUM BUSES,04-Jul-89,04-Jul-16,03-Jul-17,EASTERN AREA OF SGR ROTATION BASIS,,Soura,LD,Lalchowk,Ordinary Service,2013-2014,1989-1990,DIESEL,,
13143.0,SRINAGAR RTO,JK01V5143,10-Apr-14,MPV,Commercial,Bus,Stage Carriage Permit,MEDIUM BUSES,16-Apr-14,12-Apr-17,11-Apr-18,EASTERN AREA OF SGR ROTATION BASIS,,Parimpora,Panthachowk,Dalgate,Ordinary Service,2014-2015,2014-2015,DIESEL,,
13146.0,SRINAGAR RTO,JK01V6304,28-Apr-14,MPV,Commercial,Bus,Stage Carriage Permit,MEDIUM BUSES,04-Feb-89,04-Feb-21,03-Feb-22,EASTERN AREA OF SGR ROTATION BASIS,,Rangpora,LD,90feet,Ordinary Service,2014-2015,1988-1989,DIESEL,,
13147.0,SRINAGAR RTO,JK01V7433,17-May-14,MPV,Commercial,Bus,Stage Carriage Permit,MEDIUM BUSES,14-Feb-96,14-Feb-18,13-Feb-19,EASTERN AREA OF SGR ROTATION BASIS,,Soura,LD,Buchpora,Ordinary Service,2014-2015,1995-1996,DIESEL,,
13150.0,SRINAGAR RTO,JK01W1099,16-Jul-14,LPV,Commercial,Bus,Stage Carriage Permit,MEDIUM BUSES,18-Oct-89,15-May-23,14-May-28,EASTERN AREA OF SGR ROTATION BASIS,,Baghat Shora,Lalchowk,Nowhata,Ordinary Service,2014-2015,1987-1988,DIESEL,,
13152.0,SRINAGAR RTO,JK01W2906,06-Aug-14,MPV,Commercial,Bus,Stage Carriage Permit,MINI BUSES FOR URBAN ROUTES,22-Mar-97,22-Mar-18,21-Mar-19,EASTERN AREA OF SGR ROTATION BASIS,,LD,Pampore,Dalgate,Ordinary Service,2014-2015,1996-1997,DIESEL,,
13153.0,SRINAGAR RTO,JK01W2933,14-Aug-14,LPV,Commercial,Bus,Stage Carriage Permit,MEDIUM BUSES,01-Jun-17,01-Jun-20,31-May-21,WESTERN AREA OF SRINAGAR CITY,,Parimpora ,Budgam,Jehangir Chowk,,2014-2015,2017-2018,DIESEL,,
13154.0,SRINAGAR RTO,JK01W3433,08-Aug-14,LPV,Commercial,Bus,Stage Carriage Permit,MEDIUM BUSES,20-Aug-97,20-Aug-22,19-Aug-27,WESTERN AREA OF SRINAGAR CITY,,Parimpora ,Budgam,Jehangir Chowk,Ordinary Service,2014-2015,1997-1998,DIESEL,,
13155.0,SRINAGAR RTO,JK01W3674,19-Aug-14,MPV,Commercial,Bus,Stage Carriage Permit,MEDIUM BUSES,09-Mar-91,07-Mar-21,06-Mar-23,,,CHANAPORA,SOURA,"RAMBAGH, EXCROSSING, BUND , SRTC, NEW BRIDGE, KHAYA, RAJOURI KADAL",Ordinary Service,2014-2015,1990-1991,DIESEL,,
13156.0,SRINAGAR RTO,JK01W3766,22-Aug-14,MPV,Commercial,Bus,Stage Carriage Permit,MEDIUM BUSES,15-Sep-92,15-Sep-19,14-Sep-20,EASTERN AREA OF SGR ROTATION BASIS,,Soura,LD,Lalchowk,Ordinary Service,2014-2015,1992-1993,DIESEL,,
13157.0,SRINAGAR RTO,JK01W4680,21-Aug-14,MPV,Commercial,Bus,Stage Carriage Permit,MEDIUM BUSES,17-Jun-90,17-Jun-20,16-Jun-21,EASTERN AREA OF SGR ROTATION BASIS,,Soura,LD,Nowhata,Ordinary Service,2014-2015,1990-1991,DIESEL,,
13160.0,SRINAGAR RTO,JK01W5336,13-Oct-14,LPV,Commercial,Bus,Stage Carriage Permit,MEDIUM BUSES,02-Feb-18,02-Feb-18,01-Feb-19,WESTERN AREA OF SRINAGAR CITY,,Soura,Jehangir Chowk,SMHS,,2014-2015,2017-2018,DIESEL,,
13163.0,SRINAGAR RTO,JK01W5785,16-Oct-14,MPV,Commercial,Bus,Stage Carriage Permit,MEDIUM BUSES,25-Dec-97,25-Dec-18,24-Dec-19,EASTERN AREA OF SGR ROTATION BASIS,,Soura,LD,Buchpora,Ordinary Service,2014-2015,1997-1998,DIESEL,,
13164.0,SRINAGAR RTO,JK01W5789,16-Oct-14,MPV,Commercial,Bus,Stage Carriage Permit,MEDIUM BUSES,18-Nov-97,18-Nov-19,17-Nov-20,EASTERN AREA OF SGR ROTATION BASIS,,Baghat Shora,Lalchowk,Nowhata,Ordinary Service,2014-2015,1997-1998,DIESEL,,
13165.0,SRINAGAR RTO,JK01W5790,16-Oct-14,MPV,Commercial,Bus,Stage Carriage Permit,MEDIUM BUSES,11-Mar-91,04-Jul-20,03-Jul-21,EASTERN AREA OF SGR ROTATION BASIS,,Soura,Lalchowk,Nowhata,Ordinary Service,2014-2015,1990-1991,DIESEL,,
13166.0,SRINAGAR RTO,JK01W5811,25-Oct-14,MPV,Commercial,Bus,Stage Carriage Permit,MEDIUM BUSES,21-Nov-96,21-Nov-16,20-Nov-17,EASTERN AREA OF SGR ROTATION BASIS,,Hazratbal,LD,Rainawara,Ordinary Service,2014-2015,1996-1997,DIESEL,,
13168.0,SRINAGAR RTO,JK01W6410,11-Nov-14,LPV,Commercial,Bus,Stage Carriage Permit,MEDIUM BUSES,10-May-89,10-May-25,09-May-30,EASTERN AREA OF SGR ROTATION BASIS,,Baghat Shora,Lalchowk,Nowhata,,2014-2015,1989-1990,DIESEL,,
13169.0,SRINAGAR RTO,JK01W6711,15-Nov-14,MPV,Commercial,Bus,Stage Carriage Permit,MEDIUM BUSES,02-May-17,02-May-24,01-May-29,WESTERN AREA OF SRINAGAR CITY,,"Hazratbal, Lalbazar",Parimpora,Rajiakadal,,2014-2015,2017-2018,DIESEL,,
13171.0,SRINAGAR RTO,JK01W7119,15-Nov-14,MPV,Commercial,Bus,Stage Carriage Permit,MEDIUM BUSES,07-Jul-97,07-Jul-17,06-Jul-18,EASTERN AREA OF SGR ROTATION BASIS,,Soura,Lalchowk,Nowhata,Ordinary Service,2014-2015,1997-1998,DIESEL,,
13172.0,SRINAGAR RTO,JK01W7761,06-Dec-14,MPV,Commercial,Omni Bus,Stage Carriage Permit,MEDIUM BUSES,04-Feb-17,05-Feb-22,04-Feb-27,WESTERN AREA OF SRINAGAR CITY,,Lawaypora,Jehangir Chowk,Qamarwari,,2014-2015,2016-2017,DIESEL,,
13173.0,SRINAGAR RTO,JK01W8630,26-Dec-14,MPV,Commercial,Bus,Stage Carriage Permit,MEDIUM BUSES,29-Jan-97,29-Jan-17,28-Jan-18,EASTERN AREA OF SGR ROTATION BASIS,,Soura,LD,Buchpora,Ordinary Service,2014-2015,1996-1997,DIESEL,,
13174.0,SRINAGAR RTO,JK01X1170,25-Feb-15,LPV,Commercial,Omni Bus,Stage Carriage Permit,MEDIUM BUSES,07-Aug-17,07-Aug-17,06-Aug-18,WESTERN AREA OF SRINAGAR CITY,,Parimpora ,Budgam,Jehangir Chowk,,2014-2015,2017-2018,DIESEL,,
13181.0,SRINAGAR RTO,JK01X2934,27-Mar-15,LPV,Commercial,Omni Bus,Stage Carriage Permit,MEDIUM BUSES,12-Jun-17,12-Jun-20,11-Jun-21,WESTERN AREA OF SRINAGAR CITY,,Parimpora ,Budgam,Jehangir Chowk,,2014-2015,2017-2018,DIESEL,,
13182.0,SRINAGAR RTO,JK01X3206,03-Apr-15,MPV,Commercial,Omni Bus,Stage Carriage Permit,MEDIUM BUSES,06-Mar-17,06-Mar-19,05-Mar-23,,,SOURA,GANDERBAL,BUCHPORA,Goods Service,2015-2016,2016-2017,DIESEL,,
13183.0,SRINAGAR RTO,JK01X3219,03-Apr-15,MPV,Commercial,Omni Bus,Stage Carriage Permit,MEDIUM BUSES,06-Mar-17,06-May-18,05-May-22,,,SOURA,GANDERBAL,BUCHPORA,Ordinary Service,2015-2016,2016-2017,DIESEL,,
13186.0,SRINAGAR RTO,JK01X3607,09-Apr-15,MPV,Commercial,Bus,Stage Carriage Permit,MEDIUM BUSES,07-May-15,01-May-21,30-Apr-23,EASTERN AREA OF SGR ROTATION BASIS,,Soura,Hazratbal,Buchpora,Ordinary Service,2015-2016,2015-2016,DIESEL,,
13187.0,SRINAGAR RTO,JK01X3716,13-Apr-15,MPV,Commercial,Bus,Stage Carriage Permit,MEDIUM BUSES,20-May-17,20-May-17,19-May-18,WESTERN AREA OF SRINAGAR CITY,,Parimpora ,Budgam,Jehangir Chowk,,2015-2016,2017-2018,DIESEL,,
13188.0,SRINAGAR RTO,JK01X3718,13-Apr-15,LPV,Commercial,Bus,Stage Carriage Permit,MEDIUM BUSES,20-May-17,20-May-19,19-May-20,WESTERN AREA OF SRINAGAR CITY,,Jehangir Chowk,HMT,Parimpora,,2015-2016,2017-2018,DIESEL,,
13189.0,SRINAGAR RTO,JK01X4098,09-Apr-15,LPV,Commercial,Bus,Stage Carriage Permit,MEDIUM BUSES,09-May-89,09-May-19,08-May-20,EASTERN AREA OF SGR ROTATION BASIS,,Malbagh,LD,Illahibagh,Ordinary Service,2015-2016,1989-1990,DIESEL,,
13190.0,SRINAGAR RTO,JK01X4353,27-Apr-15,MPV,Commercial,Omni Bus,Stage Carriage Permit,MEDIUM BUSES,20-May-17,20-May-17,19-May-18,WESTERN AREA OF SRINAGAR CITY,,Jehangir Chowk,JVC,Bemina,,2015-2016,2017-2018,DIESEL,,
13195.0,SRINAGAR RTO,JK01X7067,29-May-15,MPV,Commercial,Bus,Stage Carriage Permit,MEDIUM BUSES,02-Feb-94,02-Feb-17,01-Feb-18,EASTERN AREA OF SGR ROTATION BASIS,,MA Road,Parimpora,Batamallo,Ordinary Service,2015-2016,1993-1994,DIESEL,,
13196.0,SRINAGAR RTO,JK01X7450,08-Jun-15,HPV,Commercial,Bus,Stage Carriage Permit,BIG BUSES(HTV),16-Jun-15,15-Jun-20,14-Jun-25,OUTSKIRTS OF SRINAGAR CITY,,TRC ,HAZRATBAL," VIA SHALIMAR,NISHAT,NEHRU PARK,DALGATE",,2015-2016,2015-2016,DIESEL,,
13197.0,SRINAGAR RTO,JK01X7451,08-Jun-15,HPV,Commercial,Bus,Stage Carriage Permit,BIG BUSES(HTV),16-Jun-15,15-Jun-16,14-Jun-18,OUTSKIRTS OF SRINAGAR CITY,,TRC ,HAZRATBAL," VIA SHALIMAR,NISHAT,NEHRU PARK,DALGATE",Ordinary Service,2015-2016,2015-2016,DIESEL,,
13198.0,SRINAGAR RTO,JK01X7950,09-Jun-15,MPV,Commercial,Omni Bus,Stage Carriage Permit,MEDIUM BUSES,28-Jan-97,28-Jan-20,27-Jan-21,EASTERN AREA OF SGR ROTATION BASIS,,LD,Pampore,Dalgate,Express Service,2015-2016,1996-1997,DIESEL,,
13199.0,SRINAGAR RTO,JK01X9102,20-Jun-15,MPV,Commercial,Bus,Stage Carriage Permit,MEDIUM BUSES,30-Apr-97,30-Apr-20,29-Apr-22,EASTERN AREA OF SGR ROTATION BASIS,,Soura,Hazratbal,Buchpora,Ordinary Service,2015-2016,1997-1998,DIESEL,,
13560.0,SRINAGAR RTO,JK03A1933,19-Jul-05,LPV,Commercial,Bus,Stage Carriage Permit,MINI BUSES FOR URBAN ROUTES,04-Feb-92,13-Mar-20,12-Mar-25,EASTERN AREA OF SGR ROTATION BASIS,,Soura,Hazratbal,Buchpora,Ordinary Service,2005-2006,1991-1992,DIESEL,,
13562.0,SRINAGAR RTO,JK03A5144,19-Sep-04,LPV,Commercial,Bus,Stage Carriage Permit,MEDIUM BUSES,09-Aug-07,19-Oct-22,18-Oct-24,EASTERN AREA OF SGR ROTATION BASIS,,Soura,Hazratbal,Buchpora,Ordinary Service,2004-2005,2007-2008,DIESEL,,
13583.0,SRINAGAR RTO,JK045561,22-Mar-02,MPV,Commercial,Omni Bus,Stage Carriage Permit,MINI BUSES FOR RURAL ROUTES,17-Apr-02,17-Apr-19,16-Apr-20,WESTERN AREA OF SRINAGAR CITY,,Parimpora ,Budgam,Jehangir Chowk,Ordinary Service,2001-2002,2002-2003,DIESEL,,
13584.0,SRINAGAR RTO,JK045723,02-May-02,MPV,Commercial,Omni Bus,Stage Carriage Permit,MINI BUSES FOR RURAL ROUTES,26-Jun-02,27-Jun-19,26-Jun-20,WESTERN AREA OF SGR ROTATION BASIS,,LD ,Parimpora,Jehangir Chowk,Ordinary Service,2002-2003,2002-2003,DIESEL,,
13585.0,SRINAGAR RTO,JK045804,05-Jun-02,MPV,Commercial,Omni Bus,Stage Carriage Permit,MEDIUM BUSES,28-Jun-02,28-Jun-19,27-Jun-20,EASTERN AREA OF SGR ROTATION BASIS,,Soura,LD,Dalgate,Express Service,2002-2003,2002-2003,DIESEL,,
13586.0,SRINAGAR RTO,JK045926,21-Jun-02,MPV,Commercial,Omni Bus,Stage Carriage Permit,MEDIUM BUSES,28-Jun-02,28-Jun-18,27-Jun-19,WESTERN AREA OF SRINAGAR CITY,,LD ,Parimpora,Jehangir Chowk,Express Service,2002-2003,2002-2003,DIESEL,,
13587.0,SRINAGAR RTO,JK046156,08-Aug-02,MPV,Commercial,Bus,Stage Carriage Permit,MEDIUM BUSES,21-Oct-02,20-Nov-19,20-Nov-20,EASTERN AREA OF SGR ROTATION BASIS,,Soura,LD,Dalgate,Ordinary Service,2002-2003,2002-2003,DIESEL,,
13588.0,SRINAGAR RTO,JK046327,13-Sep-02,LPV,Commercial,Omni Bus,Stage Carriage Permit,MEDIUM BUSES,06-Jun-89,06-Jun-18,05-Jun-19,WESTERN AREA OF SRINAGAR CITY,,LD ,Parimpora,Jehangir Chowk,Express Service,2002-2003,1989-1990,DIESEL,,
13589.0,SRINAGAR RTO,JK047400,21-Jul-03,MPV,Commercial,Omni Bus,Stage Carriage Permit,MINI BUSES FOR URBAN ROUTES,23-May-89,05-Mar-20,05-Mar-21,WESTERN AREA OF SRINAGAR CITY,,SafaKadal ,Jehangir Chowk,Karanangar,,2003-2004,1989-1990,DIESEL,,
13590.0,SRINAGAR RTO,JK048715,07-May-04,MPV,Commercial,Omni Bus,Stage Carriage Permit,MINI BUSES FOR URBAN ROUTES,31-Jan-01,31-Jan-20,31-Jan-21,WESTERN AREA OF SRINAGAR CITY,,Parimpora ,Budgam,Jehangir Chowk,,2004-2005,2000-2001,DIESEL,,
13591.0,SRINAGAR RTO,JK049916,31-Aug-04,LPV,Commercial,Omni Bus,Stage Carriage Permit,MINI BUSES FOR URBAN ROUTES,03-Sep-92,22-Sep-18,22-Sep-19,WESTERN AREA OF SGR ROTATION BASIS,,Jehangir Chowk,HMT,Parimpora,Ordinary Service,2004-2005,1992-1993,DIESEL,,
13592.0,SRINAGAR RTO,JK049922,01-Sep-04,MPV,Commercial,Omni Bus,Stage Carriage Permit,MINI BUSES FOR URBAN ROUTES,21-Feb-92,20-Feb-20,20-Feb-21,WESTERN AREA OF SRINAGAR CITY,,LD ,Parimpora,Jehangir Chowk,,2004-2005,1991-1992,DIESEL,,
13593.0,SRINAGAR RTO,JK057604,14-May-03,MPV,Commercial,Bus,Stage Carriage Permit,MEDIUM BUSES,09-May-85,09-May-23,08-May-28,EASTERN AREA OF SGR ROTATION BASIS,,Soura,LD,Lalchowk,Ordinary Service,2003-2004,1985-1986,DIESEL,,
13594.0,SRINAGAR RTO,JK061476,15-Apr-06,LPV,Commercial,Bus,Stage Carriage Permit,MEDIUM BUSES,04-Nov-97,19-Jul-25,18-Jul-30,EASTERN AREA OF SGR ROTATION BASIS,,Jehangir Chowk,JVC,Bemina,,2006-2007,1997-1998,DIESEL,,
13605.0,SRINAGAR RTO,JK092323,15-Mar-05,LPV,Commercial,Bus,Stage Carriage Permit,MINI BUSES FOR URBAN ROUTES,10-Jul-01,11-Jul-19,10-Jul-20,EASTERN AREA OF SGR ROTATION BASIS,,Soura,LD,Lalchowk,Ordinary Service,2004-2005,2001-2002,DIESEL,,
13606.0,SRINAGAR RTO,JK093531,12-Jun-07,LPV,Commercial,Bus,Stage Carriage Permit,MINI BUSES FOR URBAN ROUTES,26-Jun-14,11-Jul-19,11-Jul-20,EASTERN AREA OF SGR ROTATION BASIS,,Soura,LD,Dalgate,,2007-2008,2014-2015,DIESEL,,
13610.0,SRINAGAR RTO,JK132135,02-Feb-00,HPV,Commercial,Bus,Stage Carriage Permit,BIG BUSES(HTV),11-Sep-12,10-Sep-15,09-Sep-20,WESTERN AREA OF SGR ROTATION BASIS,,Parimpora ,Jawahirnagar,LD,Ordinary Service,1999-2000,2012-2013,DIESEL,,
13612.0,SRINAGAR RTO,JK134155,14-Mar-02,MPV,Commercial,Bus,Stage Carriage Permit,MEDIUM BUSES,01-Apr-11,01-Apr-21,31-Mar-23,WESTERN AREA OF SGR ROTATION BASIS,,SafaKadal ,Jehangir Chowk,SMHS,Ordinary Service,2001-2002,2011-2012,DIESEL,,
,SRINAGAR RTO,,,EBus,,,,,,,,,,PARIMPORA,HARWAN,,,,,,,E-1
,SRINAGAR RTO,,,EBus,,,,,,,,,,PARIMPORA,HARWAN,,,,,,,E-2
,SRINAGAR RTO,,,EBus,,,,,,,,,,PARIMPORA,HARWAN,,,,,,,E-3
,SRINAGAR RTO,,,EBus,,,,,,,,,,PARIMPORA,HARWAN,,,,,,,E-4
,SRINAGAR RTO,,,EBus,,,,,,,,,,PARIMPORA,HARWAN,,,,,,,E-5
,SRINAGAR RTO,,,EBus,,,,,,,,,,PARIMPORA,HARWAN,,,,,,,E-6
,SRINAGAR RTO,,,EBus,,,,,,,,,,PARIMPORA,HARWAN,,,,,,,E-7
,SRINAGAR RTO,,,EBus,,,,,,,,,,BATAMALLO,HAZRATBAL,,,,,,,E-1
,SRINAGAR RTO,,,EBus,,,,,,,,,,BATAMALLO,HAZRATBAL,,,,,,,E-2
,SRINAGAR RTO,,,EBus,,,,,,,,,,BATAMALLO,HAZRATBAL,,,,,,,E-3
,SRINAGAR RTO,,,EBus,,,,,,,,,,BATAMALLO,HAZRATBAL,,,,,,,E-4
,SRINAGAR RTO,,,EBus,,,,,,,,,,BATAMALLO,HAZRATBAL,,,,,,,E-5
,SRINAGAR RTO,,,EBus,,,,,,,,,,BATAMALLO,HAZRATBAL,,,,,,,E-6
,SRINAGAR RTO,,,EBus,,,,,,,,,,LD,PANDACH,,,,,,,E-1
,SRINAGAR RTO,,,EBus,,,,,,,,,,LD,PANDACH,,,,,,,E-2
,SRINAGAR RTO,,,EBus,,,,,,,,,,LD,PANDACH,,,,,,,E-3
,SRINAGAR RTO,,,EBus,,,,,,,,,,LD,PANDACH,,,,,,,E-4
,SRINAGAR RTO,,,EBus,,,,,,,,,,LD,PANDACH,,,,,,,E-5
,SRINAGAR RTO,,,EBus,,,,,,,,,,PANTHACHOWK,NARBAL,QAMARWARI,,,,,,E-1
,SRINAGAR RTO,,,EBus,,,,,,,,,,PANTHACHOWK,NARBAL,QAMARWARI,,,,,,E-2
,SRINAGAR RTO,,,EBus,,,,,,,,,,PARIMPORA,HAZRATBAL,SAKIDAFAR,,,,,,E-1
,SRINAGAR RTO,,,EBus,,,,,,,,,,PARIMPORA,HAZRATBAL,SAKIDAFAR,,,,,,E-2
,SRINAGAR RTO,,,EBus,,,,,,,,,,PARIMPORA,HAZRATBAL,SAKIDAFAR,,,,,,E-3
,SRINAGAR RTO,,,EBus,,,,,,,,,,PARIMPORA,HAZRATBAL,SAKIDAFAR,,,,,,E-4
,SRINAGAR RTO,,,EBus,,,,,,,,,,PARIMPORA,HAZRATBAL,SAKIDAFAR,,,,,,E-5
,SRINAGAR RTO,,,EBus,,,,,,,,,,TRC,TRC,NAWABAZAR,,,,,,E-1
,SRINAGAR RTO,,,EBus,,,,,,,,,,BATAMALLO,RANGRETH,IQBAL PARK,,,,,,E-1
,SRINAGAR RTO,,,EBus,,,,,,,,,,BATAMALLO,RANGRETH,IQBAL PARK,,,,,,E-2
,SRINAGAR RTO,,,EBus,,,,,,,,,,BATAMALLO,RANGRETH,IQBAL PARK,,,,,,E-3
,SRINAGAR RTO,,,EBus,,,,,,,,,,BATAMALLO,RANGRETH,IQBAL PARK,,,,,,E-4
,SRINAGAR RTO,,,EBus,,,,,,,,,,TRC,BATPORA,NIGEEN,,,,,,E-1
,SRINAGAR RTO,,,EBus,,,,,,,,,,TRC,BATPORA,NIGEEN,,,,,,E-2
,MPS BUSES,,,MPS Bus,,,,,,,,,,Srinagar,Shanglipora,,,,,,,
,MPS BUSES,,,MPS Bus,,,,,,,,,,Srinagar,Isganderpora,,,,,,,
,MPS BUSES,,,MPS Bus,,,,,,,,,,Srinagar,Aboora,,,,,,,
,MPS BUSES,,,MPS Bus,,,,,,,,,,Srinagar,Arizal,,,,,,,
,MPS BUSES,,,MPS Bus,,,,,,,,,,Srinagar,Baderkote,,,,,,,
,MPS BUSES,,,MPS Bus,,,,,,,,,,Srinagar,Loolpora,,,,,,,
,MPS BUSES,,,MPS Bus,,,,,,,,,,Srinagar,Beeru,,,,,,,
,MPS BUSES,,,MPS Bus,,,,,,,,,,Srinagar,Dardpora,,,,,,,
,MPS BUSES,,,MPS Bus,,,,,,,,,,Srinagar,Gaguldara,,,,,,,
,MPS BUSES,,,MPS Bus,,,,,,,,,,Srinagar,Ratnipora,,,,,,,
,MPS BUSES,,,MPS Bus,,,,,,,,,,Srinagar,Ratsun,,,,,,,
,MPS BUSES,,,MPS Bus,,,,,,,,,,Srinagar,Khag,,,,,,,
,MPS BUSES,,,MPS Bus,,,,,,,,,,Srinagar,Karhama,,,,,,,
,MPS BUSES,,,MPS Bus,,,,,,,,,,Srinagar,Chewdara,,,,,,,
,MPS BUSES,,,MPS Bus,,,,,,,,,,Srinagar,Badrun,,,,,,,
,MPS BUSES,,,MPS Bus,,,,,,,,,,Srinagar,Tangmarg,,,,,,,
,MPS BUSES,,,MPS Bus,,,,,,,,,,Srinagar,Khoor,,,,,,,
,MPS BUSES,,,MPS Bus,,,,,,,,,,Srinagar,Handwara,,,,,,,
,MPS BUSES,,,MPS Bus,,,,,,,,,,Srinagar,Sheikhpora Kakuthal,,,,,,,
,MPS BUSES,,,MPS Bus,,,,,,,,,,Srinagar,Trehgam Kup,,,,,,,
,MPS BUSES,,,MPS Bus,,,,,,,,,,Srinagar,Chowkibal,,,,,,,
,MPS BUSES,,,MPS Bus,,,,,,,,,,Srinagar,Milyaal,,,,,,,
,MPS BUSES,,,MPS Bus,,,,,,,,,,Srinagar,Zurhama,,,,,,,
,MPS BUSES,,,MPS Bus,,,,,,,,,,Srinagar,Tarthpora,,,,,,,
,MPS BUSES,,,MPS Bus,,,,,,,,,,Srinagar,Gazriyal,,,,,,,
,MPS BUSES,,,MPS Bus,,,,,,,,,,Srinagar,Hajin,,,,,,,
,MPS BUSES,,,MPS Bus,,,,,,,,,,Srinagar,Safapora Sumbal,,,,,,,
,MPS BUSES,,,MPS Bus,,,,,,,,,,Srinagar,Safapora Gbl,,,,,,,
,MPS BUSES,,,MPS Bus,,,,,,,,,,Srinagar,Narwara Budgam,,,,,,,
,MPS BUSES,,,MPS Bus,,,,,,,,,,Srinagar,Charishreef,,,,,,,
,MPS BUSES,,,MPS Bus,,,,,,,,,,Srinagar,Pakherpora,,,,,,,
,MPS BUSES,,,MPS Bus,,,,,,,,,,Srinagar,Tral Dadsur,,,,,,,
,MPS BUSES,,,MPS Bus,,,,,,,,,,Srinagar,Pasthoon,,,,,,,
,MPS BUSES,,,MPS Bus,,,,,,,,,,Srinagar,Naristan,,,,,,,
,MPS BUSES,,,MPS Bus,,,,,,,,,,Srinagar,Pinglish,,,,,,,
,MPS BUSES,,,MPS Bus,,,,,,,,,,Srinagar,Tral Nowdal,,,,,,,
,MPS BUSES,,,MPS Bus,,,,,,,,,,Srinagar,Qazigund,,,,,,,
,MPS BUSES,,,MPS Bus,,,,,,,,,,Srinagar,Mirpora Budgam,,,,,,,
,MPS BUSES,,,MPS Bus,,,,,,,,,,Srinagar,Vijipopra,,,,,,,
,MPS BUSES,,,MPS Bus,,,,,,,,,,Srinagar,Kupwara Day,,,,,,,
,MPS BUSES,,,MPS Bus,,,,,,,,,,Srinagar,Uri Baramulla service oprated recently,,,,,,,
,MPS BUSES,,,MPS Bus,,,,,,,,,,Srinagar,Tangdar,,,,,,,
,MPS BUSES,,,MPS Bus,,,,,,,,,,Srinagar,Zachaldar,,,,,,,
,B/O Bandipora,,,Regular Bus,,,,,,,,,,Bpr,Srinagar,,,,,,,
,B/O Bandipora,,,Regular Bus,,,,,,,,,,Bpr,Srinagar,,,,,,,
,B/O Bandipora,,,Regular Bus,,,,,,,,,,Bpr,Srinagar,,,,,,,
,B/O Bandipora,,,Regular Bus,,,,,,,,,,Srinagar,Bandipora-Soura,,,,,,,
,B/O Bandipora,,,Regular Bus,,,,,,,,,,Srinagar,BanKoot-Sgr,BPR,,,,,,
,B/O Bandipora,,,Regular Bus,,,,,,,,,,Srinagar,Arin- Srinagar,,,,,,,
,B/O Bandipora,,,Regular Bus,,,,,,,,,,Malangam,Srinagar,,,,,,,
,B/O Bandipora,,,Regular Bus,,,,,,,,,,BPR,Baramulla,,,,,,,
,Sopore Depot,,,Regular Bus,,,,,,,,,,Srinagar,Sopore-Srinagar,,,,,,,
,Sopore Depot,,,Regular Bus,,,,,,,,,,Srinagar,Sopore-Srinagar,,,,,,,
,Sopore Depot,,,Regular Bus,,,,,,,,,,Srinagar,Zaloora-Sgr,,,,,,,
,Sopore Depot,,,Regular Bus,,,,,,,,,,Srinagar,Botingue- Sgr,,,,,,,
,Baramulla Depot,,,Regular Bus,,,,,,,,,,Srinagar,Baramulla-Srinagar,,,,,,,
,Baramulla Depot,,,Regular Bus,,,,,,,,,,Srinagar,Uri- Srinagar,,,,,,,
,Baramulla Depot,,,Regular Bus,,,,,,,,,,KamalKote,Baramulla,,,,,,,
,Baramulla Depot,,,Regular Bus,,,,,,,,,,Garkote,Baramulla,,,,,,,
,Baramulla Depot,,,Regular Bus,,,,,,,,,,Nambia,Baramulla,,,,,,,
,Baramulla Depot,,,Regular Bus,,,,,,,,,,Fathgath,Sgr,,,,,,,
,Baramulla Depot,,,Regular Bus,,,,,,,,,,Pehilpora,Uri,BLA,,,,,,
,Baramulla Depot,,,Regular Bus,,,,,,,,,,Srinagar,Kachoo- Baramulla,,,,,,,
,Baramulla Depot,,,Regular Bus,,,,,,,,,,Maidanan,Srinagar,,,,,,,
,Baramulla Depot,,,Regular Bus,,,,,,,,,,Ijara,Srinagar,,,,,,,
,Baramulla Depot,,,Regular Bus,,,,,,,,,,Baramula,Kupwra,,,,,,,
,Kupwara Depot,,,Regular Bus,,,,,,,,,,Srinagar,Kupwara- Srinagar,,,,,,,
,Kupwara Depot,,,Regular Bus,,,,,,,,,,Srinagar,Sogam- Srinagar,,,,,,,
,Kupwara Depot,,,Regular Bus,,,,,,,,,,Srinagar,Kupwara-tarthpora- Sgr,,,,,,,
,Kupwara Depot,,,Regular Bus,,,,,,,,,,Srinagar,Kupwara-Srinagar,,,,,,,
,Kupwara Depot,,,Regular Bus,,,,,,,,,,Srinagar,Kapwara-Tekipora-,,,,,,,
,B/O Shopian,,,Regular Bus,,,,,,,,,,Shopian,Srinagar,,,,,,,
,B/O Shopian,,,Regular Bus,,,,,,,,,,Sedow,Srinagar,,,,,,,
,B/O Shopian,,,Regular Bus,,,,,,,,,,Harman,Srinagar,,,,,,,
,B/O Shopian,,,Regular Bus,,,,,,,,,,Kaprin,Srinagar,,,,,,,
,B/O Shopian,,,Regular Bus,,,,,,,,,,Nehama,Srinagar,,,,,,,
,B/O Kulgam,,,Regular Bus,,,,,,,,,,Khull Ahmadabad,Sgr,,,,,,,
,B/O Kulgam,,,Regular Bus,,,,,,,,,,D.H.Pora,Srinagar,,,,,,,
,B/O Kulgam,,,Regular Bus,,,,,,,,,,Pariwan,Srinagar,,,,,,,
,B/O Kulgam,,,Regular Bus,,,,,,,,,,Srinagar,Kulgam- Srinagar,,,,,,,
,B/O Kulgam,,,Regular Bus,,,,,,,,,,Srinagar,Katrosoo-Srinagar,,,,,,,
,B/O Kulgam,,,Regular Bus,,,,,,,,,,Srinagar,Yaripora-Srinagar,,,,,,,
,B/O Pulwama,,,Regular Bus,,,,,,,,,,Pulwama,Srinagar,,,,,,,
,B/O Pulwama,,,Regular Bus,,,,,,,,,,Srinagar,Pulwama- Srinagar,,,,,,,
,B/O Pulwama,,,Regular Bus,,,,,,,,,,Koil,Srinagar,,,,,,,
,B/O Pulwama,,,Regular Bus,,,,,,,,,,Srinagar,Wasoora- Srinagar,,,,,,,
,B/O Pulwama,,,Regular Bus,,,,,,,,,,Srinagar,Lettar-Achan-Sgr,,,,,,,
,B/O Pulwama,,,Regular Bus,,,,,,,,,,Srinagar,Letter-Srinagar,,,,,,,
,B/O Pulwama,,,Regular Bus,,,,,,,,,,Srinagar,Heff- Srinagar,,,,,,,
,B/O Pulwama,,,Regular Bus,,,,,,,,,,Srinagar,Keller-Shopian-Sgr,,,,,,,
,B/O Pulwama,,,Regular Bus,,,,,,,,,,Srinagar,Keller- Srinagar,,,,,,,
,B/O Pulwama,,,Regular Bus,,,,,,,,,,Srinagar,Keller- Srinagar,,,,,,,
,B/O Pulwama,,,Regular Bus,,,,,,,,,,Srinagar,Achguze- Srinagar,,,,,,,
,B/O Pulwama,,,Regular Bus,,,,,,,,,,Srinagar,Sangerwani- Srinagar,,,,,,,
,B/O Pulwama,,,Regular Bus,,,,,,,,,,Srinagar,Pakherpora- Srinagar,,,,,,,
,Anantnagh Depot,,,Regular Bus,,,,,,,,,,Anantnagh,Srinagar,,,,,,,
,Anantnagh Depot,,,Regular Bus,,,,,,,,,,Anantnagh,Srinagar,,,,,,,
,Anantnagh Depot,,,Regular Bus,,,,,,,,,,Anantnagh,Srinagar,,,,,,,
,Anantnagh Depot,,,Regular Bus,,,,,,,,,,Anantnagh,Srinagar,,,,,,,
,Anantnagh Depot,,,Regular Bus,,,,,,,,,,Anantnagh,Srinagar,,,,,,,
,Anantnagh Depot,,,Regular Bus,,,,,,,,,,Anantnagh,Srinagar,,,,,,,
,Anantnagh Depot,,,Regular Bus,,,,,,,,,,Anantnagh,Srinagar,,,,,,,
,Anantnagh Depot,,,Regular Bus,,,,,,,,,,Anantnagh,Srinagar,,,,,,,
,Anantnagh Depot,,,Regular Bus,,,,,,,,,,Anantnagh,Srinagar,,,,,,,
,Anantnagh Depot,,,Regular Bus,,,,,,,,,,Anantnagh,Srinagar,,,,,,,
,Anantnagh Depot,,,Regular Bus,,,,,,,,,,Srinagar,Phalgam- Anantnagh,,,,,,,
,Anantnagh Depot,,,Regular Bus,,,,,,,,,,Srinagar,Mawan- Srinagar,,,,,,,
,Anantnagh Depot,,,Regular Bus,,,,,,,,,,Srinagar,Devsur-Srinagar,,,,,,,
,Anantnagh Depot,,,Regular Bus,,,,,,,,,,Srinagar,Lammer- Anantnagh,,,,,,,
,Anantnagh Depot,,,Regular Bus,,,,,,,,,,Srinagar,Kaprun- Srinagar,,,,,,,
,Anantnagh Depot,,,Regular Bus,,,,,,,,,,Srinagar,Chowgund- Srinagar,,,,,,,
,Anantnagh Depot,,,Regular Bus,,,,,,,,,,Srinagar,Shangus- Srinagar,,,,,,,
,Anantnagh Depot,,,Regular Bus,,,,,,,,,,Srinagar,Uttersoo- Srinagar,,,,,,,
,Anantnagh Depot,,,Regular Bus,,,,,,,,,,Vailo,Srinagar,,,,,,,
,Anantnagh Depot,,,Regular Bus,,,,,,,,,,Srinagar,Chakil pora- Sgr,,,,,,,
,Anantnagh Depot,,,Regular Bus,,,,,,,,,,Haftnar,Anantnagh,,,,,,,
,Anantnagh Depot,,,Regular Bus,,,,,,,,,,Srinagar,Kherum- Anantnagh,,,,,,,
,Anantnagh Depot,,,Regular Bus,,,,,,,,,,Srinagar,Matigawran- Ang,,,,,,,
,Anantnagh Depot,,,Regular Bus,,,,,,,,,,Anantnagh,Shopian,,,,,,,
,Traffic Manager (City) JKRTC Srinagar,,,City Bus,,,,,,,,,,Srinagar,New Khanda,,,,,,,
,Traffic Manager (City) JKRTC Srinagar,,,City Bus,,,,,,,,,,Srinagar,By pass,,,,,,,
,Traffic Manager (City) JKRTC Srinagar,,,City Bus,,,,,,,,,,Srinagar,Khrew,,,,,,,
,Traffic Manager (City) JKRTC Srinagar,,,City Bus,,,,,,,,,,Srinagar,Khrew,,,,,,,
,Traffic Manager (City) JKRTC Srinagar,,,City Bus,,,,,,,,,,Srinagar,Railway,,,,,,,
,Traffic Manager (City) JKRTC Srinagar,,,City Bus,,,,,,,,,,Srinagar,Bypass,,,,,,,
,Traffic Manager (City) JKRTC Srinagar,,,City Bus,,,,,,,,,,Srinagar,GulaBagh,,,,,,,
,Traffic Manager (City) JKRTC Srinagar,,,City Bus,,,,,,,,,,Srinagar,Bypass,,,,,,,
,Traffic Manager (City) JKRTC Srinagar,,,City Bus,,,,,,,,,,Srinagar,Ratnipura,,,,,,,
,Traffic Manager (City) JKRTC Srinagar,,,City Bus,,,,,,,,,,Srinagar,Bypass,,,,,,,
,Traffic Manager (City) JKRTC Srinagar,,,City Bus,,,,,,,,,,Srinagar,Buchpora,,,,,,,
,Traffic Manager (City) JKRTC Srinagar,,,City Bus,,,,,,,,,,Srinagar,Pampore,,,,,,,
,Traffic Manager (City) JKRTC Srinagar,,,City Bus,,,,,,,,,,Srinagar,Budgam,,,,,,,
,Traffic Manager (City) JKRTC Srinagar,,,City Bus,,,,,,,,,,Srinagar,Pampore,,,,,,,
,Traffic Manager (City) JKRTC Srinagar,,,City Bus,,,,,,,,,,Srinagar,Gund,,,,,,,
,Traffic Manager (City) JKRTC Srinagar,,,City Bus,,,,,,,,,,Srinagar,Chadoora,,,,,,,
,Traffic Manager (City) JKRTC Srinagar,,,City Bus,,,,,,,,,,Srinagar,Railway,,,,,,,
,Traffic Manager (City) JKRTC Srinagar,,,City Bus,,,,,,,,,,Srinagar,pampore,,,,,,,
,Traffic Manager (City) JKRTC Srinagar,,,City Bus,,,,,,,,,,Srinagar,Bugam,,,,,,,
,Traffic Manager (City) JKRTC Srinagar,,,City Bus,,,,,,,,,,Srinagar,Chadoora,,,,,,,
,Traffic Manager (City) JKRTC Srinagar,,,City Bus,,,,,,,,,,Srinagar,Pampore,,,,,,,
,Traffic Manager (City) JKRTC Srinagar,,,City Bus,,,,,,,,,,Srinagar,Bypass,,,,,,,
,Traffic Manager (City) JKRTC Srinagar,,,City Bus,,,,,,,,,,Srinagar,Rasoo,,,,,,,
,Traffic Manager (City) JKRTC Srinagar,,,City Bus,,,,,,,,,,Srinagar,Pampore,,,,,,,
,Traffic Manager (City) JKRTC Srinagar,,,City Bus,,,,,,,,,,Srinagar,Harwan,,,,,,,
,Traffic Manager (City) JKRTC Srinagar,,,City Bus,,,,,,,,,,Srinagar,HARWAN,,,,,,,
,Traffic Manager (City) JKRTC Srinagar,,,City Bus,,,,,,,,,,Srinagar,pampore,,,,,,,
,Traffic Manager (City) JKRTC Srinagar,,,City Bus,,,,,,,,,,Srinagar,New Khanda,,,,,,,
,Traffic Manager (City) JKRTC Srinagar,,,City Bus,,,,,,,,,,Srinagar,Khrew,,,,,,,
,Traffic Manager (City) JKRTC Srinagar,,,City Bus,,,,,,,,,,Srinagar,Pampore,,,,,,,
,Traffic Manager (City) JKRTC Srinagar,,,City Bus,,,,,,,,,,Srinagar,pampore,,,,,,,
,Traffic Manager (City) JKRTC Srinagar,,,City Bus,,,,,,,,,,Srinagar,GulaBagh,,,,,,,
,Traffic Manager (City) JKRTC Srinagar,,,City Bus,,,,,,,,,,Srinagar,Bypass,,,,,,,
,Traffic Manager (City) JKRTC Srinagar,,,City Bus,,,,,,,,,,Srinagar,Ratnipura,,,,,,,
,Traffic Manager (City) JKRTC Srinagar,,,City Bus,,,,,,,,,,Srinagar,pampore,,,,,,,
,Traffic Manager (City) JKRTC Srinagar,,,City Bus,,,,,,,,,,Srinagar,Ganderbal,,,,,,,
,Traffic Manager (City) JKRTC Srinagar,,,City Bus,,,,,,,,,,Srinagar,Pampore,,,,,,,
,Traffic Manager (City) JKRTC Srinagar,,,City Bus,,,,,,,,,,Srinagar,Budgam,,,,,,,
,Traffic Manager (City) JKRTC Srinagar,,,City Bus,,,,,,,,,,Srinagar,Bypass,,,,,,,
,Traffic Manager (City) JKRTC Srinagar,,,City Bus,,,,,,,,,,Srinagar,Gund,,,,,,,
,Traffic Manager (City) JKRTC Srinagar,,,City Bus,,,,,,,,,,Srinagar,Railway,,,,,,,
,Traffic Manager (City) JKRTC Srinagar,,,City Bus,,,,,,,,,,Srinagar,Pampore,,,,,,,
,Traffic Manager (City) JKRTC Srinagar,,,City Bus,,,,,,,,,,Srinagar,Chadoora,,,,,,,
,Traffic Manager (City) JKRTC Srinagar,,,City Bus,,,,,,,,,,Srinagar,Bugam,,,,,,,
,Traffic Manager (City) JKRTC Srinagar,,,City Bus,,,,,,,,,,Srinagar,Pampore,,,,,,,
,Traffic Manager (City) JKRTC Srinagar,,,City Bus,,,,,,,,,,Srinagar,Pampore,,,,,,,
,Traffic Manager (City) JKRTC Srinagar,,,City Bus,,,,,,,,,,Srinagar,Pampore,,,,,,,
,Traffic Manager (City) JKRTC Srinagar,,,City Bus,,,,,,,,,,Srinagar,Rasoo,,,,,,,
,Traffic Manager (City) JKRTC Srinagar,,,City Bus,,,,,,,,,,Srinagar,Harwan,,,,,,,
,MTS JKRTC Srinagar,,,MTS Bus,,,,,,,,,,Srinagar,Jammu,,,,,,,
,MTS JKRTC Srinagar,,,MTS Bus,,,,,,,,,,Srinagar,Delhi,,,,,,,
,MTS JKRTC Srinagar,,,MTS Bus,,,,,,,,,,Srinagar,Poonch,,,,,,,
,MTS JKRTC Srinagar,,,MTS Bus,,,,,,,,,,Srinagar,Babanagri Rajouri,,,,,,,
,MTS JKRTC Srinagar,,,MTS Bus,,,,,,,,,,Srinagar,Kishtiwar,,,,,,,
,MTS JKRTC Srinagar,,,MTS Bus,,,,,,,,,,Srinagar,Leh,,,,,,,
,MTS JKRTC Srinagar,,,MTS Bus,,,,,,,,,,Srinagar,Amritsar,,,,,,,
,MTS JKRTC Srinagar,,,MTS Bus,,,,,,,,,,TRC,Airport,,,,,,,
