Warning 3: Cannot find header.dxf (GDAL_DATA is not defined)
Cannot find header.dxf (GDAL_DATA is not defined)
Warning 3: Cannot find gdalvrt.xsd (GDAL_DATA is not defined)
2026-06-21 01:20:27,553  INFO      ======================================================================
2026-06-21 01:20:27,553  INFO        Srinagar / Kashmir Valley Transit Rationalisation — ENGINE v3.0 (Kashmir Fork)
2026-06-21 01:20:27,554  INFO        SSCL/CHALO Backbone Injection + Kashmir Geographic Recentre | May 2026
2026-06-21 01:20:27,554  INFO      ======================================================================
2026-06-21 01:20:27,554  INFO        Map tile provider     : OpenStreetMap / CartoDB
2026-06-21 01:20:27,554  INFO        Scenario              : SUMMER / SHOULDER
2026-06-21 01:20:27,554  INFO        Walkshed (effective)  : 400 m  (POI buffer: 250 m)
2026-06-21 01:20:27,554  INFO        Tier-3 POI weight     : 0.60 (tourism POIs)
2026-06-21 01:20:27,554  INFO        Women-anchor boost    : 25% (CHALO: 64.5% female ridership)
2026-06-21 01:20:27,554  INFO        CHALO observed peak   : 4346 pax/hr @ 9:00 (citywide)
2026-06-21 01:20:27,554  INFO        CHALO op ratio        : 84.5% (operated / scheduled KM)
2026-06-21 01:20:27,554  INFO      ======================================================================
2026-06-21 01:20:27,554  INFO        Directive 1: Zero Route Truncation — ALL routes processed
2026-06-21 01:20:27,554  INFO        Directive 2: Realistic Cycle Times (Srinagar congestion zones)
2026-06-21 01:20:27,554  INFO        Directive 3: Min Fleet = 2 (floor, no LPV downgrade)
2026-06-21 01:20:27,554  INFO        Directive 4: Trunk CDI gate = 30th percentile (aggressive) | Anti-stranding: 5.0 km min | SSCL connectivity bonus: 1.5x
2026-06-21 01:20:27,554  INFO        Directive 5: Pop cap = 95th percentile | POI tiers: 1.0/0.4/0.6
2026-06-21 01:20:27,554  INFO        Directive 6: Full audit logging throughout
2026-06-21 01:20:27,555  INFO        SSCL Injection: 30 e-bus routes hardcoded TRUNK/HP @ 15-min headway
2026-06-21 01:20:27,555  INFO        Vehicle Split: Trunk=Route_KM-bracketed HPV (cap 50%) | Feeder=100%MPV (Regular/MPS 30% HPV) | SSCL=empirical 9m/12m
2026-06-21 01:20:27,555  INFO      ======================================================================
2026-06-21 01:20:27,555  INFO      
── PHASE 1: Data Ingestion & OSRM ──────────────────────────────────
2026-06-21 01:20:27,555  INFO      Loading routes from 'existing-routes.csv'
2026-06-21 01:20:27,575  INFO        Route_Name reconstructed for 444 blank rows (Origin ↔ Destination).
2026-06-21 01:20:27,577  INFO        Loaded 614 routes (no length filter applied — Directive 1).
2026-06-21 01:20:27,577  INFO      Input QA: checking endpoint geocode plausibility (Rec 2)…
2026-06-21 01:20:27,620  WARNING     Input QA: 6/614 zero-length (<1.0 km, will be dropped) | 0 origins & 0 destinations at the Srinagar centroid. Report → input_qa_report.csv
2026-06-21 01:20:27,620  WARNING     ⚠ Zero-length routes indicate the geocode collapse of Finding 1 — re-geocode (geocode_common.py) before submission.
2026-06-21 01:20:27,620  INFO        Injecting all 30 SSCL e-bus routes (CHALO Apr 2026)…
2026-06-21 01:20:27,623  INFO        30 SSCL routes appended (will be force-matched to TRUNK in inject step).
2026-06-21 01:20:27,623  INFO      Truncating routes to strict bounding box (Lat: 33.5 to 34.5, Lon: 74.4 to 75.2)…
2026-06-21 01:20:27,674  INFO        Bounding Box Truncation: 0 routes truncated, 24 dropped entirely.
2026-06-21 01:20:27,681  INFO      Loading POIs from 'pois.csv' (Kashmir 3-tier + women-anchor boost)…
2026-06-21 01:20:27,717  INFO        Loaded 2431 POIs — T1 (≥1.0): 1030  T2 (≤0.4): 1072  T3 mid: 329 [scenario=SUMMER, T3 weight=0.60]
2026-06-21 01:20:27,718  INFO        Women-anchor POIs boosted by 25%: 12
2026-06-21 01:20:27,723  INFO      Fetching OSRM geometries (620 routes, 12 workers)…
2026-06-21 01:20:29,938  INFO        OSRM: 620/620 ok, 0 use circuity fallback.
2026-06-21 01:20:29,938  INFO      Merging geometries — ALL routes retained (Directive 1)…
2026-06-21 01:20:36,452  INFO        Directive 1 — Route type breakdown after geometry: Urban=330  Peri_Urban=196  Regional_District=94  (total=620, dropped=0 for null geometry or sub-1km)
2026-06-21 01:20:36,452  INFO        Jhelum bridge bottleneck (+8.0 min) applied to 304 routes.
2026-06-21 01:20:36,452  INFO      Imputing existing fleet sizes for context…
2026-06-21 01:20:36,456  INFO        Fleet imputed for 620 zero-bus routes (context only).
2026-06-21 01:20:36,456  INFO      
── SSCL BACKBONE INJECTION ──────────────────────────────────────────
2026-06-21 01:20:36,456  INFO      SSCL Injection: scanning dataset against 30 SSCL e-bus trunk routes (from CHALO data)…
2026-06-21 01:20:36,531  INFO        ✓ CMP SSCL-01 (Parimpora → Harwan): matched 1 dataset route(s) — forced TRUNK/HP.
2026-06-21 01:20:36,607  INFO        ✓ CMP SSCL-02 (Batamaloo → Nasrullah Pora): matched 1 dataset route(s) — forced TRUNK/HP.
2026-06-21 01:20:36,687  INFO        ✓ CMP SSCL-03 (Batamaloo → Hazratbal): matched 4 dataset route(s) — forced TRUNK/HP.
2026-06-21 01:20:36,785  INFO        ✓ CMP SSCL-04 (Batamaloo → Chadoora Chowk): matched 7 dataset route(s) — forced TRUNK/HP.
2026-06-21 01:20:36,855  INFO        ✓ CMP SSCL-05 (LD Hospital → Pandach): matched 2 dataset route(s) — forced TRUNK/HP.
2026-06-21 01:20:36,950  INFO        ✓ CMP SSCL-06 (Pantha Chowk → Narbal Crossing): matched 10 dataset route(s) — forced TRUNK/HP.
2026-06-21 01:20:37,032  INFO        ✓ CMP SSCL-07 (Batamaloo → Drussu Pulwama): matched 1 dataset route(s) — forced TRUNK/HP.
2026-06-21 01:20:37,108  INFO        ✓ CMP SSCL-08 (Batamaloo → Budgam Railway Station): matched 1 dataset route(s) — forced TRUNK/HP.
2026-06-21 01:20:37,182  INFO        ✓ CMP SSCL-09 (Parimpora → Naseem Bagh): matched 1 dataset route(s) — forced TRUNK/HP.
2026-06-21 01:20:37,291  INFO        ✓ CMP SSCL-10 (Pantha Chowk → Agri Kalan Kanihama): matched 2 dataset route(s) — forced TRUNK/HP.
2026-06-21 01:20:37,359  INFO        ✓ CMP SSCL-11 (Old City → Old City Loop): matched 1 dataset route(s) — forced TRUNK/HP.
2026-06-21 01:20:37,437  INFO        ✓ CMP SSCL-12 (Rangreth → District Court Srinagar): matched 14 dataset route(s) — forced TRUNK/HP.
2026-06-21 01:20:37,513  INFO        ✓ CMP SSCL-13 (Batamaloo → Beehama Ganderbal): matched 1 dataset route(s) — forced TRUNK/HP.
2026-06-21 01:20:37,583  INFO        ✓ CMP SSCL-14 (TRC → Central University Ganderbal): matched 1 dataset route(s) — forced TRUNK/HP.
2026-06-21 01:20:37,644  INFO        ✓ CMP SSCL-15 (TRC → Pulwama): matched 1 dataset route(s) — forced TRUNK/HP.
2026-06-21 01:20:37,712  INFO        ✓ CMP SSCL-16 (Batamaloo → Khonmoh): matched 1 dataset route(s) — forced TRUNK/HP.
2026-06-21 01:20:37,785  INFO        ✓ CMP SSCL-17 (Batamaloo → Womens College Batpora): matched 1 dataset route(s) — forced TRUNK/HP.
2026-06-21 01:20:37,860  INFO        ✓ CMP SSCL-18 (Jehangir Chowk → Wadwan): matched 1 dataset route(s) — forced TRUNK/HP.
2026-06-21 01:20:37,934  INFO        ✓ CMP SSCL-19 (Pantha Chowk → Sumbal): matched 1 dataset route(s) — forced TRUNK/HP.
2026-06-21 01:20:38,009  INFO        ✓ CMP SSCL-20 (Pantha Chowk → Safapora): matched 2 dataset route(s) — forced TRUNK/HP.
2026-06-21 01:20:38,076  INFO        ✓ CMP SSCL-21 (Batamaloo → Arath): matched 1 dataset route(s) — forced TRUNK/HP.
2026-06-21 01:20:38,147  INFO        ✓ CMP SSCL-22 (Batamaloo → Khrew Bus Stand): matched 1 dataset route(s) — forced TRUNK/HP.
2026-06-21 01:20:38,221  INFO        ✓ CMP SSCL-23 (Batamaloo → Charesharief): matched 1 dataset route(s) — forced TRUNK/HP.
2026-06-21 01:20:38,295  INFO        ✓ CMP SSCL-24 (Pantha Chowk → Palhalan): matched 2 dataset route(s) — forced TRUNK/HP.
2026-06-21 01:20:38,374  INFO        ✓ CMP SSCL-25 (Batamaloo → Dadsara Tral): matched 2 dataset route(s) — forced TRUNK/HP.
2026-06-21 01:20:38,442  INFO        ✓ CMP SSCL-26 (Batamaloo → Kangan): matched 2 dataset route(s) — forced TRUNK/HP.
2026-06-21 01:20:38,513  INFO        ✓ CMP SSCL-27 (Batamaloo → Manigam): matched 1 dataset route(s) — forced TRUNK/HP.
2026-06-21 01:20:38,592  INFO        ✓ CMP SSCL-28 (Batamaloo → Pinglena Pampore): matched 2 dataset route(s) — forced TRUNK/HP.
2026-06-21 01:20:38,668  INFO        ✓ CMP SSCL-29 (Pantha Chowk → Panzinara): matched 2 dataset route(s) — forced TRUNK/HP.
2026-06-21 01:20:38,737  INFO        ✓ CMP SSCL-30 (Batamaloo → DC Office Budgam): matched 1 dataset route(s) — forced TRUNK/HP.
2026-06-21 01:20:38,737  INFO      SSCL Injection complete: 69 dataset routes forcibly upgraded to TRUNK/HP.
2026-06-21 01:20:38,737  INFO      
── PHASE 2: Spatial Analysis ────────────────────────────────────────
2026-06-21 01:20:38,737  INFO      Building walk catchments (stop spacing=250m, walk radius=400m)…
2026-06-21 01:20:44,506  INFO        Catchments built for 620 routes.
2026-06-21 01:20:44,509  INFO      Computing per-route population from raster: E:/kash/kashmir_worldpop.tif
2026-06-21 01:20:44,509  INFO        CMP reference: Year=2024  Total study-area population=1,660,000
2026-06-21 01:20:44,530  WARNING   CPLE_FileIO in Cannot find gdalvrt.xsd (GDAL_DATA is not defined)
2026-06-21 01:20:44,556  WARNING   CPLE_FileIO in Cannot find gdalvrt.xsd (GDAL_DATA is not defined)
2026-06-21 01:20:44,565  WARNING   CPLE_FileIO in Cannot find gdalvrt.xsd (GDAL_DATA is not defined)
2026-06-21 01:20:45,457  WARNING   CPLE_FileIO in Cannot find gdalvrt.xsd (GDAL_DATA is not defined)
2026-06-21 01:20:45,464  WARNING   CPLE_FileIO in Cannot find gdalvrt.xsd (GDAL_DATA is not defined)
2026-06-21 01:20:45,469  WARNING   CPLE_FileIO in Cannot find gdalvrt.xsd (GDAL_DATA is not defined)
2026-06-21 01:20:45,476  WARNING   CPLE_FileIO in Cannot find gdalvrt.xsd (GDAL_DATA is not defined)
2026-06-21 01:20:45,481  WARNING   CPLE_FileIO in Cannot find gdalvrt.xsd (GDAL_DATA is not defined)
2026-06-21 01:20:45,485  WARNING   CPLE_FileIO in Cannot find gdalvrt.xsd (GDAL_DATA is not defined)
2026-06-21 01:20:45,491  WARNING   CPLE_FileIO in Cannot find gdalvrt.xsd (GDAL_DATA is not defined)
2026-06-21 01:20:45,497  WARNING   CPLE_FileIO in Cannot find gdalvrt.xsd (GDAL_DATA is not defined)
2026-06-21 01:20:45,500  WARNING   CPLE_FileIO in Cannot find gdalvrt.xsd (GDAL_DATA is not defined)
2026-06-21 01:20:45,506  WARNING   CPLE_FileIO in Cannot find gdalvrt.xsd (GDAL_DATA is not defined)
2026-06-21 01:20:45,510  WARNING   CPLE_FileIO in Cannot find gdalvrt.xsd (GDAL_DATA is not defined)
2026-06-21 01:20:45,512  WARNING   CPLE_FileIO in Cannot find gdalvrt.xsd (GDAL_DATA is not defined)
2026-06-21 01:20:45,520  WARNING   CPLE_FileIO in Cannot find gdalvrt.xsd (GDAL_DATA is not defined)
2026-06-21 01:20:45,527  WARNING   CPLE_FileIO in Cannot find gdalvrt.xsd (GDAL_DATA is not defined)
2026-06-21 01:20:45,531  WARNING   CPLE_FileIO in Cannot find gdalvrt.xsd (GDAL_DATA is not defined)
2026-06-21 01:20:45,539  WARNING   CPLE_FileIO in Cannot find gdalvrt.xsd (GDAL_DATA is not defined)
2026-06-21 01:20:45,544  WARNING   CPLE_FileIO in Cannot find gdalvrt.xsd (GDAL_DATA is not defined)
2026-06-21 01:20:45,547  WARNING   CPLE_FileIO in Cannot find gdalvrt.xsd (GDAL_DATA is not defined)
2026-06-21 01:20:45,552  WARNING   CPLE_FileIO in Cannot find gdalvrt.xsd (GDAL_DATA is not defined)
2026-06-21 01:20:45,558  WARNING   CPLE_FileIO in Cannot find gdalvrt.xsd (GDAL_DATA is not defined)
2026-06-21 01:20:45,562  WARNING   CPLE_FileIO in Cannot find gdalvrt.xsd (GDAL_DATA is not defined)
2026-06-21 01:20:45,569  WARNING   CPLE_FileIO in Cannot find gdalvrt.xsd (GDAL_DATA is not defined)
2026-06-21 01:20:45,572  WARNING   CPLE_FileIO in Cannot find gdalvrt.xsd (GDAL_DATA is not defined)
2026-06-21 01:20:45,574  WARNING   CPLE_FileIO in Cannot find gdalvrt.xsd (GDAL_DATA is not defined)
2026-06-21 01:20:45,579  WARNING   CPLE_FileIO in Cannot find gdalvrt.xsd (GDAL_DATA is not defined)
2026-06-21 01:20:45,583  WARNING   CPLE_FileIO in Cannot find gdalvrt.xsd (GDAL_DATA is not defined)
2026-06-21 01:20:45,585  WARNING   CPLE_FileIO in Cannot find gdalvrt.xsd (GDAL_DATA is not defined)
2026-06-21 01:20:45,588  WARNING   CPLE_FileIO in Cannot find gdalvrt.xsd (GDAL_DATA is not defined)
2026-06-21 01:20:45,590  WARNING   CPLE_FileIO in Cannot find gdalvrt.xsd (GDAL_DATA is not defined)
2026-06-21 01:20:45,592  WARNING   CPLE_FileIO in Cannot find gdalvrt.xsd (GDAL_DATA is not defined)
2026-06-21 01:20:45,594  WARNING   CPLE_FileIO in Cannot find gdalvrt.xsd (GDAL_DATA is not defined)
2026-06-21 01:20:45,598  WARNING   CPLE_FileIO in Cannot find gdalvrt.xsd (GDAL_DATA is not defined)
2026-06-21 01:20:45,599  WARNING   CPLE_FileIO in Cannot find gdalvrt.xsd (GDAL_DATA is not defined)
2026-06-21 01:20:45,602  WARNING   CPLE_FileIO in Cannot find gdalvrt.xsd (GDAL_DATA is not defined)
2026-06-21 01:20:45,604  WARNING   CPLE_FileIO in Cannot find gdalvrt.xsd (GDAL_DATA is not defined)
2026-06-21 01:20:45,606  WARNING   CPLE_FileIO in Cannot find gdalvrt.xsd (GDAL_DATA is not defined)
2026-06-21 01:20:45,608  WARNING   CPLE_FileIO in Cannot find gdalvrt.xsd (GDAL_DATA is not defined)
2026-06-21 01:20:45,611  WARNING   CPLE_FileIO in Cannot find gdalvrt.xsd (GDAL_DATA is not defined)
2026-06-21 01:20:45,613  WARNING   CPLE_FileIO in Cannot find gdalvrt.xsd (GDAL_DATA is not defined)
2026-06-21 01:20:45,616  WARNING   CPLE_FileIO in Cannot find gdalvrt.xsd (GDAL_DATA is not defined)
2026-06-21 01:20:45,619  WARNING   CPLE_FileIO in Cannot find gdalvrt.xsd (GDAL_DATA is not defined)
2026-06-21 01:20:45,621  WARNING   CPLE_FileIO in Cannot find gdalvrt.xsd (GDAL_DATA is not defined)
2026-06-21 01:20:45,625  WARNING   CPLE_FileIO in Cannot find gdalvrt.xsd (GDAL_DATA is not defined)
2026-06-21 01:20:45,628  WARNING   CPLE_FileIO in Cannot find gdalvrt.xsd (GDAL_DATA is not defined)
2026-06-21 01:20:45,631  WARNING   CPLE_FileIO in Cannot find gdalvrt.xsd (GDAL_DATA is not defined)
2026-06-21 01:20:45,636  WARNING   CPLE_FileIO in Cannot find gdalvrt.xsd (GDAL_DATA is not defined)
2026-06-21 01:20:45,642  WARNING   CPLE_FileIO in Cannot find gdalvrt.xsd (GDAL_DATA is not defined)
2026-06-21 01:20:45,645  WARNING   CPLE_FileIO in Cannot find gdalvrt.xsd (GDAL_DATA is not defined)
2026-06-21 01:20:45,649  WARNING   CPLE_FileIO in Cannot find gdalvrt.xsd (GDAL_DATA is not defined)
2026-06-21 01:20:45,651  WARNING   CPLE_FileIO in Cannot find gdalvrt.xsd (GDAL_DATA is not defined)
2026-06-21 01:20:45,653  WARNING   CPLE_FileIO in Cannot find gdalvrt.xsd (GDAL_DATA is not defined)
2026-06-21 01:20:45,657  WARNING   CPLE_FileIO in Cannot find gdalvrt.xsd (GDAL_DATA is not defined)
2026-06-21 01:20:45,660  WARNING   CPLE_FileIO in Cannot find gdalvrt.xsd (GDAL_DATA is not defined)
2026-06-21 01:20:45,662  WARNING   CPLE_FileIO in Cannot find gdalvrt.xsd (GDAL_DATA is not defined)
2026-06-21 01:20:45,666  WARNING   CPLE_FileIO in Cannot find gdalvrt.xsd (GDAL_DATA is not defined)
2026-06-21 01:20:45,671  WARNING   CPLE_FileIO in Cannot find gdalvrt.xsd (GDAL_DATA is not defined)
2026-06-21 01:20:45,674  WARNING   CPLE_FileIO in Cannot find gdalvrt.xsd (GDAL_DATA is not defined)
2026-06-21 01:20:45,679  WARNING   CPLE_FileIO in Cannot find gdalvrt.xsd (GDAL_DATA is not defined)
2026-06-21 01:20:45,684  WARNING   CPLE_FileIO in Cannot find gdalvrt.xsd (GDAL_DATA is not defined)
2026-06-21 01:20:45,687  WARNING   CPLE_FileIO in Cannot find gdalvrt.xsd (GDAL_DATA is not defined)
2026-06-21 01:20:45,692  WARNING   CPLE_FileIO in Cannot find gdalvrt.xsd (GDAL_DATA is not defined)
2026-06-21 01:20:45,697  WARNING   CPLE_FileIO in Cannot find gdalvrt.xsd (GDAL_DATA is not defined)
2026-06-21 01:20:45,699  WARNING   CPLE_FileIO in Cannot find gdalvrt.xsd (GDAL_DATA is not defined)
2026-06-21 01:20:45,706  WARNING   CPLE_FileIO in Cannot find gdalvrt.xsd (GDAL_DATA is not defined)
2026-06-21 01:20:45,708  WARNING   CPLE_FileIO in Cannot find gdalvrt.xsd (GDAL_DATA is not defined)
2026-06-21 01:20:45,711  WARNING   CPLE_FileIO in Cannot find gdalvrt.xsd (GDAL_DATA is not defined)
2026-06-21 01:20:45,713  WARNING   CPLE_FileIO in Cannot find gdalvrt.xsd (GDAL_DATA is not defined)
2026-06-21 01:20:45,715  WARNING   CPLE_FileIO in Cannot find gdalvrt.xsd (GDAL_DATA is not defined)
2026-06-21 01:20:45,717  WARNING   CPLE_FileIO in Cannot find gdalvrt.xsd (GDAL_DATA is not defined)
2026-06-21 01:20:45,719  WARNING   CPLE_FileIO in Cannot find gdalvrt.xsd (GDAL_DATA is not defined)
2026-06-21 01:20:45,721  WARNING   CPLE_FileIO in Cannot find gdalvrt.xsd (GDAL_DATA is not defined)
2026-06-21 01:20:45,722  WARNING   CPLE_FileIO in Cannot find gdalvrt.xsd (GDAL_DATA is not defined)
2026-06-21 01:20:45,724  WARNING   CPLE_FileIO in Cannot find gdalvrt.xsd (GDAL_DATA is not defined)
2026-06-21 01:20:45,726  WARNING   CPLE_FileIO in Cannot find gdalvrt.xsd (GDAL_DATA is not defined)
2026-06-21 01:20:45,727  WARNING   CPLE_FileIO in Cannot find gdalvrt.xsd (GDAL_DATA is not defined)
2026-06-21 01:20:45,729  WARNING   CPLE_FileIO in Cannot find gdalvrt.xsd (GDAL_DATA is not defined)
2026-06-21 01:20:45,731  WARNING   CPLE_FileIO in Cannot find gdalvrt.xsd (GDAL_DATA is not defined)
2026-06-21 01:20:45,732  WARNING   CPLE_FileIO in Cannot find gdalvrt.xsd (GDAL_DATA is not defined)
2026-06-21 01:20:45,734  WARNING   CPLE_FileIO in Cannot find gdalvrt.xsd (GDAL_DATA is not defined)
2026-06-21 01:20:45,736  WARNING   CPLE_FileIO in Cannot find gdalvrt.xsd (GDAL_DATA is not defined)
2026-06-21 01:20:45,738  WARNING   CPLE_FileIO in Cannot find gdalvrt.xsd (GDAL_DATA is not defined)
2026-06-21 01:20:45,740  WARNING   CPLE_FileIO in Cannot find gdalvrt.xsd (GDAL_DATA is not defined)
2026-06-21 01:20:45,741  WARNING   CPLE_FileIO in Cannot find gdalvrt.xsd (GDAL_DATA is not defined)
2026-06-21 01:20:45,742  WARNING   CPLE_FileIO in Cannot find gdalvrt.xsd (GDAL_DATA is not defined)
2026-06-21 01:20:45,745  WARNING   CPLE_FileIO in Cannot find gdalvrt.xsd (GDAL_DATA is not defined)
2026-06-21 01:20:45,746  WARNING   CPLE_FileIO in Cannot find gdalvrt.xsd (GDAL_DATA is not defined)
2026-06-21 01:20:45,748  WARNING   CPLE_FileIO in Cannot find gdalvrt.xsd (GDAL_DATA is not defined)
2026-06-21 01:20:45,749  WARNING   CPLE_FileIO in Cannot find gdalvrt.xsd (GDAL_DATA is not defined)
2026-06-21 01:20:45,752  WARNING   CPLE_FileIO in Cannot find gdalvrt.xsd (GDAL_DATA is not defined)
2026-06-21 01:20:45,753  WARNING   CPLE_FileIO in Cannot find gdalvrt.xsd (GDAL_DATA is not defined)
2026-06-21 01:20:45,756  WARNING   CPLE_FileIO in Cannot find gdalvrt.xsd (GDAL_DATA is not defined)
2026-06-21 01:20:45,758  WARNING   CPLE_FileIO in Cannot find gdalvrt.xsd (GDAL_DATA is not defined)
2026-06-21 01:20:45,760  WARNING   CPLE_FileIO in Cannot find gdalvrt.xsd (GDAL_DATA is not defined)
2026-06-21 01:20:45,763  WARNING   CPLE_FileIO in Cannot find gdalvrt.xsd (GDAL_DATA is not defined)
2026-06-21 01:20:45,765  WARNING   CPLE_FileIO in Cannot find gdalvrt.xsd (GDAL_DATA is not defined)
2026-06-21 01:20:45,767  WARNING   CPLE_FileIO in Cannot find gdalvrt.xsd (GDAL_DATA is not defined)
2026-06-21 01:20:45,769  WARNING   CPLE_FileIO in Cannot find gdalvrt.xsd (GDAL_DATA is not defined)
2026-06-21 01:20:45,771  WARNING   CPLE_FileIO in Cannot find gdalvrt.xsd (GDAL_DATA is not defined)
2026-06-21 01:20:45,772  WARNING   CPLE_FileIO in Cannot find gdalvrt.xsd (GDAL_DATA is not defined)
2026-06-21 01:20:45,774  WARNING   CPLE_FileIO in Cannot find gdalvrt.xsd (GDAL_DATA is not defined)
2026-06-21 01:20:45,776  WARNING   CPLE_FileIO in Cannot find gdalvrt.xsd (GDAL_DATA is not defined)
2026-06-21 01:20:45,777  WARNING   CPLE_FileIO in Cannot find gdalvrt.xsd (GDAL_DATA is not defined)
2026-06-21 01:20:45,780  WARNING   CPLE_FileIO in Cannot find gdalvrt.xsd (GDAL_DATA is not defined)
2026-06-21 01:20:45,782  WARNING   CPLE_FileIO in Cannot find gdalvrt.xsd (GDAL_DATA is not defined)
2026-06-21 01:20:45,783  WARNING   CPLE_FileIO in Cannot find gdalvrt.xsd (GDAL_DATA is not defined)
2026-06-21 01:20:45,786  WARNING   CPLE_FileIO in Cannot find gdalvrt.xsd (GDAL_DATA is not defined)
2026-06-21 01:20:45,788  WARNING   CPLE_FileIO in Cannot find gdalvrt.xsd (GDAL_DATA is not defined)
2026-06-21 01:20:45,789  WARNING   CPLE_FileIO in Cannot find gdalvrt.xsd (GDAL_DATA is not defined)
2026-06-21 01:20:45,792  WARNING   CPLE_FileIO in Cannot find gdalvrt.xsd (GDAL_DATA is not defined)
2026-06-21 01:20:45,794  WARNING   CPLE_FileIO in Cannot find gdalvrt.xsd (GDAL_DATA is not defined)
2026-06-21 01:20:45,795  WARNING   CPLE_FileIO in Cannot find gdalvrt.xsd (GDAL_DATA is not defined)
2026-06-21 01:20:45,798  WARNING   CPLE_FileIO in Cannot find gdalvrt.xsd (GDAL_DATA is not defined)
2026-06-21 01:20:45,801  WARNING   CPLE_FileIO in Cannot find gdalvrt.xsd (GDAL_DATA is not defined)
2026-06-21 01:20:45,803  WARNING   CPLE_FileIO in Cannot find gdalvrt.xsd (GDAL_DATA is not defined)
2026-06-21 01:20:45,806  WARNING   CPLE_FileIO in Cannot find gdalvrt.xsd (GDAL_DATA is not defined)
2026-06-21 01:20:45,808  WARNING   CPLE_FileIO in Cannot find gdalvrt.xsd (GDAL_DATA is not defined)
2026-06-21 01:20:45,810  WARNING   CPLE_FileIO in Cannot find gdalvrt.xsd (GDAL_DATA is not defined)
2026-06-21 01:20:45,813  WARNING   CPLE_FileIO in Cannot find gdalvrt.xsd (GDAL_DATA is not defined)
2026-06-21 01:20:45,815  WARNING   CPLE_FileIO in Cannot find gdalvrt.xsd (GDAL_DATA is not defined)
2026-06-21 01:20:45,817  WARNING   CPLE_FileIO in Cannot find gdalvrt.xsd (GDAL_DATA is not defined)
2026-06-21 01:20:45,821  WARNING   CPLE_FileIO in Cannot find gdalvrt.xsd (GDAL_DATA is not defined)
2026-06-21 01:20:45,823  WARNING   CPLE_FileIO in Cannot find gdalvrt.xsd (GDAL_DATA is not defined)
2026-06-21 01:20:45,825  WARNING   CPLE_FileIO in Cannot find gdalvrt.xsd (GDAL_DATA is not defined)
2026-06-21 01:20:45,828  WARNING   CPLE_FileIO in Cannot find gdalvrt.xsd (GDAL_DATA is not defined)
2026-06-21 01:20:45,831  WARNING   CPLE_FileIO in Cannot find gdalvrt.xsd (GDAL_DATA is not defined)
2026-06-21 01:20:45,833  WARNING   CPLE_FileIO in Cannot find gdalvrt.xsd (GDAL_DATA is not defined)
2026-06-21 01:20:45,838  WARNING   CPLE_FileIO in Cannot find gdalvrt.xsd (GDAL_DATA is not defined)
2026-06-21 01:20:45,842  WARNING   CPLE_FileIO in Cannot find gdalvrt.xsd (GDAL_DATA is not defined)
2026-06-21 01:20:45,845  WARNING   CPLE_FileIO in Cannot find gdalvrt.xsd (GDAL_DATA is not defined)
2026-06-21 01:20:45,850  WARNING   CPLE_FileIO in Cannot find gdalvrt.xsd (GDAL_DATA is not defined)
2026-06-21 01:20:45,854  WARNING   CPLE_FileIO in Cannot find gdalvrt.xsd (GDAL_DATA is not defined)
2026-06-21 01:20:45,858  WARNING   CPLE_FileIO in Cannot find gdalvrt.xsd (GDAL_DATA is not defined)
2026-06-21 01:20:45,861  WARNING   CPLE_FileIO in Cannot find gdalvrt.xsd (GDAL_DATA is not defined)
2026-06-21 01:20:45,865  WARNING   CPLE_FileIO in Cannot find gdalvrt.xsd (GDAL_DATA is not defined)
2026-06-21 01:20:45,866  WARNING   CPLE_FileIO in Cannot find gdalvrt.xsd (GDAL_DATA is not defined)
2026-06-21 01:20:45,870  WARNING   CPLE_FileIO in Cannot find gdalvrt.xsd (GDAL_DATA is not defined)
2026-06-21 01:20:45,872  WARNING   CPLE_FileIO in Cannot find gdalvrt.xsd (GDAL_DATA is not defined)
2026-06-21 01:20:45,873  WARNING   CPLE_FileIO in Cannot find gdalvrt.xsd (GDAL_DATA is not defined)
2026-06-21 01:20:45,876  WARNING   CPLE_FileIO in Cannot find gdalvrt.xsd (GDAL_DATA is not defined)
2026-06-21 01:20:45,878  WARNING   CPLE_FileIO in Cannot find gdalvrt.xsd (GDAL_DATA is not defined)
2026-06-21 01:20:45,879  WARNING   CPLE_FileIO in Cannot find gdalvrt.xsd (GDAL_DATA is not defined)
2026-06-21 01:20:45,882  WARNING   CPLE_FileIO in Cannot find gdalvrt.xsd (GDAL_DATA is not defined)
2026-06-21 01:20:45,884  WARNING   CPLE_FileIO in Cannot find gdalvrt.xsd (GDAL_DATA is not defined)
2026-06-21 01:20:45,886  WARNING   CPLE_FileIO in Cannot find gdalvrt.xsd (GDAL_DATA is not defined)
2026-06-21 01:20:45,890  WARNING   CPLE_FileIO in Cannot find gdalvrt.xsd (GDAL_DATA is not defined)
2026-06-21 01:20:45,893  WARNING   CPLE_FileIO in Cannot find gdalvrt.xsd (GDAL_DATA is not defined)
2026-06-21 01:20:45,896  WARNING   CPLE_FileIO in Cannot find gdalvrt.xsd (GDAL_DATA is not defined)
2026-06-21 01:20:45,900  WARNING   CPLE_FileIO in Cannot find gdalvrt.xsd (GDAL_DATA is not defined)
2026-06-21 01:20:45,904  WARNING   CPLE_FileIO in Cannot find gdalvrt.xsd (GDAL_DATA is not defined)
2026-06-21 01:20:45,906  WARNING   CPLE_FileIO in Cannot find gdalvrt.xsd (GDAL_DATA is not defined)
2026-06-21 01:20:45,910  WARNING   CPLE_FileIO in Cannot find gdalvrt.xsd (GDAL_DATA is not defined)
2026-06-21 01:20:45,913  WARNING   CPLE_FileIO in Cannot find gdalvrt.xsd (GDAL_DATA is not defined)
2026-06-21 01:20:45,915  WARNING   CPLE_FileIO in Cannot find gdalvrt.xsd (GDAL_DATA is not defined)
2026-06-21 01:20:45,920  WARNING   CPLE_FileIO in Cannot find gdalvrt.xsd (GDAL_DATA is not defined)
2026-06-21 01:20:45,922  WARNING   CPLE_FileIO in Cannot find gdalvrt.xsd (GDAL_DATA is not defined)
2026-06-21 01:20:45,924  WARNING   CPLE_FileIO in Cannot find gdalvrt.xsd (GDAL_DATA is not defined)
2026-06-21 01:20:45,927  WARNING   CPLE_FileIO in Cannot find gdalvrt.xsd (GDAL_DATA is not defined)
2026-06-21 01:20:45,929  WARNING   CPLE_FileIO in Cannot find gdalvrt.xsd (GDAL_DATA is not defined)
2026-06-21 01:20:45,932  WARNING   CPLE_FileIO in Cannot find gdalvrt.xsd (GDAL_DATA is not defined)
2026-06-21 01:20:45,937  WARNING   CPLE_FileIO in Cannot find gdalvrt.xsd (GDAL_DATA is not defined)
2026-06-21 01:20:45,941  WARNING   CPLE_FileIO in Cannot find gdalvrt.xsd (GDAL_DATA is not defined)
2026-06-21 01:20:45,943  WARNING   CPLE_FileIO in Cannot find gdalvrt.xsd (GDAL_DATA is not defined)
2026-06-21 01:20:45,950  WARNING   CPLE_FileIO in Cannot find gdalvrt.xsd (GDAL_DATA is not defined)
2026-06-21 01:20:45,962  WARNING   CPLE_FileIO in Cannot find gdalvrt.xsd (GDAL_DATA is not defined)
2026-06-21 01:20:45,972  WARNING   CPLE_FileIO in Cannot find gdalvrt.xsd (GDAL_DATA is not defined)
2026-06-21 01:20:45,984  WARNING   CPLE_FileIO in Cannot find gdalvrt.xsd (GDAL_DATA is not defined)
2026-06-21 01:20:45,990  WARNING   CPLE_FileIO in Cannot find gdalvrt.xsd (GDAL_DATA is not defined)
2026-06-21 01:20:45,991  WARNING   CPLE_FileIO in Cannot find gdalvrt.xsd (GDAL_DATA is not defined)
2026-06-21 01:20:45,994  WARNING   CPLE_FileIO in Cannot find gdalvrt.xsd (GDAL_DATA is not defined)
2026-06-21 01:20:45,996  WARNING   CPLE_FileIO in Cannot find gdalvrt.xsd (GDAL_DATA is not defined)
2026-06-21 01:20:45,998  WARNING   CPLE_FileIO in Cannot find gdalvrt.xsd (GDAL_DATA is not defined)
2026-06-21 01:20:46,000  WARNING   CPLE_FileIO in Cannot find gdalvrt.xsd (GDAL_DATA is not defined)
2026-06-21 01:20:46,002  WARNING   CPLE_FileIO in Cannot find gdalvrt.xsd (GDAL_DATA is not defined)
2026-06-21 01:20:46,003  WARNING   CPLE_FileIO in Cannot find gdalvrt.xsd (GDAL_DATA is not defined)
2026-06-21 01:20:46,005  WARNING   CPLE_FileIO in Cannot find gdalvrt.xsd (GDAL_DATA is not defined)
2026-06-21 01:20:46,007  WARNING   CPLE_FileIO in Cannot find gdalvrt.xsd (GDAL_DATA is not defined)
2026-06-21 01:20:46,008  WARNING   CPLE_FileIO in Cannot find gdalvrt.xsd (GDAL_DATA is not defined)
2026-06-21 01:20:46,011  WARNING   CPLE_FileIO in Cannot find gdalvrt.xsd (GDAL_DATA is not defined)
2026-06-21 01:20:46,013  WARNING   CPLE_FileIO in Cannot find gdalvrt.xsd (GDAL_DATA is not defined)
2026-06-21 01:20:46,015  WARNING   CPLE_FileIO in Cannot find gdalvrt.xsd (GDAL_DATA is not defined)
2026-06-21 01:20:46,017  WARNING   CPLE_FileIO in Cannot find gdalvrt.xsd (GDAL_DATA is not defined)
2026-06-21 01:20:46,019  WARNING   CPLE_FileIO in Cannot find gdalvrt.xsd (GDAL_DATA is not defined)
2026-06-21 01:20:46,020  WARNING   CPLE_FileIO in Cannot find gdalvrt.xsd (GDAL_DATA is not defined)
2026-06-21 01:20:46,022  WARNING   CPLE_FileIO in Cannot find gdalvrt.xsd (GDAL_DATA is not defined)
2026-06-21 01:20:46,024  WARNING   CPLE_FileIO in Cannot find gdalvrt.xsd (GDAL_DATA is not defined)
2026-06-21 01:20:46,025  WARNING   CPLE_FileIO in Cannot find gdalvrt.xsd (GDAL_DATA is not defined)
2026-06-21 01:20:46,028  WARNING   CPLE_FileIO in Cannot find gdalvrt.xsd (GDAL_DATA is not defined)
2026-06-21 01:20:46,030  WARNING   CPLE_FileIO in Cannot find gdalvrt.xsd (GDAL_DATA is not defined)
2026-06-21 01:20:46,031  WARNING   CPLE_FileIO in Cannot find gdalvrt.xsd (GDAL_DATA is not defined)
2026-06-21 01:20:46,033  WARNING   CPLE_FileIO in Cannot find gdalvrt.xsd (GDAL_DATA is not defined)
2026-06-21 01:20:46,035  WARNING   CPLE_FileIO in Cannot find gdalvrt.xsd (GDAL_DATA is not defined)
2026-06-21 01:20:46,037  WARNING   CPLE_FileIO in Cannot find gdalvrt.xsd (GDAL_DATA is not defined)
2026-06-21 01:20:46,039  WARNING   CPLE_FileIO in Cannot find gdalvrt.xsd (GDAL_DATA is not defined)
2026-06-21 01:20:46,040  WARNING   CPLE_FileIO in Cannot find gdalvrt.xsd (GDAL_DATA is not defined)
2026-06-21 01:20:46,042  WARNING   CPLE_FileIO in Cannot find gdalvrt.xsd (GDAL_DATA is not defined)
2026-06-21 01:20:46,044  WARNING   CPLE_FileIO in Cannot find gdalvrt.xsd (GDAL_DATA is not defined)
2026-06-21 01:20:46,046  WARNING   CPLE_FileIO in Cannot find gdalvrt.xsd (GDAL_DATA is not defined)
2026-06-21 01:20:46,047  WARNING   CPLE_FileIO in Cannot find gdalvrt.xsd (GDAL_DATA is not defined)
2026-06-21 01:20:46,049  WARNING   CPLE_FileIO in Cannot find gdalvrt.xsd (GDAL_DATA is not defined)
2026-06-21 01:20:46,051  WARNING   CPLE_FileIO in Cannot find gdalvrt.xsd (GDAL_DATA is not defined)
2026-06-21 01:20:46,052  WARNING   CPLE_FileIO in Cannot find gdalvrt.xsd (GDAL_DATA is not defined)
2026-06-21 01:20:46,054  WARNING   CPLE_FileIO in Cannot find gdalvrt.xsd (GDAL_DATA is not defined)
2026-06-21 01:20:46,057  WARNING   CPLE_FileIO in Cannot find gdalvrt.xsd (GDAL_DATA is not defined)
2026-06-21 01:20:46,058  WARNING   CPLE_FileIO in Cannot find gdalvrt.xsd (GDAL_DATA is not defined)
2026-06-21 01:20:46,060  WARNING   CPLE_FileIO in Cannot find gdalvrt.xsd (GDAL_DATA is not defined)
2026-06-21 01:20:46,062  WARNING   CPLE_FileIO in Cannot find gdalvrt.xsd (GDAL_DATA is not defined)
2026-06-21 01:20:46,064  WARNING   CPLE_FileIO in Cannot find gdalvrt.xsd (GDAL_DATA is not defined)
2026-06-21 01:20:46,066  WARNING   CPLE_FileIO in Cannot find gdalvrt.xsd (GDAL_DATA is not defined)
2026-06-21 01:20:46,068  WARNING   CPLE_FileIO in Cannot find gdalvrt.xsd (GDAL_DATA is not defined)
2026-06-21 01:20:46,069  WARNING   CPLE_FileIO in Cannot find gdalvrt.xsd (GDAL_DATA is not defined)
2026-06-21 01:20:46,071  WARNING   CPLE_FileIO in Cannot find gdalvrt.xsd (GDAL_DATA is not defined)
2026-06-21 01:20:46,073  WARNING   CPLE_FileIO in Cannot find gdalvrt.xsd (GDAL_DATA is not defined)
2026-06-21 01:20:46,074  WARNING   CPLE_FileIO in Cannot find gdalvrt.xsd (GDAL_DATA is not defined)
2026-06-21 01:20:46,076  WARNING   CPLE_FileIO in Cannot find gdalvrt.xsd (GDAL_DATA is not defined)
2026-06-21 01:20:46,079  WARNING   CPLE_FileIO in Cannot find gdalvrt.xsd (GDAL_DATA is not defined)
2026-06-21 01:20:46,080  WARNING   CPLE_FileIO in Cannot find gdalvrt.xsd (GDAL_DATA is not defined)
2026-06-21 01:20:46,082  WARNING   CPLE_FileIO in Cannot find gdalvrt.xsd (GDAL_DATA is not defined)
2026-06-21 01:20:46,084  WARNING   CPLE_FileIO in Cannot find gdalvrt.xsd (GDAL_DATA is not defined)
2026-06-21 01:20:46,086  WARNING   CPLE_FileIO in Cannot find gdalvrt.xsd (GDAL_DATA is not defined)
2026-06-21 01:20:46,088  WARNING   CPLE_FileIO in Cannot find gdalvrt.xsd (GDAL_DATA is not defined)
2026-06-21 01:20:46,090  WARNING   CPLE_FileIO in Cannot find gdalvrt.xsd (GDAL_DATA is not defined)
2026-06-21 01:20:46,092  WARNING   CPLE_FileIO in Cannot find gdalvrt.xsd (GDAL_DATA is not defined)
2026-06-21 01:20:46,094  WARNING   CPLE_FileIO in Cannot find gdalvrt.xsd (GDAL_DATA is not defined)
2026-06-21 01:20:46,096  WARNING   CPLE_FileIO in Cannot find gdalvrt.xsd (GDAL_DATA is not defined)
2026-06-21 01:20:46,099  WARNING   CPLE_FileIO in Cannot find gdalvrt.xsd (GDAL_DATA is not defined)
2026-06-21 01:20:46,102  WARNING   CPLE_FileIO in Cannot find gdalvrt.xsd (GDAL_DATA is not defined)
2026-06-21 01:20:46,104  WARNING   CPLE_FileIO in Cannot find gdalvrt.xsd (GDAL_DATA is not defined)
2026-06-21 01:20:46,106  WARNING   CPLE_FileIO in Cannot find gdalvrt.xsd (GDAL_DATA is not defined)
2026-06-21 01:20:46,108  WARNING   CPLE_FileIO in Cannot find gdalvrt.xsd (GDAL_DATA is not defined)
2026-06-21 01:20:46,110  WARNING   CPLE_FileIO in Cannot find gdalvrt.xsd (GDAL_DATA is not defined)
2026-06-21 01:20:46,112  WARNING   CPLE_FileIO in Cannot find gdalvrt.xsd (GDAL_DATA is not defined)
2026-06-21 01:20:46,115  WARNING   CPLE_FileIO in Cannot find gdalvrt.xsd (GDAL_DATA is not defined)
2026-06-21 01:20:46,117  WARNING   CPLE_FileIO in Cannot find gdalvrt.xsd (GDAL_DATA is not defined)
2026-06-21 01:20:46,120  WARNING   CPLE_FileIO in Cannot find gdalvrt.xsd (GDAL_DATA is not defined)
2026-06-21 01:20:46,122  WARNING   CPLE_FileIO in Cannot find gdalvrt.xsd (GDAL_DATA is not defined)
2026-06-21 01:20:46,124  WARNING   CPLE_FileIO in Cannot find gdalvrt.xsd (GDAL_DATA is not defined)
2026-06-21 01:20:46,127  WARNING   CPLE_FileIO in Cannot find gdalvrt.xsd (GDAL_DATA is not defined)
2026-06-21 01:20:46,129  WARNING   CPLE_FileIO in Cannot find gdalvrt.xsd (GDAL_DATA is not defined)
2026-06-21 01:20:46,131  WARNING   CPLE_FileIO in Cannot find gdalvrt.xsd (GDAL_DATA is not defined)
2026-06-21 01:20:46,133  WARNING   CPLE_FileIO in Cannot find gdalvrt.xsd (GDAL_DATA is not defined)
2026-06-21 01:20:46,136  WARNING   CPLE_FileIO in Cannot find gdalvrt.xsd (GDAL_DATA is not defined)
2026-06-21 01:20:46,138  WARNING   CPLE_FileIO in Cannot find gdalvrt.xsd (GDAL_DATA is not defined)
2026-06-21 01:20:46,141  WARNING   CPLE_FileIO in Cannot find gdalvrt.xsd (GDAL_DATA is not defined)
2026-06-21 01:20:46,144  WARNING   CPLE_FileIO in Cannot find gdalvrt.xsd (GDAL_DATA is not defined)
2026-06-21 01:20:46,147  WARNING   CPLE_FileIO in Cannot find gdalvrt.xsd (GDAL_DATA is not defined)
2026-06-21 01:20:46,150  WARNING   CPLE_FileIO in Cannot find gdalvrt.xsd (GDAL_DATA is not defined)
2026-06-21 01:20:46,152  WARNING   CPLE_FileIO in Cannot find gdalvrt.xsd (GDAL_DATA is not defined)
2026-06-21 01:20:46,155  WARNING   CPLE_FileIO in Cannot find gdalvrt.xsd (GDAL_DATA is not defined)
2026-06-21 01:20:46,157  WARNING   CPLE_FileIO in Cannot find gdalvrt.xsd (GDAL_DATA is not defined)
2026-06-21 01:20:46,159  WARNING   CPLE_FileIO in Cannot find gdalvrt.xsd (GDAL_DATA is not defined)
2026-06-21 01:20:46,161  WARNING   CPLE_FileIO in Cannot find gdalvrt.xsd (GDAL_DATA is not defined)
2026-06-21 01:20:46,163  WARNING   CPLE_FileIO in Cannot find gdalvrt.xsd (GDAL_DATA is not defined)
2026-06-21 01:20:46,165  WARNING   CPLE_FileIO in Cannot find gdalvrt.xsd (GDAL_DATA is not defined)
2026-06-21 01:20:46,167  WARNING   CPLE_FileIO in Cannot find gdalvrt.xsd (GDAL_DATA is not defined)
2026-06-21 01:20:46,169  WARNING   CPLE_FileIO in Cannot find gdalvrt.xsd (GDAL_DATA is not defined)
2026-06-21 01:20:46,172  WARNING   CPLE_FileIO in Cannot find gdalvrt.xsd (GDAL_DATA is not defined)
2026-06-21 01:20:46,174  WARNING   CPLE_FileIO in Cannot find gdalvrt.xsd (GDAL_DATA is not defined)
2026-06-21 01:20:46,177  WARNING   CPLE_FileIO in Cannot find gdalvrt.xsd (GDAL_DATA is not defined)
2026-06-21 01:20:46,179  WARNING   CPLE_FileIO in Cannot find gdalvrt.xsd (GDAL_DATA is not defined)
2026-06-21 01:20:46,183  WARNING   CPLE_FileIO in Cannot find gdalvrt.xsd (GDAL_DATA is not defined)
2026-06-21 01:20:46,185  WARNING   CPLE_FileIO in Cannot find gdalvrt.xsd (GDAL_DATA is not defined)
2026-06-21 01:20:46,188  WARNING   CPLE_FileIO in Cannot find gdalvrt.xsd (GDAL_DATA is not defined)
2026-06-21 01:20:46,191  WARNING   CPLE_FileIO in Cannot find gdalvrt.xsd (GDAL_DATA is not defined)
2026-06-21 01:20:46,194  WARNING   CPLE_FileIO in Cannot find gdalvrt.xsd (GDAL_DATA is not defined)
2026-06-21 01:20:46,198  WARNING   CPLE_FileIO in Cannot find gdalvrt.xsd (GDAL_DATA is not defined)
2026-06-21 01:20:46,200  WARNING   CPLE_FileIO in Cannot find gdalvrt.xsd (GDAL_DATA is not defined)
2026-06-21 01:20:46,202  WARNING   CPLE_FileIO in Cannot find gdalvrt.xsd (GDAL_DATA is not defined)
2026-06-21 01:20:46,205  WARNING   CPLE_FileIO in Cannot find gdalvrt.xsd (GDAL_DATA is not defined)
2026-06-21 01:20:46,208  WARNING   CPLE_FileIO in Cannot find gdalvrt.xsd (GDAL_DATA is not defined)
2026-06-21 01:20:46,210  WARNING   CPLE_FileIO in Cannot find gdalvrt.xsd (GDAL_DATA is not defined)
2026-06-21 01:20:46,214  WARNING   CPLE_FileIO in Cannot find gdalvrt.xsd (GDAL_DATA is not defined)
2026-06-21 01:20:46,217  WARNING   CPLE_FileIO in Cannot find gdalvrt.xsd (GDAL_DATA is not defined)
2026-06-21 01:20:46,219  WARNING   CPLE_FileIO in Cannot find gdalvrt.xsd (GDAL_DATA is not defined)
2026-06-21 01:20:46,221  WARNING   CPLE_FileIO in Cannot find gdalvrt.xsd (GDAL_DATA is not defined)
2026-06-21 01:20:46,223  WARNING   CPLE_FileIO in Cannot find gdalvrt.xsd (GDAL_DATA is not defined)
2026-06-21 01:20:46,225  WARNING   CPLE_FileIO in Cannot find gdalvrt.xsd (GDAL_DATA is not defined)
2026-06-21 01:20:46,227  WARNING   CPLE_FileIO in Cannot find gdalvrt.xsd (GDAL_DATA is not defined)
2026-06-21 01:20:46,229  WARNING   CPLE_FileIO in Cannot find gdalvrt.xsd (GDAL_DATA is not defined)
2026-06-21 01:20:46,230  WARNING   CPLE_FileIO in Cannot find gdalvrt.xsd (GDAL_DATA is not defined)
2026-06-21 01:20:46,233  WARNING   CPLE_FileIO in Cannot find gdalvrt.xsd (GDAL_DATA is not defined)
2026-06-21 01:20:46,236  WARNING   CPLE_FileIO in Cannot find gdalvrt.xsd (GDAL_DATA is not defined)
2026-06-21 01:20:46,238  WARNING   CPLE_FileIO in Cannot find gdalvrt.xsd (GDAL_DATA is not defined)
2026-06-21 01:20:46,240  WARNING   CPLE_FileIO in Cannot find gdalvrt.xsd (GDAL_DATA is not defined)
2026-06-21 01:20:46,243  WARNING   CPLE_FileIO in Cannot find gdalvrt.xsd (GDAL_DATA is not defined)
2026-06-21 01:20:46,245  WARNING   CPLE_FileIO in Cannot find gdalvrt.xsd (GDAL_DATA is not defined)
2026-06-21 01:20:46,248  WARNING   CPLE_FileIO in Cannot find gdalvrt.xsd (GDAL_DATA is not defined)
2026-06-21 01:20:46,250  WARNING   CPLE_FileIO in Cannot find gdalvrt.xsd (GDAL_DATA is not defined)
2026-06-21 01:20:46,252  WARNING   CPLE_FileIO in Cannot find gdalvrt.xsd (GDAL_DATA is not defined)
2026-06-21 01:20:46,254  WARNING   CPLE_FileIO in Cannot find gdalvrt.xsd (GDAL_DATA is not defined)
2026-06-21 01:20:46,255  WARNING   CPLE_FileIO in Cannot find gdalvrt.xsd (GDAL_DATA is not defined)
2026-06-21 01:20:46,257  WARNING   CPLE_FileIO in Cannot find gdalvrt.xsd (GDAL_DATA is not defined)
2026-06-21 01:20:46,259  WARNING   CPLE_FileIO in Cannot find gdalvrt.xsd (GDAL_DATA is not defined)
2026-06-21 01:20:46,261  WARNING   CPLE_FileIO in Cannot find gdalvrt.xsd (GDAL_DATA is not defined)
2026-06-21 01:20:46,262  WARNING   CPLE_FileIO in Cannot find gdalvrt.xsd (GDAL_DATA is not defined)
2026-06-21 01:20:46,264  WARNING   CPLE_FileIO in Cannot find gdalvrt.xsd (GDAL_DATA is not defined)
2026-06-21 01:20:46,267  WARNING   CPLE_FileIO in Cannot find gdalvrt.xsd (GDAL_DATA is not defined)
2026-06-21 01:20:46,268  WARNING   CPLE_FileIO in Cannot find gdalvrt.xsd (GDAL_DATA is not defined)
2026-06-21 01:20:46,271  WARNING   CPLE_FileIO in Cannot find gdalvrt.xsd (GDAL_DATA is not defined)
2026-06-21 01:20:46,274  WARNING   CPLE_FileIO in Cannot find gdalvrt.xsd (GDAL_DATA is not defined)
2026-06-21 01:20:46,276  WARNING   CPLE_FileIO in Cannot find gdalvrt.xsd (GDAL_DATA is not defined)
2026-06-21 01:20:46,279  WARNING   CPLE_FileIO in Cannot find gdalvrt.xsd (GDAL_DATA is not defined)
2026-06-21 01:20:46,281  WARNING   CPLE_FileIO in Cannot find gdalvrt.xsd (GDAL_DATA is not defined)
2026-06-21 01:20:46,282  WARNING   CPLE_FileIO in Cannot find gdalvrt.xsd (GDAL_DATA is not defined)
2026-06-21 01:20:46,284  WARNING   CPLE_FileIO in Cannot find gdalvrt.xsd (GDAL_DATA is not defined)
2026-06-21 01:20:46,287  WARNING   CPLE_FileIO in Cannot find gdalvrt.xsd (GDAL_DATA is not defined)
2026-06-21 01:20:46,288  WARNING   CPLE_FileIO in Cannot find gdalvrt.xsd (GDAL_DATA is not defined)
2026-06-21 01:20:46,291  WARNING   CPLE_FileIO in Cannot find gdalvrt.xsd (GDAL_DATA is not defined)
2026-06-21 01:20:46,295  WARNING   CPLE_FileIO in Cannot find gdalvrt.xsd (GDAL_DATA is not defined)
2026-06-21 01:20:46,299  WARNING   CPLE_FileIO in Cannot find gdalvrt.xsd (GDAL_DATA is not defined)
2026-06-21 01:20:46,302  WARNING   CPLE_FileIO in Cannot find gdalvrt.xsd (GDAL_DATA is not defined)
2026-06-21 01:20:46,307  WARNING   CPLE_FileIO in Cannot find gdalvrt.xsd (GDAL_DATA is not defined)
2026-06-21 01:20:46,309  WARNING   CPLE_FileIO in Cannot find gdalvrt.xsd (GDAL_DATA is not defined)
2026-06-21 01:20:46,313  WARNING   CPLE_FileIO in Cannot find gdalvrt.xsd (GDAL_DATA is not defined)
2026-06-21 01:20:46,316  WARNING   CPLE_FileIO in Cannot find gdalvrt.xsd (GDAL_DATA is not defined)
2026-06-21 01:20:46,318  WARNING   CPLE_FileIO in Cannot find gdalvrt.xsd (GDAL_DATA is not defined)
2026-06-21 01:20:46,321  WARNING   CPLE_FileIO in Cannot find gdalvrt.xsd (GDAL_DATA is not defined)
2026-06-21 01:20:46,323  WARNING   CPLE_FileIO in Cannot find gdalvrt.xsd (GDAL_DATA is not defined)
2026-06-21 01:20:46,325  WARNING   CPLE_FileIO in Cannot find gdalvrt.xsd (GDAL_DATA is not defined)
2026-06-21 01:20:46,327  WARNING   CPLE_FileIO in Cannot find gdalvrt.xsd (GDAL_DATA is not defined)
2026-06-21 01:20:46,329  WARNING   CPLE_FileIO in Cannot find gdalvrt.xsd (GDAL_DATA is not defined)
2026-06-21 01:20:46,331  WARNING   CPLE_FileIO in Cannot find gdalvrt.xsd (GDAL_DATA is not defined)
2026-06-21 01:20:46,333  WARNING   CPLE_FileIO in Cannot find gdalvrt.xsd (GDAL_DATA is not defined)
2026-06-21 01:20:46,336  WARNING   CPLE_FileIO in Cannot find gdalvrt.xsd (GDAL_DATA is not defined)
2026-06-21 01:20:46,338  WARNING   CPLE_FileIO in Cannot find gdalvrt.xsd (GDAL_DATA is not defined)
2026-06-21 01:20:46,341  WARNING   CPLE_FileIO in Cannot find gdalvrt.xsd (GDAL_DATA is not defined)
2026-06-21 01:20:46,343  WARNING   CPLE_FileIO in Cannot find gdalvrt.xsd (GDAL_DATA is not defined)
2026-06-21 01:20:46,344  WARNING   CPLE_FileIO in Cannot find gdalvrt.xsd (GDAL_DATA is not defined)
2026-06-21 01:20:46,346  WARNING   CPLE_FileIO in Cannot find gdalvrt.xsd (GDAL_DATA is not defined)
2026-06-21 01:20:46,349  WARNING   CPLE_FileIO in Cannot find gdalvrt.xsd (GDAL_DATA is not defined)
2026-06-21 01:20:46,351  WARNING   CPLE_FileIO in Cannot find gdalvrt.xsd (GDAL_DATA is not defined)
2026-06-21 01:20:46,355  WARNING   CPLE_FileIO in Cannot find gdalvrt.xsd (GDAL_DATA is not defined)
2026-06-21 01:20:46,358  WARNING   CPLE_FileIO in Cannot find gdalvrt.xsd (GDAL_DATA is not defined)
2026-06-21 01:20:46,361  WARNING   CPLE_FileIO in Cannot find gdalvrt.xsd (GDAL_DATA is not defined)
2026-06-21 01:20:46,366  WARNING   CPLE_FileIO in Cannot find gdalvrt.xsd (GDAL_DATA is not defined)
2026-06-21 01:20:46,376  WARNING   CPLE_FileIO in Cannot find gdalvrt.xsd (GDAL_DATA is not defined)
2026-06-21 01:20:46,379  WARNING   CPLE_FileIO in Cannot find gdalvrt.xsd (GDAL_DATA is not defined)
2026-06-21 01:20:46,387  WARNING   CPLE_FileIO in Cannot find gdalvrt.xsd (GDAL_DATA is not defined)
2026-06-21 01:20:46,392  WARNING   CPLE_FileIO in Cannot find gdalvrt.xsd (GDAL_DATA is not defined)
2026-06-21 01:20:46,395  WARNING   CPLE_FileIO in Cannot find gdalvrt.xsd (GDAL_DATA is not defined)
2026-06-21 01:20:46,401  WARNING   CPLE_FileIO in Cannot find gdalvrt.xsd (GDAL_DATA is not defined)
2026-06-21 01:20:46,406  WARNING   CPLE_FileIO in Cannot find gdalvrt.xsd (GDAL_DATA is not defined)
2026-06-21 01:20:46,409  WARNING   CPLE_FileIO in Cannot find gdalvrt.xsd (GDAL_DATA is not defined)
2026-06-21 01:20:46,420  WARNING   CPLE_FileIO in Cannot find gdalvrt.xsd (GDAL_DATA is not defined)
2026-06-21 01:20:46,427  WARNING   CPLE_FileIO in Cannot find gdalvrt.xsd (GDAL_DATA is not defined)
2026-06-21 01:20:46,432  WARNING   CPLE_FileIO in Cannot find gdalvrt.xsd (GDAL_DATA is not defined)
2026-06-21 01:20:46,442  WARNING   CPLE_FileIO in Cannot find gdalvrt.xsd (GDAL_DATA is not defined)
2026-06-21 01:20:46,448  WARNING   CPLE_FileIO in Cannot find gdalvrt.xsd (GDAL_DATA is not defined)
2026-06-21 01:20:46,453  WARNING   CPLE_FileIO in Cannot find gdalvrt.xsd (GDAL_DATA is not defined)
2026-06-21 01:20:46,460  WARNING   CPLE_FileIO in Cannot find gdalvrt.xsd (GDAL_DATA is not defined)
2026-06-21 01:20:46,464  WARNING   CPLE_FileIO in Cannot find gdalvrt.xsd (GDAL_DATA is not defined)
2026-06-21 01:20:46,467  WARNING   CPLE_FileIO in Cannot find gdalvrt.xsd (GDAL_DATA is not defined)
2026-06-21 01:20:46,470  WARNING   CPLE_FileIO in Cannot find gdalvrt.xsd (GDAL_DATA is not defined)
2026-06-21 01:20:46,475  WARNING   CPLE_FileIO in Cannot find gdalvrt.xsd (GDAL_DATA is not defined)
2026-06-21 01:20:46,477  WARNING   CPLE_FileIO in Cannot find gdalvrt.xsd (GDAL_DATA is not defined)
2026-06-21 01:20:46,482  WARNING   CPLE_FileIO in Cannot find gdalvrt.xsd (GDAL_DATA is not defined)
2026-06-21 01:20:46,485  WARNING   CPLE_FileIO in Cannot find gdalvrt.xsd (GDAL_DATA is not defined)
2026-06-21 01:20:46,489  WARNING   CPLE_FileIO in Cannot find gdalvrt.xsd (GDAL_DATA is not defined)
2026-06-21 01:20:46,497  WARNING   CPLE_FileIO in Cannot find gdalvrt.xsd (GDAL_DATA is not defined)
2026-06-21 01:20:46,503  WARNING   CPLE_FileIO in Cannot find gdalvrt.xsd (GDAL_DATA is not defined)
2026-06-21 01:20:46,507  WARNING   CPLE_FileIO in Cannot find gdalvrt.xsd (GDAL_DATA is not defined)
2026-06-21 01:20:46,514  WARNING   CPLE_FileIO in Cannot find gdalvrt.xsd (GDAL_DATA is not defined)
2026-06-21 01:20:46,517  WARNING   CPLE_FileIO in Cannot find gdalvrt.xsd (GDAL_DATA is not defined)
2026-06-21 01:20:46,519  WARNING   CPLE_FileIO in Cannot find gdalvrt.xsd (GDAL_DATA is not defined)
2026-06-21 01:20:46,522  WARNING   CPLE_FileIO in Cannot find gdalvrt.xsd (GDAL_DATA is not defined)
2026-06-21 01:20:46,525  WARNING   CPLE_FileIO in Cannot find gdalvrt.xsd (GDAL_DATA is not defined)
2026-06-21 01:20:46,527  WARNING   CPLE_FileIO in Cannot find gdalvrt.xsd (GDAL_DATA is not defined)
2026-06-21 01:20:46,533  WARNING   CPLE_FileIO in Cannot find gdalvrt.xsd (GDAL_DATA is not defined)
2026-06-21 01:20:46,538  WARNING   CPLE_FileIO in Cannot find gdalvrt.xsd (GDAL_DATA is not defined)
2026-06-21 01:20:46,542  WARNING   CPLE_FileIO in Cannot find gdalvrt.xsd (GDAL_DATA is not defined)
2026-06-21 01:20:46,547  WARNING   CPLE_FileIO in Cannot find gdalvrt.xsd (GDAL_DATA is not defined)
2026-06-21 01:20:46,551  WARNING   CPLE_FileIO in Cannot find gdalvrt.xsd (GDAL_DATA is not defined)
2026-06-21 01:20:46,553  WARNING   CPLE_FileIO in Cannot find gdalvrt.xsd (GDAL_DATA is not defined)
2026-06-21 01:20:46,557  WARNING   CPLE_FileIO in Cannot find gdalvrt.xsd (GDAL_DATA is not defined)
2026-06-21 01:20:46,560  WARNING   CPLE_FileIO in Cannot find gdalvrt.xsd (GDAL_DATA is not defined)
2026-06-21 01:20:46,563  WARNING   CPLE_FileIO in Cannot find gdalvrt.xsd (GDAL_DATA is not defined)
2026-06-21 01:20:46,568  WARNING   CPLE_FileIO in Cannot find gdalvrt.xsd (GDAL_DATA is not defined)
2026-06-21 01:20:46,573  WARNING   CPLE_FileIO in Cannot find gdalvrt.xsd (GDAL_DATA is not defined)
2026-06-21 01:20:46,576  WARNING   CPLE_FileIO in Cannot find gdalvrt.xsd (GDAL_DATA is not defined)
2026-06-21 01:20:46,583  WARNING   CPLE_FileIO in Cannot find gdalvrt.xsd (GDAL_DATA is not defined)
2026-06-21 01:20:46,588  WARNING   CPLE_FileIO in Cannot find gdalvrt.xsd (GDAL_DATA is not defined)
2026-06-21 01:20:46,592  WARNING   CPLE_FileIO in Cannot find gdalvrt.xsd (GDAL_DATA is not defined)
2026-06-21 01:20:46,598  WARNING   CPLE_FileIO in Cannot find gdalvrt.xsd (GDAL_DATA is not defined)
2026-06-21 01:20:46,603  WARNING   CPLE_FileIO in Cannot find gdalvrt.xsd (GDAL_DATA is not defined)
2026-06-21 01:20:46,608  WARNING   CPLE_FileIO in Cannot find gdalvrt.xsd (GDAL_DATA is not defined)
2026-06-21 01:20:46,616  WARNING   CPLE_FileIO in Cannot find gdalvrt.xsd (GDAL_DATA is not defined)
2026-06-21 01:20:46,622  WARNING   CPLE_FileIO in Cannot find gdalvrt.xsd (GDAL_DATA is not defined)
2026-06-21 01:20:46,626  WARNING   CPLE_FileIO in Cannot find gdalvrt.xsd (GDAL_DATA is not defined)
2026-06-21 01:20:46,633  WARNING   CPLE_FileIO in Cannot find gdalvrt.xsd (GDAL_DATA is not defined)
2026-06-21 01:20:46,638  WARNING   CPLE_FileIO in Cannot find gdalvrt.xsd (GDAL_DATA is not defined)
2026-06-21 01:20:46,643  WARNING   CPLE_FileIO in Cannot find gdalvrt.xsd (GDAL_DATA is not defined)
2026-06-21 01:20:46,649  WARNING   CPLE_FileIO in Cannot find gdalvrt.xsd (GDAL_DATA is not defined)
2026-06-21 01:20:46,652  WARNING   CPLE_FileIO in Cannot find gdalvrt.xsd (GDAL_DATA is not defined)
2026-06-21 01:20:46,656  WARNING   CPLE_FileIO in Cannot find gdalvrt.xsd (GDAL_DATA is not defined)
2026-06-21 01:20:46,661  WARNING   CPLE_FileIO in Cannot find gdalvrt.xsd (GDAL_DATA is not defined)
2026-06-21 01:20:46,665  WARNING   CPLE_FileIO in Cannot find gdalvrt.xsd (GDAL_DATA is not defined)
2026-06-21 01:20:46,669  WARNING   CPLE_FileIO in Cannot find gdalvrt.xsd (GDAL_DATA is not defined)
2026-06-21 01:20:46,676  WARNING   CPLE_FileIO in Cannot find gdalvrt.xsd (GDAL_DATA is not defined)
2026-06-21 01:20:46,679  WARNING   CPLE_FileIO in Cannot find gdalvrt.xsd (GDAL_DATA is not defined)
2026-06-21 01:20:46,683  WARNING   CPLE_FileIO in Cannot find gdalvrt.xsd (GDAL_DATA is not defined)
2026-06-21 01:20:46,688  WARNING   CPLE_FileIO in Cannot find gdalvrt.xsd (GDAL_DATA is not defined)
2026-06-21 01:20:46,694  WARNING   CPLE_FileIO in Cannot find gdalvrt.xsd (GDAL_DATA is not defined)
2026-06-21 01:20:46,697  WARNING   CPLE_FileIO in Cannot find gdalvrt.xsd (GDAL_DATA is not defined)
2026-06-21 01:20:46,701  WARNING   CPLE_FileIO in Cannot find gdalvrt.xsd (GDAL_DATA is not defined)
2026-06-21 01:20:46,706  WARNING   CPLE_FileIO in Cannot find gdalvrt.xsd (GDAL_DATA is not defined)
2026-06-21 01:20:46,709  WARNING   CPLE_FileIO in Cannot find gdalvrt.xsd (GDAL_DATA is not defined)
2026-06-21 01:20:46,712  WARNING   CPLE_FileIO in Cannot find gdalvrt.xsd (GDAL_DATA is not defined)
2026-06-21 01:20:46,716  WARNING   CPLE_FileIO in Cannot find gdalvrt.xsd (GDAL_DATA is not defined)
2026-06-21 01:20:46,719  WARNING   CPLE_FileIO in Cannot find gdalvrt.xsd (GDAL_DATA is not defined)
2026-06-21 01:20:46,723  WARNING   CPLE_FileIO in Cannot find gdalvrt.xsd (GDAL_DATA is not defined)
2026-06-21 01:20:46,726  WARNING   CPLE_FileIO in Cannot find gdalvrt.xsd (GDAL_DATA is not defined)
2026-06-21 01:20:46,729  WARNING   CPLE_FileIO in Cannot find gdalvrt.xsd (GDAL_DATA is not defined)
2026-06-21 01:20:46,733  WARNING   CPLE_FileIO in Cannot find gdalvrt.xsd (GDAL_DATA is not defined)
2026-06-21 01:20:46,736  WARNING   CPLE_FileIO in Cannot find gdalvrt.xsd (GDAL_DATA is not defined)
2026-06-21 01:20:46,739  WARNING   CPLE_FileIO in Cannot find gdalvrt.xsd (GDAL_DATA is not defined)
2026-06-21 01:20:46,742  WARNING   CPLE_FileIO in Cannot find gdalvrt.xsd (GDAL_DATA is not defined)
2026-06-21 01:20:46,744  WARNING   CPLE_FileIO in Cannot find gdalvrt.xsd (GDAL_DATA is not defined)
2026-06-21 01:20:46,746  WARNING   CPLE_FileIO in Cannot find gdalvrt.xsd (GDAL_DATA is not defined)
2026-06-21 01:20:46,748  WARNING   CPLE_FileIO in Cannot find gdalvrt.xsd (GDAL_DATA is not defined)
2026-06-21 01:20:46,750  WARNING   CPLE_FileIO in Cannot find gdalvrt.xsd (GDAL_DATA is not defined)
2026-06-21 01:20:46,751  WARNING   CPLE_FileIO in Cannot find gdalvrt.xsd (GDAL_DATA is not defined)
2026-06-21 01:20:46,754  WARNING   CPLE_FileIO in Cannot find gdalvrt.xsd (GDAL_DATA is not defined)
2026-06-21 01:20:46,756  WARNING   CPLE_FileIO in Cannot find gdalvrt.xsd (GDAL_DATA is not defined)
2026-06-21 01:20:46,757  WARNING   CPLE_FileIO in Cannot find gdalvrt.xsd (GDAL_DATA is not defined)
2026-06-21 01:20:46,760  WARNING   CPLE_FileIO in Cannot find gdalvrt.xsd (GDAL_DATA is not defined)
2026-06-21 01:20:46,761  WARNING   CPLE_FileIO in Cannot find gdalvrt.xsd (GDAL_DATA is not defined)
2026-06-21 01:20:46,763  WARNING   CPLE_FileIO in Cannot find gdalvrt.xsd (GDAL_DATA is not defined)
2026-06-21 01:20:46,765  WARNING   CPLE_FileIO in Cannot find gdalvrt.xsd (GDAL_DATA is not defined)
2026-06-21 01:20:46,767  WARNING   CPLE_FileIO in Cannot find gdalvrt.xsd (GDAL_DATA is not defined)
2026-06-21 01:20:46,768  WARNING   CPLE_FileIO in Cannot find gdalvrt.xsd (GDAL_DATA is not defined)
2026-06-21 01:20:46,770  WARNING   CPLE_FileIO in Cannot find gdalvrt.xsd (GDAL_DATA is not defined)
2026-06-21 01:20:46,773  WARNING   CPLE_FileIO in Cannot find gdalvrt.xsd (GDAL_DATA is not defined)
2026-06-21 01:20:46,775  WARNING   CPLE_FileIO in Cannot find gdalvrt.xsd (GDAL_DATA is not defined)
2026-06-21 01:20:46,778  WARNING   CPLE_FileIO in Cannot find gdalvrt.xsd (GDAL_DATA is not defined)
2026-06-21 01:20:46,780  WARNING   CPLE_FileIO in Cannot find gdalvrt.xsd (GDAL_DATA is not defined)
2026-06-21 01:20:46,781  WARNING   CPLE_FileIO in Cannot find gdalvrt.xsd (GDAL_DATA is not defined)
2026-06-21 01:20:46,784  WARNING   CPLE_FileIO in Cannot find gdalvrt.xsd (GDAL_DATA is not defined)
2026-06-21 01:20:46,786  WARNING   CPLE_FileIO in Cannot find gdalvrt.xsd (GDAL_DATA is not defined)
2026-06-21 01:20:46,787  WARNING   CPLE_FileIO in Cannot find gdalvrt.xsd (GDAL_DATA is not defined)
2026-06-21 01:20:46,790  WARNING   CPLE_FileIO in Cannot find gdalvrt.xsd (GDAL_DATA is not defined)
2026-06-21 01:20:46,792  WARNING   CPLE_FileIO in Cannot find gdalvrt.xsd (GDAL_DATA is not defined)
2026-06-21 01:20:46,794  WARNING   CPLE_FileIO in Cannot find gdalvrt.xsd (GDAL_DATA is not defined)
2026-06-21 01:20:46,796  WARNING   CPLE_FileIO in Cannot find gdalvrt.xsd (GDAL_DATA is not defined)
2026-06-21 01:20:46,798  WARNING   CPLE_FileIO in Cannot find gdalvrt.xsd (GDAL_DATA is not defined)
2026-06-21 01:20:46,800  WARNING   CPLE_FileIO in Cannot find gdalvrt.xsd (GDAL_DATA is not defined)
2026-06-21 01:20:46,802  WARNING   CPLE_FileIO in Cannot find gdalvrt.xsd (GDAL_DATA is not defined)
2026-06-21 01:20:46,804  WARNING   CPLE_FileIO in Cannot find gdalvrt.xsd (GDAL_DATA is not defined)
2026-06-21 01:20:46,805  WARNING   CPLE_FileIO in Cannot find gdalvrt.xsd (GDAL_DATA is not defined)
2026-06-21 01:20:46,808  WARNING   CPLE_FileIO in Cannot find gdalvrt.xsd (GDAL_DATA is not defined)
2026-06-21 01:20:46,810  WARNING   CPLE_FileIO in Cannot find gdalvrt.xsd (GDAL_DATA is not defined)
2026-06-21 01:20:46,811  WARNING   CPLE_FileIO in Cannot find gdalvrt.xsd (GDAL_DATA is not defined)
2026-06-21 01:20:46,813  WARNING   CPLE_FileIO in Cannot find gdalvrt.xsd (GDAL_DATA is not defined)
2026-06-21 01:20:46,815  WARNING   CPLE_FileIO in Cannot find gdalvrt.xsd (GDAL_DATA is not defined)
2026-06-21 01:20:46,816  WARNING   CPLE_FileIO in Cannot find gdalvrt.xsd (GDAL_DATA is not defined)
2026-06-21 01:20:46,819  WARNING   CPLE_FileIO in Cannot find gdalvrt.xsd (GDAL_DATA is not defined)
2026-06-21 01:20:46,821  WARNING   CPLE_FileIO in Cannot find gdalvrt.xsd (GDAL_DATA is not defined)
2026-06-21 01:20:46,822  WARNING   CPLE_FileIO in Cannot find gdalvrt.xsd (GDAL_DATA is not defined)
2026-06-21 01:20:46,824  WARNING   CPLE_FileIO in Cannot find gdalvrt.xsd (GDAL_DATA is not defined)
2026-06-21 01:20:46,826  WARNING   CPLE_FileIO in Cannot find gdalvrt.xsd (GDAL_DATA is not defined)
2026-06-21 01:20:46,828  WARNING   CPLE_FileIO in Cannot find gdalvrt.xsd (GDAL_DATA is not defined)
2026-06-21 01:20:46,830  WARNING   CPLE_FileIO in Cannot find gdalvrt.xsd (GDAL_DATA is not defined)
2026-06-21 01:20:46,833  WARNING   CPLE_FileIO in Cannot find gdalvrt.xsd (GDAL_DATA is not defined)
2026-06-21 01:20:46,834  WARNING   CPLE_FileIO in Cannot find gdalvrt.xsd (GDAL_DATA is not defined)
2026-06-21 01:20:46,838  WARNING   CPLE_FileIO in Cannot find gdalvrt.xsd (GDAL_DATA is not defined)
2026-06-21 01:20:46,840  WARNING   CPLE_FileIO in Cannot find gdalvrt.xsd (GDAL_DATA is not defined)
2026-06-21 01:20:46,842  WARNING   CPLE_FileIO in Cannot find gdalvrt.xsd (GDAL_DATA is not defined)
2026-06-21 01:20:46,844  WARNING   CPLE_FileIO in Cannot find gdalvrt.xsd (GDAL_DATA is not defined)
2026-06-21 01:20:46,846  WARNING   CPLE_FileIO in Cannot find gdalvrt.xsd (GDAL_DATA is not defined)
2026-06-21 01:20:46,848  WARNING   CPLE_FileIO in Cannot find gdalvrt.xsd (GDAL_DATA is not defined)
2026-06-21 01:20:46,850  WARNING   CPLE_FileIO in Cannot find gdalvrt.xsd (GDAL_DATA is not defined)
2026-06-21 01:20:46,852  WARNING   CPLE_FileIO in Cannot find gdalvrt.xsd (GDAL_DATA is not defined)
2026-06-21 01:20:46,853  WARNING   CPLE_FileIO in Cannot find gdalvrt.xsd (GDAL_DATA is not defined)
2026-06-21 01:20:46,856  WARNING   CPLE_FileIO in Cannot find gdalvrt.xsd (GDAL_DATA is not defined)
2026-06-21 01:20:46,858  WARNING   CPLE_FileIO in Cannot find gdalvrt.xsd (GDAL_DATA is not defined)
2026-06-21 01:20:46,859  WARNING   CPLE_FileIO in Cannot find gdalvrt.xsd (GDAL_DATA is not defined)
2026-06-21 01:20:46,862  WARNING   CPLE_FileIO in Cannot find gdalvrt.xsd (GDAL_DATA is not defined)
2026-06-21 01:20:46,864  WARNING   CPLE_FileIO in Cannot find gdalvrt.xsd (GDAL_DATA is not defined)
2026-06-21 01:20:46,866  WARNING   CPLE_FileIO in Cannot find gdalvrt.xsd (GDAL_DATA is not defined)
2026-06-21 01:20:46,868  WARNING   CPLE_FileIO in Cannot find gdalvrt.xsd (GDAL_DATA is not defined)
2026-06-21 01:20:46,871  WARNING   CPLE_FileIO in Cannot find gdalvrt.xsd (GDAL_DATA is not defined)
2026-06-21 01:20:46,872  WARNING   CPLE_FileIO in Cannot find gdalvrt.xsd (GDAL_DATA is not defined)
2026-06-21 01:20:46,874  WARNING   CPLE_FileIO in Cannot find gdalvrt.xsd (GDAL_DATA is not defined)
2026-06-21 01:20:46,877  WARNING   CPLE_FileIO in Cannot find gdalvrt.xsd (GDAL_DATA is not defined)
2026-06-21 01:20:46,878  WARNING   CPLE_FileIO in Cannot find gdalvrt.xsd (GDAL_DATA is not defined)
2026-06-21 01:20:46,880  WARNING   CPLE_FileIO in Cannot find gdalvrt.xsd (GDAL_DATA is not defined)
2026-06-21 01:20:46,883  WARNING   CPLE_FileIO in Cannot find gdalvrt.xsd (GDAL_DATA is not defined)
2026-06-21 01:20:46,886  WARNING   CPLE_FileIO in Cannot find gdalvrt.xsd (GDAL_DATA is not defined)
2026-06-21 01:20:46,888  WARNING   CPLE_FileIO in Cannot find gdalvrt.xsd (GDAL_DATA is not defined)
2026-06-21 01:20:46,891  WARNING   CPLE_FileIO in Cannot find gdalvrt.xsd (GDAL_DATA is not defined)
2026-06-21 01:20:46,893  WARNING   CPLE_FileIO in Cannot find gdalvrt.xsd (GDAL_DATA is not defined)
2026-06-21 01:20:46,895  WARNING   CPLE_FileIO in Cannot find gdalvrt.xsd (GDAL_DATA is not defined)
2026-06-21 01:20:46,897  WARNING   CPLE_FileIO in Cannot find gdalvrt.xsd (GDAL_DATA is not defined)
2026-06-21 01:20:46,899  WARNING   CPLE_FileIO in Cannot find gdalvrt.xsd (GDAL_DATA is not defined)
2026-06-21 01:20:46,901  WARNING   CPLE_FileIO in Cannot find gdalvrt.xsd (GDAL_DATA is not defined)
2026-06-21 01:20:46,903  WARNING   CPLE_FileIO in Cannot find gdalvrt.xsd (GDAL_DATA is not defined)
2026-06-21 01:20:46,905  WARNING   CPLE_FileIO in Cannot find gdalvrt.xsd (GDAL_DATA is not defined)
2026-06-21 01:20:46,907  WARNING   CPLE_FileIO in Cannot find gdalvrt.xsd (GDAL_DATA is not defined)
2026-06-21 01:20:46,909  WARNING   CPLE_FileIO in Cannot find gdalvrt.xsd (GDAL_DATA is not defined)
2026-06-21 01:20:46,910  WARNING   CPLE_FileIO in Cannot find gdalvrt.xsd (GDAL_DATA is not defined)
2026-06-21 01:20:46,913  WARNING   CPLE_FileIO in Cannot find gdalvrt.xsd (GDAL_DATA is not defined)
2026-06-21 01:20:46,914  WARNING   CPLE_FileIO in Cannot find gdalvrt.xsd (GDAL_DATA is not defined)
2026-06-21 01:20:46,916  WARNING   CPLE_FileIO in Cannot find gdalvrt.xsd (GDAL_DATA is not defined)
2026-06-21 01:20:46,918  WARNING   CPLE_FileIO in Cannot find gdalvrt.xsd (GDAL_DATA is not defined)
2026-06-21 01:20:46,920  WARNING   CPLE_FileIO in Cannot find gdalvrt.xsd (GDAL_DATA is not defined)
2026-06-21 01:20:46,921  WARNING   CPLE_FileIO in Cannot find gdalvrt.xsd (GDAL_DATA is not defined)
2026-06-21 01:20:46,923  WARNING   CPLE_FileIO in Cannot find gdalvrt.xsd (GDAL_DATA is not defined)
2026-06-21 01:20:46,925  WARNING   CPLE_FileIO in Cannot find gdalvrt.xsd (GDAL_DATA is not defined)
2026-06-21 01:20:46,926  WARNING   CPLE_FileIO in Cannot find gdalvrt.xsd (GDAL_DATA is not defined)
2026-06-21 01:20:46,928  WARNING   CPLE_FileIO in Cannot find gdalvrt.xsd (GDAL_DATA is not defined)
2026-06-21 01:20:46,930  WARNING   CPLE_FileIO in Cannot find gdalvrt.xsd (GDAL_DATA is not defined)
2026-06-21 01:20:46,932  WARNING   CPLE_FileIO in Cannot find gdalvrt.xsd (GDAL_DATA is not defined)
2026-06-21 01:20:46,934  WARNING   CPLE_FileIO in Cannot find gdalvrt.xsd (GDAL_DATA is not defined)
2026-06-21 01:20:46,936  WARNING   CPLE_FileIO in Cannot find gdalvrt.xsd (GDAL_DATA is not defined)
2026-06-21 01:20:46,937  WARNING   CPLE_FileIO in Cannot find gdalvrt.xsd (GDAL_DATA is not defined)
2026-06-21 01:20:46,940  WARNING   CPLE_FileIO in Cannot find gdalvrt.xsd (GDAL_DATA is not defined)
2026-06-21 01:20:46,942  WARNING   CPLE_FileIO in Cannot find gdalvrt.xsd (GDAL_DATA is not defined)
2026-06-21 01:20:46,943  WARNING   CPLE_FileIO in Cannot find gdalvrt.xsd (GDAL_DATA is not defined)
2026-06-21 01:20:46,945  WARNING   CPLE_FileIO in Cannot find gdalvrt.xsd (GDAL_DATA is not defined)
2026-06-21 01:20:46,947  WARNING   CPLE_FileIO in Cannot find gdalvrt.xsd (GDAL_DATA is not defined)
2026-06-21 01:20:46,948  WARNING   CPLE_FileIO in Cannot find gdalvrt.xsd (GDAL_DATA is not defined)
2026-06-21 01:20:46,951  WARNING   CPLE_FileIO in Cannot find gdalvrt.xsd (GDAL_DATA is not defined)
2026-06-21 01:20:46,953  WARNING   CPLE_FileIO in Cannot find gdalvrt.xsd (GDAL_DATA is not defined)
2026-06-21 01:20:46,954  WARNING   CPLE_FileIO in Cannot find gdalvrt.xsd (GDAL_DATA is not defined)
2026-06-21 01:20:46,956  WARNING   CPLE_FileIO in Cannot find gdalvrt.xsd (GDAL_DATA is not defined)
2026-06-21 01:20:46,958  WARNING   CPLE_FileIO in Cannot find gdalvrt.xsd (GDAL_DATA is not defined)
2026-06-21 01:20:46,960  WARNING   CPLE_FileIO in Cannot find gdalvrt.xsd (GDAL_DATA is not defined)
2026-06-21 01:20:46,962  WARNING   CPLE_FileIO in Cannot find gdalvrt.xsd (GDAL_DATA is not defined)
2026-06-21 01:20:46,964  WARNING   CPLE_FileIO in Cannot find gdalvrt.xsd (GDAL_DATA is not defined)
2026-06-21 01:20:46,965  WARNING   CPLE_FileIO in Cannot find gdalvrt.xsd (GDAL_DATA is not defined)
2026-06-21 01:20:46,967  WARNING   CPLE_FileIO in Cannot find gdalvrt.xsd (GDAL_DATA is not defined)
2026-06-21 01:20:46,969  WARNING   CPLE_FileIO in Cannot find gdalvrt.xsd (GDAL_DATA is not defined)
2026-06-21 01:20:46,970  WARNING   CPLE_FileIO in Cannot find gdalvrt.xsd (GDAL_DATA is not defined)
2026-06-21 01:20:46,973  WARNING   CPLE_FileIO in Cannot find gdalvrt.xsd (GDAL_DATA is not defined)
2026-06-21 01:20:46,975  WARNING   CPLE_FileIO in Cannot find gdalvrt.xsd (GDAL_DATA is not defined)
2026-06-21 01:20:46,976  WARNING   CPLE_FileIO in Cannot find gdalvrt.xsd (GDAL_DATA is not defined)
2026-06-21 01:20:46,978  WARNING   CPLE_FileIO in Cannot find gdalvrt.xsd (GDAL_DATA is not defined)
2026-06-21 01:20:46,981  WARNING   CPLE_FileIO in Cannot find gdalvrt.xsd (GDAL_DATA is not defined)
2026-06-21 01:20:46,983  WARNING   CPLE_FileIO in Cannot find gdalvrt.xsd (GDAL_DATA is not defined)
2026-06-21 01:20:46,985  WARNING   CPLE_FileIO in Cannot find gdalvrt.xsd (GDAL_DATA is not defined)
2026-06-21 01:20:46,988  WARNING   CPLE_FileIO in Cannot find gdalvrt.xsd (GDAL_DATA is not defined)
2026-06-21 01:20:46,989  WARNING   CPLE_FileIO in Cannot find gdalvrt.xsd (GDAL_DATA is not defined)
2026-06-21 01:20:46,992  WARNING   CPLE_FileIO in Cannot find gdalvrt.xsd (GDAL_DATA is not defined)
2026-06-21 01:20:46,994  WARNING   CPLE_FileIO in Cannot find gdalvrt.xsd (GDAL_DATA is not defined)
2026-06-21 01:20:46,995  WARNING   CPLE_FileIO in Cannot find gdalvrt.xsd (GDAL_DATA is not defined)
2026-06-21 01:20:46,997  WARNING   CPLE_FileIO in Cannot find gdalvrt.xsd (GDAL_DATA is not defined)
2026-06-21 01:20:46,999  WARNING   CPLE_FileIO in Cannot find gdalvrt.xsd (GDAL_DATA is not defined)
2026-06-21 01:20:47,000  WARNING   CPLE_FileIO in Cannot find gdalvrt.xsd (GDAL_DATA is not defined)
2026-06-21 01:20:47,003  WARNING   CPLE_FileIO in Cannot find gdalvrt.xsd (GDAL_DATA is not defined)
2026-06-21 01:20:47,005  WARNING   CPLE_FileIO in Cannot find gdalvrt.xsd (GDAL_DATA is not defined)
2026-06-21 01:20:47,006  WARNING   CPLE_FileIO in Cannot find gdalvrt.xsd (GDAL_DATA is not defined)
2026-06-21 01:20:47,009  WARNING   CPLE_FileIO in Cannot find gdalvrt.xsd (GDAL_DATA is not defined)
2026-06-21 01:20:47,010  WARNING   CPLE_FileIO in Cannot find gdalvrt.xsd (GDAL_DATA is not defined)
2026-06-21 01:20:47,012  WARNING   CPLE_FileIO in Cannot find gdalvrt.xsd (GDAL_DATA is not defined)
2026-06-21 01:20:47,014  WARNING   CPLE_FileIO in Cannot find gdalvrt.xsd (GDAL_DATA is not defined)
2026-06-21 01:20:47,016  WARNING   CPLE_FileIO in Cannot find gdalvrt.xsd (GDAL_DATA is not defined)
2026-06-21 01:20:47,017  WARNING   CPLE_FileIO in Cannot find gdalvrt.xsd (GDAL_DATA is not defined)
2026-06-21 01:20:47,019  WARNING   CPLE_FileIO in Cannot find gdalvrt.xsd (GDAL_DATA is not defined)
2026-06-21 01:20:47,021  WARNING   CPLE_FileIO in Cannot find gdalvrt.xsd (GDAL_DATA is not defined)
2026-06-21 01:20:47,022  WARNING   CPLE_FileIO in Cannot find gdalvrt.xsd (GDAL_DATA is not defined)
2026-06-21 01:20:47,024  WARNING   CPLE_FileIO in Cannot find gdalvrt.xsd (GDAL_DATA is not defined)
2026-06-21 01:20:47,026  WARNING   CPLE_FileIO in Cannot find gdalvrt.xsd (GDAL_DATA is not defined)
2026-06-21 01:20:47,027  WARNING   CPLE_FileIO in Cannot find gdalvrt.xsd (GDAL_DATA is not defined)
2026-06-21 01:20:47,029  WARNING   CPLE_FileIO in Cannot find gdalvrt.xsd (GDAL_DATA is not defined)
2026-06-21 01:20:47,031  WARNING   CPLE_FileIO in Cannot find gdalvrt.xsd (GDAL_DATA is not defined)
2026-06-21 01:20:47,032  WARNING   CPLE_FileIO in Cannot find gdalvrt.xsd (GDAL_DATA is not defined)
2026-06-21 01:20:47,035  WARNING   CPLE_FileIO in Cannot find gdalvrt.xsd (GDAL_DATA is not defined)
2026-06-21 01:20:47,037  WARNING   CPLE_FileIO in Cannot find gdalvrt.xsd (GDAL_DATA is not defined)
2026-06-21 01:20:47,038  WARNING   CPLE_FileIO in Cannot find gdalvrt.xsd (GDAL_DATA is not defined)
2026-06-21 01:20:47,040  WARNING   CPLE_FileIO in Cannot find gdalvrt.xsd (GDAL_DATA is not defined)
2026-06-21 01:20:47,042  WARNING   CPLE_FileIO in Cannot find gdalvrt.xsd (GDAL_DATA is not defined)
2026-06-21 01:20:47,044  WARNING   CPLE_FileIO in Cannot find gdalvrt.xsd (GDAL_DATA is not defined)
2026-06-21 01:20:47,046  WARNING   CPLE_FileIO in Cannot find gdalvrt.xsd (GDAL_DATA is not defined)
2026-06-21 01:20:47,048  WARNING   CPLE_FileIO in Cannot find gdalvrt.xsd (GDAL_DATA is not defined)
2026-06-21 01:20:47,049  WARNING   CPLE_FileIO in Cannot find gdalvrt.xsd (GDAL_DATA is not defined)
2026-06-21 01:20:47,052  WARNING   CPLE_FileIO in Cannot find gdalvrt.xsd (GDAL_DATA is not defined)
2026-06-21 01:20:47,054  WARNING   CPLE_FileIO in Cannot find gdalvrt.xsd (GDAL_DATA is not defined)
2026-06-21 01:20:47,055  WARNING   CPLE_FileIO in Cannot find gdalvrt.xsd (GDAL_DATA is not defined)
2026-06-21 01:20:47,058  WARNING   CPLE_FileIO in Cannot find gdalvrt.xsd (GDAL_DATA is not defined)
2026-06-21 01:20:47,059  WARNING   CPLE_FileIO in Cannot find gdalvrt.xsd (GDAL_DATA is not defined)
2026-06-21 01:20:47,061  WARNING   CPLE_FileIO in Cannot find gdalvrt.xsd (GDAL_DATA is not defined)
2026-06-21 01:20:47,063  WARNING   CPLE_FileIO in Cannot find gdalvrt.xsd (GDAL_DATA is not defined)
2026-06-21 01:20:47,065  WARNING   CPLE_FileIO in Cannot find gdalvrt.xsd (GDAL_DATA is not defined)
2026-06-21 01:20:47,067  WARNING   CPLE_FileIO in Cannot find gdalvrt.xsd (GDAL_DATA is not defined)
2026-06-21 01:20:47,069  WARNING   CPLE_FileIO in Cannot find gdalvrt.xsd (GDAL_DATA is not defined)
2026-06-21 01:20:47,071  WARNING   CPLE_FileIO in Cannot find gdalvrt.xsd (GDAL_DATA is not defined)
2026-06-21 01:20:47,072  WARNING   CPLE_FileIO in Cannot find gdalvrt.xsd (GDAL_DATA is not defined)
2026-06-21 01:20:47,074  WARNING   CPLE_FileIO in Cannot find gdalvrt.xsd (GDAL_DATA is not defined)
2026-06-21 01:20:47,076  WARNING   CPLE_FileIO in Cannot find gdalvrt.xsd (GDAL_DATA is not defined)
2026-06-21 01:20:47,077  WARNING   CPLE_FileIO in Cannot find gdalvrt.xsd (GDAL_DATA is not defined)
2026-06-21 01:20:47,080  WARNING   CPLE_FileIO in Cannot find gdalvrt.xsd (GDAL_DATA is not defined)
2026-06-21 01:20:47,082  WARNING   CPLE_FileIO in Cannot find gdalvrt.xsd (GDAL_DATA is not defined)
2026-06-21 01:20:47,084  WARNING   CPLE_FileIO in Cannot find gdalvrt.xsd (GDAL_DATA is not defined)
2026-06-21 01:20:47,088  WARNING   CPLE_FileIO in Cannot find gdalvrt.xsd (GDAL_DATA is not defined)
2026-06-21 01:20:47,089  WARNING   CPLE_FileIO in Cannot find gdalvrt.xsd (GDAL_DATA is not defined)
2026-06-21 01:20:47,091  WARNING   CPLE_FileIO in Cannot find gdalvrt.xsd (GDAL_DATA is not defined)
2026-06-21 01:20:47,094  WARNING   CPLE_FileIO in Cannot find gdalvrt.xsd (GDAL_DATA is not defined)
2026-06-21 01:20:47,096  WARNING   CPLE_FileIO in Cannot find gdalvrt.xsd (GDAL_DATA is not defined)
2026-06-21 01:20:47,098  WARNING   CPLE_FileIO in Cannot find gdalvrt.xsd (GDAL_DATA is not defined)
2026-06-21 01:20:47,100  WARNING   CPLE_FileIO in Cannot find gdalvrt.xsd (GDAL_DATA is not defined)
2026-06-21 01:20:47,102  WARNING   CPLE_FileIO in Cannot find gdalvrt.xsd (GDAL_DATA is not defined)
2026-06-21 01:20:47,103  WARNING   CPLE_FileIO in Cannot find gdalvrt.xsd (GDAL_DATA is not defined)
2026-06-21 01:20:47,106  WARNING   CPLE_FileIO in Cannot find gdalvrt.xsd (GDAL_DATA is not defined)
2026-06-21 01:20:47,107  WARNING   CPLE_FileIO in Cannot find gdalvrt.xsd (GDAL_DATA is not defined)
2026-06-21 01:20:47,109  WARNING   CPLE_FileIO in Cannot find gdalvrt.xsd (GDAL_DATA is not defined)
2026-06-21 01:20:47,111  WARNING   CPLE_FileIO in Cannot find gdalvrt.xsd (GDAL_DATA is not defined)
2026-06-21 01:20:47,113  WARNING   CPLE_FileIO in Cannot find gdalvrt.xsd (GDAL_DATA is not defined)
2026-06-21 01:20:47,115  WARNING   CPLE_FileIO in Cannot find gdalvrt.xsd (GDAL_DATA is not defined)
2026-06-21 01:20:47,117  WARNING   CPLE_FileIO in Cannot find gdalvrt.xsd (GDAL_DATA is not defined)
2026-06-21 01:20:47,119  WARNING   CPLE_FileIO in Cannot find gdalvrt.xsd (GDAL_DATA is not defined)
2026-06-21 01:20:47,121  WARNING   CPLE_FileIO in Cannot find gdalvrt.xsd (GDAL_DATA is not defined)
2026-06-21 01:20:47,123  WARNING   CPLE_FileIO in Cannot find gdalvrt.xsd (GDAL_DATA is not defined)
2026-06-21 01:20:47,125  WARNING   CPLE_FileIO in Cannot find gdalvrt.xsd (GDAL_DATA is not defined)
2026-06-21 01:20:47,126  WARNING   CPLE_FileIO in Cannot find gdalvrt.xsd (GDAL_DATA is not defined)
2026-06-21 01:20:47,129  WARNING   CPLE_FileIO in Cannot find gdalvrt.xsd (GDAL_DATA is not defined)
2026-06-21 01:20:47,130  WARNING   CPLE_FileIO in Cannot find gdalvrt.xsd (GDAL_DATA is not defined)
2026-06-21 01:20:47,131  WARNING   CPLE_FileIO in Cannot find gdalvrt.xsd (GDAL_DATA is not defined)
2026-06-21 01:20:47,134  WARNING   CPLE_FileIO in Cannot find gdalvrt.xsd (GDAL_DATA is not defined)
2026-06-21 01:20:47,136  WARNING   CPLE_FileIO in Cannot find gdalvrt.xsd (GDAL_DATA is not defined)
2026-06-21 01:20:47,137  WARNING   CPLE_FileIO in Cannot find gdalvrt.xsd (GDAL_DATA is not defined)
2026-06-21 01:20:47,140  WARNING   CPLE_FileIO in Cannot find gdalvrt.xsd (GDAL_DATA is not defined)
2026-06-21 01:20:47,142  WARNING   CPLE_FileIO in Cannot find gdalvrt.xsd (GDAL_DATA is not defined)
2026-06-21 01:20:47,143  WARNING   CPLE_FileIO in Cannot find gdalvrt.xsd (GDAL_DATA is not defined)
2026-06-21 01:20:47,145  WARNING   CPLE_FileIO in Cannot find gdalvrt.xsd (GDAL_DATA is not defined)
2026-06-21 01:20:47,147  WARNING   CPLE_FileIO in Cannot find gdalvrt.xsd (GDAL_DATA is not defined)
2026-06-21 01:20:47,148  WARNING   CPLE_FileIO in Cannot find gdalvrt.xsd (GDAL_DATA is not defined)
2026-06-21 01:20:47,153  WARNING   CPLE_FileIO in Cannot find gdalvrt.xsd (GDAL_DATA is not defined)
2026-06-21 01:20:47,157  WARNING   CPLE_FileIO in Cannot find gdalvrt.xsd (GDAL_DATA is not defined)
2026-06-21 01:20:47,161  WARNING   CPLE_FileIO in Cannot find gdalvrt.xsd (GDAL_DATA is not defined)
2026-06-21 01:20:47,166  WARNING   CPLE_FileIO in Cannot find gdalvrt.xsd (GDAL_DATA is not defined)
2026-06-21 01:20:47,169  WARNING   CPLE_FileIO in Cannot find gdalvrt.xsd (GDAL_DATA is not defined)
2026-06-21 01:20:47,171  WARNING   CPLE_FileIO in Cannot find gdalvrt.xsd (GDAL_DATA is not defined)
2026-06-21 01:20:47,173  WARNING   CPLE_FileIO in Cannot find gdalvrt.xsd (GDAL_DATA is not defined)
2026-06-21 01:20:47,175  WARNING   CPLE_FileIO in Cannot find gdalvrt.xsd (GDAL_DATA is not defined)
2026-06-21 01:20:47,176  WARNING   CPLE_FileIO in Cannot find gdalvrt.xsd (GDAL_DATA is not defined)
2026-06-21 01:20:47,178  WARNING   CPLE_FileIO in Cannot find gdalvrt.xsd (GDAL_DATA is not defined)
2026-06-21 01:20:47,180  WARNING   CPLE_FileIO in Cannot find gdalvrt.xsd (GDAL_DATA is not defined)
2026-06-21 01:20:47,182  WARNING   CPLE_FileIO in Cannot find gdalvrt.xsd (GDAL_DATA is not defined)
2026-06-21 01:20:47,185  WARNING   CPLE_FileIO in Cannot find gdalvrt.xsd (GDAL_DATA is not defined)
2026-06-21 01:20:47,188  WARNING   CPLE_FileIO in Cannot find gdalvrt.xsd (GDAL_DATA is not defined)
2026-06-21 01:20:47,190  WARNING   CPLE_FileIO in Cannot find gdalvrt.xsd (GDAL_DATA is not defined)
2026-06-21 01:20:47,194  WARNING   CPLE_FileIO in Cannot find gdalvrt.xsd (GDAL_DATA is not defined)
2026-06-21 01:20:47,197  WARNING   CPLE_FileIO in Cannot find gdalvrt.xsd (GDAL_DATA is not defined)
2026-06-21 01:20:47,198  WARNING   CPLE_FileIO in Cannot find gdalvrt.xsd (GDAL_DATA is not defined)
2026-06-21 01:20:47,202  WARNING   CPLE_FileIO in Cannot find gdalvrt.xsd (GDAL_DATA is not defined)
2026-06-21 01:20:47,205  WARNING   CPLE_FileIO in Cannot find gdalvrt.xsd (GDAL_DATA is not defined)
2026-06-21 01:20:47,208  WARNING   CPLE_FileIO in Cannot find gdalvrt.xsd (GDAL_DATA is not defined)
2026-06-21 01:20:47,213  WARNING   CPLE_FileIO in Cannot find gdalvrt.xsd (GDAL_DATA is not defined)
2026-06-21 01:20:47,216  WARNING   CPLE_FileIO in Cannot find gdalvrt.xsd (GDAL_DATA is not defined)
2026-06-21 01:20:47,219  WARNING   CPLE_FileIO in Cannot find gdalvrt.xsd (GDAL_DATA is not defined)
2026-06-21 01:20:47,222  WARNING   CPLE_FileIO in Cannot find gdalvrt.xsd (GDAL_DATA is not defined)
2026-06-21 01:20:47,224  WARNING   CPLE_FileIO in Cannot find gdalvrt.xsd (GDAL_DATA is not defined)
2026-06-21 01:20:47,226  WARNING   CPLE_FileIO in Cannot find gdalvrt.xsd (GDAL_DATA is not defined)
2026-06-21 01:20:47,228  WARNING   CPLE_FileIO in Cannot find gdalvrt.xsd (GDAL_DATA is not defined)
2026-06-21 01:20:47,230  WARNING   CPLE_FileIO in Cannot find gdalvrt.xsd (GDAL_DATA is not defined)
2026-06-21 01:20:47,232  WARNING   CPLE_FileIO in Cannot find gdalvrt.xsd (GDAL_DATA is not defined)
2026-06-21 01:20:47,234  WARNING   CPLE_FileIO in Cannot find gdalvrt.xsd (GDAL_DATA is not defined)
2026-06-21 01:20:47,236  WARNING   CPLE_FileIO in Cannot find gdalvrt.xsd (GDAL_DATA is not defined)
2026-06-21 01:20:47,238  WARNING   CPLE_FileIO in Cannot find gdalvrt.xsd (GDAL_DATA is not defined)
2026-06-21 01:20:47,241  WARNING   CPLE_FileIO in Cannot find gdalvrt.xsd (GDAL_DATA is not defined)
2026-06-21 01:20:47,244  WARNING   CPLE_FileIO in Cannot find gdalvrt.xsd (GDAL_DATA is not defined)
2026-06-21 01:20:47,247  WARNING   CPLE_FileIO in Cannot find gdalvrt.xsd (GDAL_DATA is not defined)
2026-06-21 01:20:47,250  WARNING   CPLE_FileIO in Cannot find gdalvrt.xsd (GDAL_DATA is not defined)
2026-06-21 01:20:47,254  WARNING   CPLE_FileIO in Cannot find gdalvrt.xsd (GDAL_DATA is not defined)
2026-06-21 01:20:47,256  WARNING   CPLE_FileIO in Cannot find gdalvrt.xsd (GDAL_DATA is not defined)
2026-06-21 01:20:47,259  WARNING   CPLE_FileIO in Cannot find gdalvrt.xsd (GDAL_DATA is not defined)
2026-06-21 01:20:47,262  WARNING   CPLE_FileIO in Cannot find gdalvrt.xsd (GDAL_DATA is not defined)
2026-06-21 01:20:47,264  WARNING   CPLE_FileIO in Cannot find gdalvrt.xsd (GDAL_DATA is not defined)
2026-06-21 01:20:47,268  WARNING   CPLE_FileIO in Cannot find gdalvrt.xsd (GDAL_DATA is not defined)
2026-06-21 01:20:47,270  WARNING   CPLE_FileIO in Cannot find gdalvrt.xsd (GDAL_DATA is not defined)
2026-06-21 01:20:47,272  WARNING   CPLE_FileIO in Cannot find gdalvrt.xsd (GDAL_DATA is not defined)
2026-06-21 01:20:47,275  WARNING   CPLE_FileIO in Cannot find gdalvrt.xsd (GDAL_DATA is not defined)
2026-06-21 01:20:47,278  WARNING   CPLE_FileIO in Cannot find gdalvrt.xsd (GDAL_DATA is not defined)
2026-06-21 01:20:47,281  WARNING   CPLE_FileIO in Cannot find gdalvrt.xsd (GDAL_DATA is not defined)
2026-06-21 01:20:47,284  WARNING   CPLE_FileIO in Cannot find gdalvrt.xsd (GDAL_DATA is not defined)
2026-06-21 01:20:47,286  WARNING   CPLE_FileIO in Cannot find gdalvrt.xsd (GDAL_DATA is not defined)
2026-06-21 01:20:47,288  WARNING   CPLE_FileIO in Cannot find gdalvrt.xsd (GDAL_DATA is not defined)
2026-06-21 01:20:47,290  WARNING   CPLE_FileIO in Cannot find gdalvrt.xsd (GDAL_DATA is not defined)
2026-06-21 01:20:47,292  WARNING   CPLE_FileIO in Cannot find gdalvrt.xsd (GDAL_DATA is not defined)
2026-06-21 01:20:47,293  WARNING   CPLE_FileIO in Cannot find gdalvrt.xsd (GDAL_DATA is not defined)
2026-06-21 01:20:47,296  WARNING   CPLE_FileIO in Cannot find gdalvrt.xsd (GDAL_DATA is not defined)
2026-06-21 01:20:47,298  WARNING   CPLE_FileIO in Cannot find gdalvrt.xsd (GDAL_DATA is not defined)
2026-06-21 01:20:47,299  WARNING   CPLE_FileIO in Cannot find gdalvrt.xsd (GDAL_DATA is not defined)
2026-06-21 01:20:47,302  WARNING   CPLE_FileIO in Cannot find gdalvrt.xsd (GDAL_DATA is not defined)
2026-06-21 01:20:47,304  WARNING   CPLE_FileIO in Cannot find gdalvrt.xsd (GDAL_DATA is not defined)
2026-06-21 01:20:47,305  WARNING   CPLE_FileIO in Cannot find gdalvrt.xsd (GDAL_DATA is not defined)
2026-06-21 01:20:47,307  WARNING   CPLE_FileIO in Cannot find gdalvrt.xsd (GDAL_DATA is not defined)
2026-06-21 01:20:47,309  WARNING   CPLE_FileIO in Cannot find gdalvrt.xsd (GDAL_DATA is not defined)
2026-06-21 01:20:47,310  WARNING   CPLE_FileIO in Cannot find gdalvrt.xsd (GDAL_DATA is not defined)
2026-06-21 01:20:47,313  WARNING   CPLE_FileIO in Cannot find gdalvrt.xsd (GDAL_DATA is not defined)
2026-06-21 01:20:47,315  WARNING   CPLE_FileIO in Cannot find gdalvrt.xsd (GDAL_DATA is not defined)
2026-06-21 01:20:47,316  WARNING   CPLE_FileIO in Cannot find gdalvrt.xsd (GDAL_DATA is not defined)
2026-06-21 01:20:47,320  WARNING   CPLE_FileIO in Cannot find gdalvrt.xsd (GDAL_DATA is not defined)
2026-06-21 01:20:47,322  WARNING   CPLE_FileIO in Cannot find gdalvrt.xsd (GDAL_DATA is not defined)
2026-06-21 01:20:47,323  WARNING   CPLE_FileIO in Cannot find gdalvrt.xsd (GDAL_DATA is not defined)
2026-06-21 01:20:47,326  WARNING   CPLE_FileIO in Cannot find gdalvrt.xsd (GDAL_DATA is not defined)
2026-06-21 01:20:47,328  WARNING   CPLE_FileIO in Cannot find gdalvrt.xsd (GDAL_DATA is not defined)
2026-06-21 01:20:47,330  WARNING   CPLE_FileIO in Cannot find gdalvrt.xsd (GDAL_DATA is not defined)
2026-06-21 01:20:47,332  WARNING   CPLE_FileIO in Cannot find gdalvrt.xsd (GDAL_DATA is not defined)
2026-06-21 01:20:47,334  WARNING   CPLE_FileIO in Cannot find gdalvrt.xsd (GDAL_DATA is not defined)
2026-06-21 01:20:47,336  WARNING   CPLE_FileIO in Cannot find gdalvrt.xsd (GDAL_DATA is not defined)
2026-06-21 01:20:47,338  WARNING   CPLE_FileIO in Cannot find gdalvrt.xsd (GDAL_DATA is not defined)
2026-06-21 01:20:47,340  WARNING   CPLE_FileIO in Cannot find gdalvrt.xsd (GDAL_DATA is not defined)
2026-06-21 01:20:47,342  WARNING   CPLE_FileIO in Cannot find gdalvrt.xsd (GDAL_DATA is not defined)
2026-06-21 01:20:47,344  WARNING   CPLE_FileIO in Cannot find gdalvrt.xsd (GDAL_DATA is not defined)
2026-06-21 01:20:47,346  WARNING   CPLE_FileIO in Cannot find gdalvrt.xsd (GDAL_DATA is not defined)
2026-06-21 01:20:47,348  WARNING   CPLE_FileIO in Cannot find gdalvrt.xsd (GDAL_DATA is not defined)
2026-06-21 01:20:47,350  WARNING   CPLE_FileIO in Cannot find gdalvrt.xsd (GDAL_DATA is not defined)
2026-06-21 01:20:47,352  WARNING   CPLE_FileIO in Cannot find gdalvrt.xsd (GDAL_DATA is not defined)
2026-06-21 01:20:47,353  WARNING   CPLE_FileIO in Cannot find gdalvrt.xsd (GDAL_DATA is not defined)
2026-06-21 01:20:47,356  WARNING   CPLE_FileIO in Cannot find gdalvrt.xsd (GDAL_DATA is not defined)
2026-06-21 01:20:47,358  WARNING   CPLE_FileIO in Cannot find gdalvrt.xsd (GDAL_DATA is not defined)
2026-06-21 01:20:47,359  WARNING   CPLE_FileIO in Cannot find gdalvrt.xsd (GDAL_DATA is not defined)
2026-06-21 01:20:47,362  WARNING   CPLE_FileIO in Cannot find gdalvrt.xsd (GDAL_DATA is not defined)
2026-06-21 01:20:47,364  WARNING   CPLE_FileIO in Cannot find gdalvrt.xsd (GDAL_DATA is not defined)
2026-06-21 01:20:47,365  WARNING   CPLE_FileIO in Cannot find gdalvrt.xsd (GDAL_DATA is not defined)
2026-06-21 01:20:47,367  WARNING   CPLE_FileIO in Cannot find gdalvrt.xsd (GDAL_DATA is not defined)
2026-06-21 01:20:47,369  WARNING   CPLE_FileIO in Cannot find gdalvrt.xsd (GDAL_DATA is not defined)
2026-06-21 01:20:47,371  WARNING   CPLE_FileIO in Cannot find gdalvrt.xsd (GDAL_DATA is not defined)
2026-06-21 01:20:47,373  WARNING   CPLE_FileIO in Cannot find gdalvrt.xsd (GDAL_DATA is not defined)
2026-06-21 01:20:47,375  WARNING   CPLE_FileIO in Cannot find gdalvrt.xsd (GDAL_DATA is not defined)
2026-06-21 01:20:47,377  WARNING   CPLE_FileIO in Cannot find gdalvrt.xsd (GDAL_DATA is not defined)
2026-06-21 01:20:47,379  WARNING   CPLE_FileIO in Cannot find gdalvrt.xsd (GDAL_DATA is not defined)
2026-06-21 01:20:47,381  WARNING   CPLE_FileIO in Cannot find gdalvrt.xsd (GDAL_DATA is not defined)
2026-06-21 01:20:47,382  WARNING   CPLE_FileIO in Cannot find gdalvrt.xsd (GDAL_DATA is not defined)
2026-06-21 01:20:47,384  WARNING   CPLE_FileIO in Cannot find gdalvrt.xsd (GDAL_DATA is not defined)
2026-06-21 01:20:47,386  WARNING   CPLE_FileIO in Cannot find gdalvrt.xsd (GDAL_DATA is not defined)
2026-06-21 01:20:47,388  WARNING   CPLE_FileIO in Cannot find gdalvrt.xsd (GDAL_DATA is not defined)
2026-06-21 01:20:47,390  WARNING   CPLE_FileIO in Cannot find gdalvrt.xsd (GDAL_DATA is not defined)
2026-06-21 01:20:47,392  WARNING   CPLE_FileIO in Cannot find gdalvrt.xsd (GDAL_DATA is not defined)
2026-06-21 01:20:47,394  WARNING   CPLE_FileIO in Cannot find gdalvrt.xsd (GDAL_DATA is not defined)
2026-06-21 01:20:47,397  WARNING   CPLE_FileIO in Cannot find gdalvrt.xsd (GDAL_DATA is not defined)
2026-06-21 01:20:47,399  WARNING   CPLE_FileIO in Cannot find gdalvrt.xsd (GDAL_DATA is not defined)
2026-06-21 01:20:47,400  WARNING   CPLE_FileIO in Cannot find gdalvrt.xsd (GDAL_DATA is not defined)
2026-06-21 01:20:47,403  WARNING   CPLE_FileIO in Cannot find gdalvrt.xsd (GDAL_DATA is not defined)
2026-06-21 01:20:47,405  WARNING   CPLE_FileIO in Cannot find gdalvrt.xsd (GDAL_DATA is not defined)
2026-06-21 01:20:47,406  WARNING   CPLE_FileIO in Cannot find gdalvrt.xsd (GDAL_DATA is not defined)
2026-06-21 01:20:47,408  WARNING   CPLE_FileIO in Cannot find gdalvrt.xsd (GDAL_DATA is not defined)
2026-06-21 01:20:47,410  WARNING   CPLE_FileIO in Cannot find gdalvrt.xsd (GDAL_DATA is not defined)
2026-06-21 01:20:47,412  WARNING   CPLE_FileIO in Cannot find gdalvrt.xsd (GDAL_DATA is not defined)
2026-06-21 01:20:47,414  WARNING   CPLE_FileIO in Cannot find gdalvrt.xsd (GDAL_DATA is not defined)
2026-06-21 01:20:47,415  WARNING   CPLE_FileIO in Cannot find gdalvrt.xsd (GDAL_DATA is not defined)
2026-06-21 01:20:47,417  WARNING   CPLE_FileIO in Cannot find gdalvrt.xsd (GDAL_DATA is not defined)
2026-06-21 01:20:47,419  WARNING   CPLE_FileIO in Cannot find gdalvrt.xsd (GDAL_DATA is not defined)
2026-06-21 01:20:47,421  WARNING   CPLE_FileIO in Cannot find gdalvrt.xsd (GDAL_DATA is not defined)
2026-06-21 01:20:47,422  WARNING   CPLE_FileIO in Cannot find gdalvrt.xsd (GDAL_DATA is not defined)
2026-06-21 01:20:47,424  WARNING   CPLE_FileIO in Cannot find gdalvrt.xsd (GDAL_DATA is not defined)
2026-06-21 01:20:47,426  WARNING   CPLE_FileIO in Cannot find gdalvrt.xsd (GDAL_DATA is not defined)
2026-06-21 01:20:47,428  WARNING   CPLE_FileIO in Cannot find gdalvrt.xsd (GDAL_DATA is not defined)
2026-06-21 01:20:47,429  WARNING   CPLE_FileIO in Cannot find gdalvrt.xsd (GDAL_DATA is not defined)
2026-06-21 01:20:47,431  WARNING   CPLE_FileIO in Cannot find gdalvrt.xsd (GDAL_DATA is not defined)
2026-06-21 01:20:47,433  WARNING   CPLE_FileIO in Cannot find gdalvrt.xsd (GDAL_DATA is not defined)
2026-06-21 01:20:47,435  WARNING   CPLE_FileIO in Cannot find gdalvrt.xsd (GDAL_DATA is not defined)
2026-06-21 01:20:47,437  WARNING   CPLE_FileIO in Cannot find gdalvrt.xsd (GDAL_DATA is not defined)
2026-06-21 01:20:47,438  WARNING   CPLE_FileIO in Cannot find gdalvrt.xsd (GDAL_DATA is not defined)
2026-06-21 01:20:47,440  WARNING   CPLE_FileIO in Cannot find gdalvrt.xsd (GDAL_DATA is not defined)
2026-06-21 01:20:47,442  WARNING   CPLE_FileIO in Cannot find gdalvrt.xsd (GDAL_DATA is not defined)
2026-06-21 01:20:47,444  WARNING   CPLE_FileIO in Cannot find gdalvrt.xsd (GDAL_DATA is not defined)
2026-06-21 01:20:47,448  WARNING   CPLE_FileIO in Cannot find gdalvrt.xsd (GDAL_DATA is not defined)
2026-06-21 01:20:47,450  WARNING   CPLE_FileIO in Cannot find gdalvrt.xsd (GDAL_DATA is not defined)
2026-06-21 01:20:47,451  WARNING   CPLE_FileIO in Cannot find gdalvrt.xsd (GDAL_DATA is not defined)
2026-06-21 01:20:47,453  WARNING   CPLE_FileIO in Cannot find gdalvrt.xsd (GDAL_DATA is not defined)
2026-06-21 01:20:47,455  WARNING   CPLE_FileIO in Cannot find gdalvrt.xsd (GDAL_DATA is not defined)
2026-06-21 01:20:47,456  WARNING   CPLE_FileIO in Cannot find gdalvrt.xsd (GDAL_DATA is not defined)
2026-06-21 01:20:47,458  WARNING   CPLE_FileIO in Cannot find gdalvrt.xsd (GDAL_DATA is not defined)
2026-06-21 01:20:47,460  WARNING   CPLE_FileIO in Cannot find gdalvrt.xsd (GDAL_DATA is not defined)
2026-06-21 01:20:47,462  WARNING   CPLE_FileIO in Cannot find gdalvrt.xsd (GDAL_DATA is not defined)
2026-06-21 01:20:47,464  WARNING   CPLE_FileIO in Cannot find gdalvrt.xsd (GDAL_DATA is not defined)
2026-06-21 01:20:47,466  WARNING   CPLE_FileIO in Cannot find gdalvrt.xsd (GDAL_DATA is not defined)
2026-06-21 01:20:47,468  WARNING   CPLE_FileIO in Cannot find gdalvrt.xsd (GDAL_DATA is not defined)
2026-06-21 01:20:47,471  WARNING   CPLE_FileIO in Cannot find gdalvrt.xsd (GDAL_DATA is not defined)
2026-06-21 01:20:47,472  WARNING   CPLE_FileIO in Cannot find gdalvrt.xsd (GDAL_DATA is not defined)
2026-06-21 01:20:47,474  WARNING   CPLE_FileIO in Cannot find gdalvrt.xsd (GDAL_DATA is not defined)
2026-06-21 01:20:47,477  WARNING   CPLE_FileIO in Cannot find gdalvrt.xsd (GDAL_DATA is not defined)
2026-06-21 01:20:47,479  WARNING   CPLE_FileIO in Cannot find gdalvrt.xsd (GDAL_DATA is not defined)
2026-06-21 01:20:47,480  WARNING   CPLE_FileIO in Cannot find gdalvrt.xsd (GDAL_DATA is not defined)
2026-06-21 01:20:47,482  WARNING   CPLE_FileIO in Cannot find gdalvrt.xsd (GDAL_DATA is not defined)
2026-06-21 01:20:47,484  WARNING   CPLE_FileIO in Cannot find gdalvrt.xsd (GDAL_DATA is not defined)
2026-06-21 01:20:47,485  WARNING   CPLE_FileIO in Cannot find gdalvrt.xsd (GDAL_DATA is not defined)
2026-06-21 01:20:47,487  WARNING   CPLE_FileIO in Cannot find gdalvrt.xsd (GDAL_DATA is not defined)
2026-06-21 01:20:47,489  WARNING   CPLE_FileIO in Cannot find gdalvrt.xsd (GDAL_DATA is not defined)
2026-06-21 01:20:47,491  WARNING   CPLE_FileIO in Cannot find gdalvrt.xsd (GDAL_DATA is not defined)
2026-06-21 01:20:47,493  WARNING   CPLE_FileIO in Cannot find gdalvrt.xsd (GDAL_DATA is not defined)
2026-06-21 01:20:47,495  WARNING   CPLE_FileIO in Cannot find gdalvrt.xsd (GDAL_DATA is not defined)
2026-06-21 01:20:47,496  WARNING   CPLE_FileIO in Cannot find gdalvrt.xsd (GDAL_DATA is not defined)
2026-06-21 01:20:47,498  WARNING   CPLE_FileIO in Cannot find gdalvrt.xsd (GDAL_DATA is not defined)
2026-06-21 01:20:47,500  WARNING   CPLE_FileIO in Cannot find gdalvrt.xsd (GDAL_DATA is not defined)
2026-06-21 01:20:47,501  WARNING   CPLE_FileIO in Cannot find gdalvrt.xsd (GDAL_DATA is not defined)
2026-06-21 01:20:47,504  WARNING   CPLE_FileIO in Cannot find gdalvrt.xsd (GDAL_DATA is not defined)
2026-06-21 01:20:47,506  WARNING   CPLE_FileIO in Cannot find gdalvrt.xsd (GDAL_DATA is not defined)
2026-06-21 01:20:47,507  WARNING   CPLE_FileIO in Cannot find gdalvrt.xsd (GDAL_DATA is not defined)
2026-06-21 01:20:47,510  WARNING   CPLE_FileIO in Cannot find gdalvrt.xsd (GDAL_DATA is not defined)
2026-06-21 01:20:47,512  WARNING   CPLE_FileIO in Cannot find gdalvrt.xsd (GDAL_DATA is not defined)
2026-06-21 01:20:47,514  WARNING   CPLE_FileIO in Cannot find gdalvrt.xsd (GDAL_DATA is not defined)
2026-06-21 01:20:47,517  WARNING   CPLE_FileIO in Cannot find gdalvrt.xsd (GDAL_DATA is not defined)
2026-06-21 01:20:47,519  WARNING   CPLE_FileIO in Cannot find gdalvrt.xsd (GDAL_DATA is not defined)
2026-06-21 01:20:47,521  WARNING   CPLE_FileIO in Cannot find gdalvrt.xsd (GDAL_DATA is not defined)
2026-06-21 01:20:47,524  WARNING   CPLE_FileIO in Cannot find gdalvrt.xsd (GDAL_DATA is not defined)
2026-06-21 01:20:47,526  WARNING   CPLE_FileIO in Cannot find gdalvrt.xsd (GDAL_DATA is not defined)
2026-06-21 01:20:47,528  WARNING   CPLE_FileIO in Cannot find gdalvrt.xsd (GDAL_DATA is not defined)
2026-06-21 01:20:47,532  WARNING   CPLE_FileIO in Cannot find gdalvrt.xsd (GDAL_DATA is not defined)
2026-06-21 01:20:47,534  WARNING   CPLE_FileIO in Cannot find gdalvrt.xsd (GDAL_DATA is not defined)
2026-06-21 01:20:47,536  WARNING   CPLE_FileIO in Cannot find gdalvrt.xsd (GDAL_DATA is not defined)
2026-06-21 01:20:47,539  WARNING   CPLE_FileIO in Cannot find gdalvrt.xsd (GDAL_DATA is not defined)
2026-06-21 01:20:47,543  WARNING   CPLE_FileIO in Cannot find gdalvrt.xsd (GDAL_DATA is not defined)
2026-06-21 01:20:47,544  WARNING   CPLE_FileIO in Cannot find gdalvrt.xsd (GDAL_DATA is not defined)
2026-06-21 01:20:47,549  WARNING   CPLE_FileIO in Cannot find gdalvrt.xsd (GDAL_DATA is not defined)
2026-06-21 01:20:47,551  WARNING   CPLE_FileIO in Cannot find gdalvrt.xsd (GDAL_DATA is not defined)
2026-06-21 01:20:47,553  WARNING   CPLE_FileIO in Cannot find gdalvrt.xsd (GDAL_DATA is not defined)
2026-06-21 01:20:47,556  WARNING   CPLE_FileIO in Cannot find gdalvrt.xsd (GDAL_DATA is not defined)
2026-06-21 01:20:47,559  WARNING   CPLE_FileIO in Cannot find gdalvrt.xsd (GDAL_DATA is not defined)
2026-06-21 01:20:47,560  WARNING   CPLE_FileIO in Cannot find gdalvrt.xsd (GDAL_DATA is not defined)
2026-06-21 01:20:47,563  WARNING   CPLE_FileIO in Cannot find gdalvrt.xsd (GDAL_DATA is not defined)
2026-06-21 01:20:47,565  WARNING   CPLE_FileIO in Cannot find gdalvrt.xsd (GDAL_DATA is not defined)
2026-06-21 01:20:47,567  WARNING   CPLE_FileIO in Cannot find gdalvrt.xsd (GDAL_DATA is not defined)
2026-06-21 01:20:47,569  WARNING   CPLE_FileIO in Cannot find gdalvrt.xsd (GDAL_DATA is not defined)
2026-06-21 01:20:47,571  WARNING   CPLE_FileIO in Cannot find gdalvrt.xsd (GDAL_DATA is not defined)
2026-06-21 01:20:47,572  WARNING   CPLE_FileIO in Cannot find gdalvrt.xsd (GDAL_DATA is not defined)
2026-06-21 01:20:47,575  WARNING   CPLE_FileIO in Cannot find gdalvrt.xsd (GDAL_DATA is not defined)
2026-06-21 01:20:47,577  WARNING   CPLE_FileIO in Cannot find gdalvrt.xsd (GDAL_DATA is not defined)
2026-06-21 01:20:47,579  WARNING   CPLE_FileIO in Cannot find gdalvrt.xsd (GDAL_DATA is not defined)
2026-06-21 01:20:47,583  WARNING   CPLE_FileIO in Cannot find gdalvrt.xsd (GDAL_DATA is not defined)
2026-06-21 01:20:47,586  WARNING   CPLE_FileIO in Cannot find gdalvrt.xsd (GDAL_DATA is not defined)
2026-06-21 01:20:47,589  WARNING   CPLE_FileIO in Cannot find gdalvrt.xsd (GDAL_DATA is not defined)
2026-06-21 01:20:47,594  WARNING   CPLE_FileIO in Cannot find gdalvrt.xsd (GDAL_DATA is not defined)
2026-06-21 01:20:47,596  WARNING   CPLE_FileIO in Cannot find gdalvrt.xsd (GDAL_DATA is not defined)
2026-06-21 01:20:47,599  WARNING   CPLE_FileIO in Cannot find gdalvrt.xsd (GDAL_DATA is not defined)
2026-06-21 01:20:47,603  WARNING   CPLE_FileIO in Cannot find gdalvrt.xsd (GDAL_DATA is not defined)
2026-06-21 01:20:47,608  WARNING   CPLE_FileIO in Cannot find gdalvrt.xsd (GDAL_DATA is not defined)
2026-06-21 01:20:47,611  WARNING   CPLE_FileIO in Cannot find gdalvrt.xsd (GDAL_DATA is not defined)
2026-06-21 01:20:47,615  WARNING   CPLE_FileIO in Cannot find gdalvrt.xsd (GDAL_DATA is not defined)
2026-06-21 01:20:47,619  WARNING   CPLE_FileIO in Cannot find gdalvrt.xsd (GDAL_DATA is not defined)
2026-06-21 01:20:47,622  WARNING   CPLE_FileIO in Cannot find gdalvrt.xsd (GDAL_DATA is not defined)
2026-06-21 01:20:47,626  WARNING   CPLE_FileIO in Cannot find gdalvrt.xsd (GDAL_DATA is not defined)
2026-06-21 01:20:47,629  WARNING   CPLE_FileIO in Cannot find gdalvrt.xsd (GDAL_DATA is not defined)
2026-06-21 01:20:47,631  WARNING   CPLE_FileIO in Cannot find gdalvrt.xsd (GDAL_DATA is not defined)
2026-06-21 01:20:47,637  WARNING   CPLE_FileIO in Cannot find gdalvrt.xsd (GDAL_DATA is not defined)
2026-06-21 01:20:47,640  WARNING   CPLE_FileIO in Cannot find gdalvrt.xsd (GDAL_DATA is not defined)
2026-06-21 01:20:47,644  WARNING   CPLE_FileIO in Cannot find gdalvrt.xsd (GDAL_DATA is not defined)
2026-06-21 01:20:47,650  WARNING   CPLE_FileIO in Cannot find gdalvrt.xsd (GDAL_DATA is not defined)
2026-06-21 01:20:47,655  WARNING   CPLE_FileIO in Cannot find gdalvrt.xsd (GDAL_DATA is not defined)
2026-06-21 01:20:47,659  WARNING   CPLE_FileIO in Cannot find gdalvrt.xsd (GDAL_DATA is not defined)
2026-06-21 01:20:47,666  WARNING   CPLE_FileIO in Cannot find gdalvrt.xsd (GDAL_DATA is not defined)
2026-06-21 01:20:47,671  WARNING   CPLE_FileIO in Cannot find gdalvrt.xsd (GDAL_DATA is not defined)
2026-06-21 01:20:47,675  WARNING   CPLE_FileIO in Cannot find gdalvrt.xsd (GDAL_DATA is not defined)
2026-06-21 01:20:47,680  WARNING   CPLE_FileIO in Cannot find gdalvrt.xsd (GDAL_DATA is not defined)
2026-06-21 01:20:47,685  WARNING   CPLE_FileIO in Cannot find gdalvrt.xsd (GDAL_DATA is not defined)
2026-06-21 01:20:47,689  WARNING   CPLE_FileIO in Cannot find gdalvrt.xsd (GDAL_DATA is not defined)
2026-06-21 01:20:47,695  WARNING   CPLE_FileIO in Cannot find gdalvrt.xsd (GDAL_DATA is not defined)
2026-06-21 01:20:47,699  WARNING   CPLE_FileIO in Cannot find gdalvrt.xsd (GDAL_DATA is not defined)
2026-06-21 01:20:47,703  WARNING   CPLE_FileIO in Cannot find gdalvrt.xsd (GDAL_DATA is not defined)
2026-06-21 01:20:47,708  WARNING   CPLE_FileIO in Cannot find gdalvrt.xsd (GDAL_DATA is not defined)
2026-06-21 01:20:47,712  WARNING   CPLE_FileIO in Cannot find gdalvrt.xsd (GDAL_DATA is not defined)
2026-06-21 01:20:47,714  WARNING   CPLE_FileIO in Cannot find gdalvrt.xsd (GDAL_DATA is not defined)
2026-06-21 01:20:47,718  WARNING   CPLE_FileIO in Cannot find gdalvrt.xsd (GDAL_DATA is not defined)
2026-06-21 01:20:47,720  WARNING   CPLE_FileIO in Cannot find gdalvrt.xsd (GDAL_DATA is not defined)
2026-06-21 01:20:47,722  WARNING   CPLE_FileIO in Cannot find gdalvrt.xsd (GDAL_DATA is not defined)
2026-06-21 01:20:47,727  WARNING   CPLE_FileIO in Cannot find gdalvrt.xsd (GDAL_DATA is not defined)
2026-06-21 01:20:47,730  WARNING   CPLE_FileIO in Cannot find gdalvrt.xsd (GDAL_DATA is not defined)
2026-06-21 01:20:47,732  WARNING   CPLE_FileIO in Cannot find gdalvrt.xsd (GDAL_DATA is not defined)
2026-06-21 01:20:47,737  WARNING   CPLE_FileIO in Cannot find gdalvrt.xsd (GDAL_DATA is not defined)
2026-06-21 01:20:47,741  WARNING   CPLE_FileIO in Cannot find gdalvrt.xsd (GDAL_DATA is not defined)
2026-06-21 01:20:47,744  WARNING   CPLE_FileIO in Cannot find gdalvrt.xsd (GDAL_DATA is not defined)
2026-06-21 01:20:47,750  WARNING   CPLE_FileIO in Cannot find gdalvrt.xsd (GDAL_DATA is not defined)
2026-06-21 01:20:47,754  WARNING   CPLE_FileIO in Cannot find gdalvrt.xsd (GDAL_DATA is not defined)
2026-06-21 01:20:47,756  WARNING   CPLE_FileIO in Cannot find gdalvrt.xsd (GDAL_DATA is not defined)
2026-06-21 01:20:47,761  WARNING   CPLE_FileIO in Cannot find gdalvrt.xsd (GDAL_DATA is not defined)
2026-06-21 01:20:47,765  WARNING   CPLE_FileIO in Cannot find gdalvrt.xsd (GDAL_DATA is not defined)
2026-06-21 01:20:47,769  WARNING   CPLE_FileIO in Cannot find gdalvrt.xsd (GDAL_DATA is not defined)
2026-06-21 01:20:47,774  WARNING   CPLE_FileIO in Cannot find gdalvrt.xsd (GDAL_DATA is not defined)
2026-06-21 01:20:47,778  WARNING   CPLE_FileIO in Cannot find gdalvrt.xsd (GDAL_DATA is not defined)
2026-06-21 01:20:47,781  WARNING   CPLE_FileIO in Cannot find gdalvrt.xsd (GDAL_DATA is not defined)
2026-06-21 01:20:47,785  WARNING   CPLE_FileIO in Cannot find gdalvrt.xsd (GDAL_DATA is not defined)
2026-06-21 01:20:47,789  WARNING   CPLE_FileIO in Cannot find gdalvrt.xsd (GDAL_DATA is not defined)
2026-06-21 01:20:47,792  WARNING   CPLE_FileIO in Cannot find gdalvrt.xsd (GDAL_DATA is not defined)
2026-06-21 01:20:47,797  WARNING   CPLE_FileIO in Cannot find gdalvrt.xsd (GDAL_DATA is not defined)
2026-06-21 01:20:47,800  WARNING   CPLE_FileIO in Cannot find gdalvrt.xsd (GDAL_DATA is not defined)
2026-06-21 01:20:47,802  WARNING   CPLE_FileIO in Cannot find gdalvrt.xsd (GDAL_DATA is not defined)
2026-06-21 01:20:47,804  WARNING   CPLE_FileIO in Cannot find gdalvrt.xsd (GDAL_DATA is not defined)
2026-06-21 01:20:47,806  WARNING   CPLE_FileIO in Cannot find gdalvrt.xsd (GDAL_DATA is not defined)
2026-06-21 01:20:47,808  WARNING   CPLE_FileIO in Cannot find gdalvrt.xsd (GDAL_DATA is not defined)
2026-06-21 01:20:47,810  WARNING   CPLE_FileIO in Cannot find gdalvrt.xsd (GDAL_DATA is not defined)
2026-06-21 01:20:47,812  WARNING   CPLE_FileIO in Cannot find gdalvrt.xsd (GDAL_DATA is not defined)
2026-06-21 01:20:47,813  WARNING   CPLE_FileIO in Cannot find gdalvrt.xsd (GDAL_DATA is not defined)
2026-06-21 01:20:47,816  WARNING   CPLE_FileIO in Cannot find gdalvrt.xsd (GDAL_DATA is not defined)
2026-06-21 01:20:47,817  WARNING   CPLE_FileIO in Cannot find gdalvrt.xsd (GDAL_DATA is not defined)
2026-06-21 01:20:47,819  WARNING   CPLE_FileIO in Cannot find gdalvrt.xsd (GDAL_DATA is not defined)
2026-06-21 01:20:47,821  WARNING   CPLE_FileIO in Cannot find gdalvrt.xsd (GDAL_DATA is not defined)
2026-06-21 01:20:47,822  WARNING   CPLE_FileIO in Cannot find gdalvrt.xsd (GDAL_DATA is not defined)
2026-06-21 01:20:47,824  WARNING   CPLE_FileIO in Cannot find gdalvrt.xsd (GDAL_DATA is not defined)
2026-06-21 01:20:47,826  WARNING   CPLE_FileIO in Cannot find gdalvrt.xsd (GDAL_DATA is not defined)
2026-06-21 01:20:47,828  WARNING   CPLE_FileIO in Cannot find gdalvrt.xsd (GDAL_DATA is not defined)
2026-06-21 01:20:47,830  WARNING   CPLE_FileIO in Cannot find gdalvrt.xsd (GDAL_DATA is not defined)
2026-06-21 01:20:47,832  WARNING   CPLE_FileIO in Cannot find gdalvrt.xsd (GDAL_DATA is not defined)
2026-06-21 01:20:47,834  WARNING   CPLE_FileIO in Cannot find gdalvrt.xsd (GDAL_DATA is not defined)
2026-06-21 01:20:47,836  WARNING   CPLE_FileIO in Cannot find gdalvrt.xsd (GDAL_DATA is not defined)
2026-06-21 01:20:47,838  WARNING   CPLE_FileIO in Cannot find gdalvrt.xsd (GDAL_DATA is not defined)
2026-06-21 01:20:47,840  WARNING   CPLE_FileIO in Cannot find gdalvrt.xsd (GDAL_DATA is not defined)
2026-06-21 01:20:47,841  WARNING   CPLE_FileIO in Cannot find gdalvrt.xsd (GDAL_DATA is not defined)
2026-06-21 01:20:47,843  WARNING   CPLE_FileIO in Cannot find gdalvrt.xsd (GDAL_DATA is not defined)
2026-06-21 01:20:47,845  WARNING   CPLE_FileIO in Cannot find gdalvrt.xsd (GDAL_DATA is not defined)
2026-06-21 01:20:47,846  WARNING   CPLE_FileIO in Cannot find gdalvrt.xsd (GDAL_DATA is not defined)
2026-06-21 01:20:47,849  WARNING   CPLE_FileIO in Cannot find gdalvrt.xsd (GDAL_DATA is not defined)
2026-06-21 01:20:47,850  WARNING   CPLE_FileIO in Cannot find gdalvrt.xsd (GDAL_DATA is not defined)
2026-06-21 01:20:47,852  WARNING   CPLE_FileIO in Cannot find gdalvrt.xsd (GDAL_DATA is not defined)
2026-06-21 01:20:47,854  WARNING   CPLE_FileIO in Cannot find gdalvrt.xsd (GDAL_DATA is not defined)
2026-06-21 01:20:47,856  WARNING   CPLE_FileIO in Cannot find gdalvrt.xsd (GDAL_DATA is not defined)
2026-06-21 01:20:47,858  WARNING   CPLE_FileIO in Cannot find gdalvrt.xsd (GDAL_DATA is not defined)
2026-06-21 01:20:47,860  WARNING   CPLE_FileIO in Cannot find gdalvrt.xsd (GDAL_DATA is not defined)
2026-06-21 01:20:47,863  WARNING   CPLE_FileIO in Cannot find gdalvrt.xsd (GDAL_DATA is not defined)
2026-06-21 01:20:47,864  WARNING   CPLE_FileIO in Cannot find gdalvrt.xsd (GDAL_DATA is not defined)
2026-06-21 01:20:47,867  WARNING   CPLE_FileIO in Cannot find gdalvrt.xsd (GDAL_DATA is not defined)
2026-06-21 01:20:47,870  WARNING   CPLE_FileIO in Cannot find gdalvrt.xsd (GDAL_DATA is not defined)
2026-06-21 01:20:47,871  WARNING   CPLE_FileIO in Cannot find gdalvrt.xsd (GDAL_DATA is not defined)
2026-06-21 01:20:47,873  WARNING   CPLE_FileIO in Cannot find gdalvrt.xsd (GDAL_DATA is not defined)
2026-06-21 01:20:47,875  WARNING   CPLE_FileIO in Cannot find gdalvrt.xsd (GDAL_DATA is not defined)
2026-06-21 01:20:47,877  WARNING   CPLE_FileIO in Cannot find gdalvrt.xsd (GDAL_DATA is not defined)
2026-06-21 01:20:47,879  WARNING   CPLE_FileIO in Cannot find gdalvrt.xsd (GDAL_DATA is not defined)
2026-06-21 01:20:47,882  WARNING   CPLE_FileIO in Cannot find gdalvrt.xsd (GDAL_DATA is not defined)
2026-06-21 01:20:47,886  WARNING   CPLE_FileIO in Cannot find gdalvrt.xsd (GDAL_DATA is not defined)
2026-06-21 01:20:47,891  WARNING   CPLE_FileIO in Cannot find gdalvrt.xsd (GDAL_DATA is not defined)
2026-06-21 01:20:47,895  WARNING   CPLE_FileIO in Cannot find gdalvrt.xsd (GDAL_DATA is not defined)
2026-06-21 01:20:47,898  WARNING   CPLE_FileIO in Cannot find gdalvrt.xsd (GDAL_DATA is not defined)
2026-06-21 01:20:47,907  WARNING   CPLE_FileIO in Cannot find gdalvrt.xsd (GDAL_DATA is not defined)
2026-06-21 01:20:47,912  WARNING   CPLE_FileIO in Cannot find gdalvrt.xsd (GDAL_DATA is not defined)
2026-06-21 01:20:47,918  WARNING   CPLE_FileIO in Cannot find gdalvrt.xsd (GDAL_DATA is not defined)
2026-06-21 01:20:47,926  WARNING   CPLE_FileIO in Cannot find gdalvrt.xsd (GDAL_DATA is not defined)
2026-06-21 01:20:47,930  WARNING   CPLE_FileIO in Cannot find gdalvrt.xsd (GDAL_DATA is not defined)
2026-06-21 01:20:47,933  WARNING   CPLE_FileIO in Cannot find gdalvrt.xsd (GDAL_DATA is not defined)
2026-06-21 01:20:47,937  WARNING   CPLE_FileIO in Cannot find gdalvrt.xsd (GDAL_DATA is not defined)
2026-06-21 01:20:47,941  WARNING   CPLE_FileIO in Cannot find gdalvrt.xsd (GDAL_DATA is not defined)
2026-06-21 01:20:47,943  WARNING   CPLE_FileIO in Cannot find gdalvrt.xsd (GDAL_DATA is not defined)
2026-06-21 01:20:47,948  WARNING   CPLE_FileIO in Cannot find gdalvrt.xsd (GDAL_DATA is not defined)
2026-06-21 01:20:47,952  WARNING   CPLE_FileIO in Cannot find gdalvrt.xsd (GDAL_DATA is not defined)
2026-06-21 01:20:47,956  WARNING   CPLE_FileIO in Cannot find gdalvrt.xsd (GDAL_DATA is not defined)
2026-06-21 01:20:47,965  WARNING   CPLE_FileIO in Cannot find gdalvrt.xsd (GDAL_DATA is not defined)
2026-06-21 01:20:47,970  WARNING   CPLE_FileIO in Cannot find gdalvrt.xsd (GDAL_DATA is not defined)
2026-06-21 01:20:47,974  WARNING   CPLE_FileIO in Cannot find gdalvrt.xsd (GDAL_DATA is not defined)
2026-06-21 01:20:47,982  WARNING   CPLE_FileIO in Cannot find gdalvrt.xsd (GDAL_DATA is not defined)
2026-06-21 01:20:47,987  WARNING   CPLE_FileIO in Cannot find gdalvrt.xsd (GDAL_DATA is not defined)
2026-06-21 01:20:47,992  WARNING   CPLE_FileIO in Cannot find gdalvrt.xsd (GDAL_DATA is not defined)
2026-06-21 01:20:48,000  WARNING   CPLE_FileIO in Cannot find gdalvrt.xsd (GDAL_DATA is not defined)
2026-06-21 01:20:48,006  WARNING   CPLE_FileIO in Cannot find gdalvrt.xsd (GDAL_DATA is not defined)
2026-06-21 01:20:48,012  WARNING   CPLE_FileIO in Cannot find gdalvrt.xsd (GDAL_DATA is not defined)
2026-06-21 01:20:48,019  WARNING   CPLE_FileIO in Cannot find gdalvrt.xsd (GDAL_DATA is not defined)
2026-06-21 01:20:48,024  WARNING   CPLE_FileIO in Cannot find gdalvrt.xsd (GDAL_DATA is not defined)
2026-06-21 01:20:48,027  WARNING   CPLE_FileIO in Cannot find gdalvrt.xsd (GDAL_DATA is not defined)
2026-06-21 01:20:48,031  WARNING   CPLE_FileIO in Cannot find gdalvrt.xsd (GDAL_DATA is not defined)
2026-06-21 01:20:48,033  WARNING   CPLE_FileIO in Cannot find gdalvrt.xsd (GDAL_DATA is not defined)
2026-06-21 01:20:48,034  WARNING   CPLE_FileIO in Cannot find gdalvrt.xsd (GDAL_DATA is not defined)
2026-06-21 01:20:48,038  WARNING   CPLE_FileIO in Cannot find gdalvrt.xsd (GDAL_DATA is not defined)
2026-06-21 01:20:48,040  WARNING   CPLE_FileIO in Cannot find gdalvrt.xsd (GDAL_DATA is not defined)
2026-06-21 01:20:48,041  WARNING   CPLE_FileIO in Cannot find gdalvrt.xsd (GDAL_DATA is not defined)
2026-06-21 01:20:48,045  WARNING   CPLE_FileIO in Cannot find gdalvrt.xsd (GDAL_DATA is not defined)
2026-06-21 01:20:48,047  WARNING   CPLE_FileIO in Cannot find gdalvrt.xsd (GDAL_DATA is not defined)
2026-06-21 01:20:48,048  WARNING   CPLE_FileIO in Cannot find gdalvrt.xsd (GDAL_DATA is not defined)
2026-06-21 01:20:48,050  WARNING   CPLE_FileIO in Cannot find gdalvrt.xsd (GDAL_DATA is not defined)
2026-06-21 01:20:48,053  WARNING   CPLE_FileIO in Cannot find gdalvrt.xsd (GDAL_DATA is not defined)
2026-06-21 01:20:48,054  WARNING   CPLE_FileIO in Cannot find gdalvrt.xsd (GDAL_DATA is not defined)
2026-06-21 01:20:48,057  WARNING   CPLE_FileIO in Cannot find gdalvrt.xsd (GDAL_DATA is not defined)
2026-06-21 01:20:48,059  WARNING   CPLE_FileIO in Cannot find gdalvrt.xsd (GDAL_DATA is not defined)
2026-06-21 01:20:48,060  WARNING   CPLE_FileIO in Cannot find gdalvrt.xsd (GDAL_DATA is not defined)
2026-06-21 01:20:48,062  WARNING   CPLE_FileIO in Cannot find gdalvrt.xsd (GDAL_DATA is not defined)
2026-06-21 01:20:48,065  WARNING   CPLE_FileIO in Cannot find gdalvrt.xsd (GDAL_DATA is not defined)
2026-06-21 01:20:48,066  WARNING   CPLE_FileIO in Cannot find gdalvrt.xsd (GDAL_DATA is not defined)
2026-06-21 01:20:48,069  WARNING   CPLE_FileIO in Cannot find gdalvrt.xsd (GDAL_DATA is not defined)
2026-06-21 01:20:48,071  WARNING   CPLE_FileIO in Cannot find gdalvrt.xsd (GDAL_DATA is not defined)
2026-06-21 01:20:48,073  WARNING   CPLE_FileIO in Cannot find gdalvrt.xsd (GDAL_DATA is not defined)
2026-06-21 01:20:48,075  WARNING   CPLE_FileIO in Cannot find gdalvrt.xsd (GDAL_DATA is not defined)
2026-06-21 01:20:48,077  WARNING   CPLE_FileIO in Cannot find gdalvrt.xsd (GDAL_DATA is not defined)
2026-06-21 01:20:48,078  WARNING   CPLE_FileIO in Cannot find gdalvrt.xsd (GDAL_DATA is not defined)
2026-06-21 01:20:48,080  WARNING   CPLE_FileIO in Cannot find gdalvrt.xsd (GDAL_DATA is not defined)
2026-06-21 01:20:48,082  WARNING   CPLE_FileIO in Cannot find gdalvrt.xsd (GDAL_DATA is not defined)
2026-06-21 01:20:48,083  WARNING   CPLE_FileIO in Cannot find gdalvrt.xsd (GDAL_DATA is not defined)
2026-06-21 01:20:48,086  WARNING   CPLE_FileIO in Cannot find gdalvrt.xsd (GDAL_DATA is not defined)
2026-06-21 01:20:48,088  WARNING   CPLE_FileIO in Cannot find gdalvrt.xsd (GDAL_DATA is not defined)
2026-06-21 01:20:48,089  WARNING   CPLE_FileIO in Cannot find gdalvrt.xsd (GDAL_DATA is not defined)
2026-06-21 01:20:48,092  WARNING   CPLE_FileIO in Cannot find gdalvrt.xsd (GDAL_DATA is not defined)
2026-06-21 01:20:48,094  WARNING   CPLE_FileIO in Cannot find gdalvrt.xsd (GDAL_DATA is not defined)
2026-06-21 01:20:48,095  WARNING   CPLE_FileIO in Cannot find gdalvrt.xsd (GDAL_DATA is not defined)
2026-06-21 01:20:48,098  WARNING   CPLE_FileIO in Cannot find gdalvrt.xsd (GDAL_DATA is not defined)
2026-06-21 01:20:48,100  WARNING   CPLE_FileIO in Cannot find gdalvrt.xsd (GDAL_DATA is not defined)
2026-06-21 01:20:48,102  WARNING   CPLE_FileIO in Cannot find gdalvrt.xsd (GDAL_DATA is not defined)
2026-06-21 01:20:48,104  WARNING   CPLE_FileIO in Cannot find gdalvrt.xsd (GDAL_DATA is not defined)
2026-06-21 01:20:48,107  WARNING   CPLE_FileIO in Cannot find gdalvrt.xsd (GDAL_DATA is not defined)
2026-06-21 01:20:48,108  WARNING   CPLE_FileIO in Cannot find gdalvrt.xsd (GDAL_DATA is not defined)
2026-06-21 01:20:48,112  WARNING   CPLE_FileIO in Cannot find gdalvrt.xsd (GDAL_DATA is not defined)
2026-06-21 01:20:48,114  WARNING   CPLE_FileIO in Cannot find gdalvrt.xsd (GDAL_DATA is not defined)
2026-06-21 01:20:48,116  WARNING   CPLE_FileIO in Cannot find gdalvrt.xsd (GDAL_DATA is not defined)
2026-06-21 01:20:48,119  WARNING   CPLE_FileIO in Cannot find gdalvrt.xsd (GDAL_DATA is not defined)
2026-06-21 01:20:48,121  WARNING   CPLE_FileIO in Cannot find gdalvrt.xsd (GDAL_DATA is not defined)
2026-06-21 01:20:48,123  WARNING   CPLE_FileIO in Cannot find gdalvrt.xsd (GDAL_DATA is not defined)
2026-06-21 01:20:48,126  WARNING   CPLE_FileIO in Cannot find gdalvrt.xsd (GDAL_DATA is not defined)
2026-06-21 01:20:48,128  WARNING   CPLE_FileIO in Cannot find gdalvrt.xsd (GDAL_DATA is not defined)
2026-06-21 01:20:48,130  WARNING   CPLE_FileIO in Cannot find gdalvrt.xsd (GDAL_DATA is not defined)
2026-06-21 01:20:48,132  WARNING   CPLE_FileIO in Cannot find gdalvrt.xsd (GDAL_DATA is not defined)
2026-06-21 01:20:48,135  WARNING   CPLE_FileIO in Cannot find gdalvrt.xsd (GDAL_DATA is not defined)
2026-06-21 01:20:48,136  WARNING   CPLE_FileIO in Cannot find gdalvrt.xsd (GDAL_DATA is not defined)
2026-06-21 01:20:48,138  WARNING   CPLE_FileIO in Cannot find gdalvrt.xsd (GDAL_DATA is not defined)
2026-06-21 01:20:48,141  WARNING   CPLE_FileIO in Cannot find gdalvrt.xsd (GDAL_DATA is not defined)
2026-06-21 01:20:48,142  WARNING   CPLE_FileIO in Cannot find gdalvrt.xsd (GDAL_DATA is not defined)
2026-06-21 01:20:48,145  WARNING   CPLE_FileIO in Cannot find gdalvrt.xsd (GDAL_DATA is not defined)
2026-06-21 01:20:48,147  WARNING   CPLE_FileIO in Cannot find gdalvrt.xsd (GDAL_DATA is not defined)
2026-06-21 01:20:48,150  WARNING   CPLE_FileIO in Cannot find gdalvrt.xsd (GDAL_DATA is not defined)
2026-06-21 01:20:48,152  WARNING   CPLE_FileIO in Cannot find gdalvrt.xsd (GDAL_DATA is not defined)
2026-06-21 01:20:48,156  WARNING   CPLE_FileIO in Cannot find gdalvrt.xsd (GDAL_DATA is not defined)
2026-06-21 01:20:48,157  WARNING   CPLE_FileIO in Cannot find gdalvrt.xsd (GDAL_DATA is not defined)
2026-06-21 01:20:48,160  WARNING   CPLE_FileIO in Cannot find gdalvrt.xsd (GDAL_DATA is not defined)
2026-06-21 01:20:48,163  WARNING   CPLE_FileIO in Cannot find gdalvrt.xsd (GDAL_DATA is not defined)
2026-06-21 01:20:48,165  WARNING   CPLE_FileIO in Cannot find gdalvrt.xsd (GDAL_DATA is not defined)
2026-06-21 01:20:48,171  WARNING   CPLE_FileIO in Cannot find gdalvrt.xsd (GDAL_DATA is not defined)
2026-06-21 01:20:48,174  WARNING   CPLE_FileIO in Cannot find gdalvrt.xsd (GDAL_DATA is not defined)
2026-06-21 01:20:48,177  WARNING   CPLE_FileIO in Cannot find gdalvrt.xsd (GDAL_DATA is not defined)
2026-06-21 01:20:48,181  WARNING   CPLE_FileIO in Cannot find gdalvrt.xsd (GDAL_DATA is not defined)
2026-06-21 01:20:48,183  WARNING   CPLE_FileIO in Cannot find gdalvrt.xsd (GDAL_DATA is not defined)
2026-06-21 01:20:48,185  WARNING   CPLE_FileIO in Cannot find gdalvrt.xsd (GDAL_DATA is not defined)
2026-06-21 01:20:48,189  WARNING   CPLE_FileIO in Cannot find gdalvrt.xsd (GDAL_DATA is not defined)
2026-06-21 01:20:48,192  WARNING   CPLE_FileIO in Cannot find gdalvrt.xsd (GDAL_DATA is not defined)
2026-06-21 01:20:48,194  WARNING   CPLE_FileIO in Cannot find gdalvrt.xsd (GDAL_DATA is not defined)
2026-06-21 01:20:48,196  WARNING   CPLE_FileIO in Cannot find gdalvrt.xsd (GDAL_DATA is not defined)
2026-06-21 01:20:48,198  WARNING   CPLE_FileIO in Cannot find gdalvrt.xsd (GDAL_DATA is not defined)
2026-06-21 01:20:48,199  WARNING   CPLE_FileIO in Cannot find gdalvrt.xsd (GDAL_DATA is not defined)
2026-06-21 01:20:48,203  WARNING   CPLE_FileIO in Cannot find gdalvrt.xsd (GDAL_DATA is not defined)
2026-06-21 01:20:48,206  WARNING   CPLE_FileIO in Cannot find gdalvrt.xsd (GDAL_DATA is not defined)
2026-06-21 01:20:48,208  WARNING   CPLE_FileIO in Cannot find gdalvrt.xsd (GDAL_DATA is not defined)
2026-06-21 01:20:48,213  WARNING   CPLE_FileIO in Cannot find gdalvrt.xsd (GDAL_DATA is not defined)
2026-06-21 01:20:48,216  WARNING   CPLE_FileIO in Cannot find gdalvrt.xsd (GDAL_DATA is not defined)
2026-06-21 01:20:48,218  WARNING   CPLE_FileIO in Cannot find gdalvrt.xsd (GDAL_DATA is not defined)
2026-06-21 01:20:48,221  WARNING   CPLE_FileIO in Cannot find gdalvrt.xsd (GDAL_DATA is not defined)
2026-06-21 01:20:48,223  WARNING   CPLE_FileIO in Cannot find gdalvrt.xsd (GDAL_DATA is not defined)
2026-06-21 01:20:48,225  WARNING   CPLE_FileIO in Cannot find gdalvrt.xsd (GDAL_DATA is not defined)
2026-06-21 01:20:48,228  WARNING   CPLE_FileIO in Cannot find gdalvrt.xsd (GDAL_DATA is not defined)
2026-06-21 01:20:48,231  WARNING   CPLE_FileIO in Cannot find gdalvrt.xsd (GDAL_DATA is not defined)
2026-06-21 01:20:48,232  WARNING   CPLE_FileIO in Cannot find gdalvrt.xsd (GDAL_DATA is not defined)
2026-06-21 01:20:48,235  WARNING   CPLE_FileIO in Cannot find gdalvrt.xsd (GDAL_DATA is not defined)
2026-06-21 01:20:48,236  WARNING   CPLE_FileIO in Cannot find gdalvrt.xsd (GDAL_DATA is not defined)
2026-06-21 01:20:48,238  WARNING   CPLE_FileIO in Cannot find gdalvrt.xsd (GDAL_DATA is not defined)
2026-06-21 01:20:48,241  WARNING   CPLE_FileIO in Cannot find gdalvrt.xsd (GDAL_DATA is not defined)
2026-06-21 01:20:48,243  WARNING   CPLE_FileIO in Cannot find gdalvrt.xsd (GDAL_DATA is not defined)
2026-06-21 01:20:48,244  WARNING   CPLE_FileIO in Cannot find gdalvrt.xsd (GDAL_DATA is not defined)
2026-06-21 01:20:48,248  WARNING   CPLE_FileIO in Cannot find gdalvrt.xsd (GDAL_DATA is not defined)
2026-06-21 01:20:48,249  WARNING   CPLE_FileIO in Cannot find gdalvrt.xsd (GDAL_DATA is not defined)
2026-06-21 01:20:48,251  WARNING   CPLE_FileIO in Cannot find gdalvrt.xsd (GDAL_DATA is not defined)
2026-06-21 01:20:48,253  WARNING   CPLE_FileIO in Cannot find gdalvrt.xsd (GDAL_DATA is not defined)
2026-06-21 01:20:48,255  WARNING   CPLE_FileIO in Cannot find gdalvrt.xsd (GDAL_DATA is not defined)
2026-06-21 01:20:48,257  WARNING   CPLE_FileIO in Cannot find gdalvrt.xsd (GDAL_DATA is not defined)
2026-06-21 01:20:48,260  WARNING   CPLE_FileIO in Cannot find gdalvrt.xsd (GDAL_DATA is not defined)
2026-06-21 01:20:48,262  WARNING   CPLE_FileIO in Cannot find gdalvrt.xsd (GDAL_DATA is not defined)
2026-06-21 01:20:48,263  WARNING   CPLE_FileIO in Cannot find gdalvrt.xsd (GDAL_DATA is not defined)
2026-06-21 01:20:48,266  WARNING   CPLE_FileIO in Cannot find gdalvrt.xsd (GDAL_DATA is not defined)
2026-06-21 01:20:48,268  WARNING   CPLE_FileIO in Cannot find gdalvrt.xsd (GDAL_DATA is not defined)
2026-06-21 01:20:48,270  WARNING   CPLE_FileIO in Cannot find gdalvrt.xsd (GDAL_DATA is not defined)
2026-06-21 01:20:48,273  WARNING   CPLE_FileIO in Cannot find gdalvrt.xsd (GDAL_DATA is not defined)
2026-06-21 01:20:48,276  WARNING   CPLE_FileIO in Cannot find gdalvrt.xsd (GDAL_DATA is not defined)
2026-06-21 01:20:48,278  WARNING   CPLE_FileIO in Cannot find gdalvrt.xsd (GDAL_DATA is not defined)
2026-06-21 01:20:48,282  WARNING   CPLE_FileIO in Cannot find gdalvrt.xsd (GDAL_DATA is not defined)
2026-06-21 01:20:48,284  WARNING   CPLE_FileIO in Cannot find gdalvrt.xsd (GDAL_DATA is not defined)
2026-06-21 01:20:48,285  WARNING   CPLE_FileIO in Cannot find gdalvrt.xsd (GDAL_DATA is not defined)
2026-06-21 01:20:48,288  WARNING   CPLE_FileIO in Cannot find gdalvrt.xsd (GDAL_DATA is not defined)
2026-06-21 01:20:48,290  WARNING   CPLE_FileIO in Cannot find gdalvrt.xsd (GDAL_DATA is not defined)
2026-06-21 01:20:48,291  WARNING   CPLE_FileIO in Cannot find gdalvrt.xsd (GDAL_DATA is not defined)
2026-06-21 01:20:48,294  WARNING   CPLE_FileIO in Cannot find gdalvrt.xsd (GDAL_DATA is not defined)
2026-06-21 01:20:48,296  WARNING   CPLE_FileIO in Cannot find gdalvrt.xsd (GDAL_DATA is not defined)
2026-06-21 01:20:48,298  WARNING   CPLE_FileIO in Cannot find gdalvrt.xsd (GDAL_DATA is not defined)
2026-06-21 01:20:48,301  WARNING   CPLE_FileIO in Cannot find gdalvrt.xsd (GDAL_DATA is not defined)
2026-06-21 01:20:48,302  WARNING   CPLE_FileIO in Cannot find gdalvrt.xsd (GDAL_DATA is not defined)
2026-06-21 01:20:48,304  WARNING   CPLE_FileIO in Cannot find gdalvrt.xsd (GDAL_DATA is not defined)
2026-06-21 01:20:48,306  WARNING   CPLE_FileIO in Cannot find gdalvrt.xsd (GDAL_DATA is not defined)
2026-06-21 01:20:48,308  WARNING   CPLE_FileIO in Cannot find gdalvrt.xsd (GDAL_DATA is not defined)
2026-06-21 01:20:48,310  WARNING   CPLE_FileIO in Cannot find gdalvrt.xsd (GDAL_DATA is not defined)
2026-06-21 01:20:48,313  WARNING   CPLE_FileIO in Cannot find gdalvrt.xsd (GDAL_DATA is not defined)
2026-06-21 01:20:48,316  WARNING   CPLE_FileIO in Cannot find gdalvrt.xsd (GDAL_DATA is not defined)
2026-06-21 01:20:48,319  WARNING   CPLE_FileIO in Cannot find gdalvrt.xsd (GDAL_DATA is not defined)
2026-06-21 01:20:48,325  WARNING   CPLE_FileIO in Cannot find gdalvrt.xsd (GDAL_DATA is not defined)
2026-06-21 01:20:48,329  WARNING   CPLE_FileIO in Cannot find gdalvrt.xsd (GDAL_DATA is not defined)
2026-06-21 01:20:48,332  WARNING   CPLE_FileIO in Cannot find gdalvrt.xsd (GDAL_DATA is not defined)
2026-06-21 01:20:48,336  WARNING   CPLE_FileIO in Cannot find gdalvrt.xsd (GDAL_DATA is not defined)
2026-06-21 01:20:48,339  WARNING   CPLE_FileIO in Cannot find gdalvrt.xsd (GDAL_DATA is not defined)
2026-06-21 01:20:48,340  WARNING   CPLE_FileIO in Cannot find gdalvrt.xsd (GDAL_DATA is not defined)
2026-06-21 01:20:48,343  WARNING   CPLE_FileIO in Cannot find gdalvrt.xsd (GDAL_DATA is not defined)
2026-06-21 01:20:48,345  WARNING   CPLE_FileIO in Cannot find gdalvrt.xsd (GDAL_DATA is not defined)
2026-06-21 01:20:48,347  WARNING   CPLE_FileIO in Cannot find gdalvrt.xsd (GDAL_DATA is not defined)
2026-06-21 01:20:48,349  WARNING   CPLE_FileIO in Cannot find gdalvrt.xsd (GDAL_DATA is not defined)
2026-06-21 01:20:48,351  WARNING   CPLE_FileIO in Cannot find gdalvrt.xsd (GDAL_DATA is not defined)
2026-06-21 01:20:48,353  WARNING   CPLE_FileIO in Cannot find gdalvrt.xsd (GDAL_DATA is not defined)
2026-06-21 01:20:48,355  WARNING   CPLE_FileIO in Cannot find gdalvrt.xsd (GDAL_DATA is not defined)
2026-06-21 01:20:48,357  WARNING   CPLE_FileIO in Cannot find gdalvrt.xsd (GDAL_DATA is not defined)
2026-06-21 01:20:48,359  WARNING   CPLE_FileIO in Cannot find gdalvrt.xsd (GDAL_DATA is not defined)
2026-06-21 01:20:48,361  WARNING   CPLE_FileIO in Cannot find gdalvrt.xsd (GDAL_DATA is not defined)
2026-06-21 01:20:48,364  WARNING   CPLE_FileIO in Cannot find gdalvrt.xsd (GDAL_DATA is not defined)
2026-06-21 01:20:48,365  WARNING   CPLE_FileIO in Cannot find gdalvrt.xsd (GDAL_DATA is not defined)
2026-06-21 01:20:48,367  WARNING   CPLE_FileIO in Cannot find gdalvrt.xsd (GDAL_DATA is not defined)
2026-06-21 01:20:48,369  WARNING   CPLE_FileIO in Cannot find gdalvrt.xsd (GDAL_DATA is not defined)
2026-06-21 01:20:48,371  WARNING   CPLE_FileIO in Cannot find gdalvrt.xsd (GDAL_DATA is not defined)
2026-06-21 01:20:48,373  WARNING   CPLE_FileIO in Cannot find gdalvrt.xsd (GDAL_DATA is not defined)
2026-06-21 01:20:48,375  WARNING   CPLE_FileIO in Cannot find gdalvrt.xsd (GDAL_DATA is not defined)
2026-06-21 01:20:48,377  WARNING   CPLE_FileIO in Cannot find gdalvrt.xsd (GDAL_DATA is not defined)
2026-06-21 01:20:48,379  WARNING   CPLE_FileIO in Cannot find gdalvrt.xsd (GDAL_DATA is not defined)
2026-06-21 01:20:48,381  WARNING   CPLE_FileIO in Cannot find gdalvrt.xsd (GDAL_DATA is not defined)
2026-06-21 01:20:48,383  WARNING   CPLE_FileIO in Cannot find gdalvrt.xsd (GDAL_DATA is not defined)
2026-06-21 01:20:48,386  WARNING   CPLE_FileIO in Cannot find gdalvrt.xsd (GDAL_DATA is not defined)
2026-06-21 01:20:48,388  WARNING   CPLE_FileIO in Cannot find gdalvrt.xsd (GDAL_DATA is not defined)
2026-06-21 01:20:48,390  WARNING   CPLE_FileIO in Cannot find gdalvrt.xsd (GDAL_DATA is not defined)
2026-06-21 01:20:48,392  WARNING   CPLE_FileIO in Cannot find gdalvrt.xsd (GDAL_DATA is not defined)
2026-06-21 01:20:48,394  WARNING   CPLE_FileIO in Cannot find gdalvrt.xsd (GDAL_DATA is not defined)
2026-06-21 01:20:48,395  WARNING   CPLE_FileIO in Cannot find gdalvrt.xsd (GDAL_DATA is not defined)
2026-06-21 01:20:48,398  WARNING   CPLE_FileIO in Cannot find gdalvrt.xsd (GDAL_DATA is not defined)
2026-06-21 01:20:48,400  WARNING   CPLE_FileIO in Cannot find gdalvrt.xsd (GDAL_DATA is not defined)
2026-06-21 01:20:48,401  WARNING   CPLE_FileIO in Cannot find gdalvrt.xsd (GDAL_DATA is not defined)
2026-06-21 01:20:48,403  WARNING   CPLE_FileIO in Cannot find gdalvrt.xsd (GDAL_DATA is not defined)
2026-06-21 01:20:48,406  WARNING   CPLE_FileIO in Cannot find gdalvrt.xsd (GDAL_DATA is not defined)
2026-06-21 01:20:48,408  WARNING   CPLE_FileIO in Cannot find gdalvrt.xsd (GDAL_DATA is not defined)
2026-06-21 01:20:48,410  WARNING   CPLE_FileIO in Cannot find gdalvrt.xsd (GDAL_DATA is not defined)
2026-06-21 01:20:48,412  WARNING   CPLE_FileIO in Cannot find gdalvrt.xsd (GDAL_DATA is not defined)
2026-06-21 01:20:48,414  WARNING   CPLE_FileIO in Cannot find gdalvrt.xsd (GDAL_DATA is not defined)
2026-06-21 01:20:48,416  WARNING   CPLE_FileIO in Cannot find gdalvrt.xsd (GDAL_DATA is not defined)
2026-06-21 01:20:48,418  WARNING   CPLE_FileIO in Cannot find gdalvrt.xsd (GDAL_DATA is not defined)
2026-06-21 01:20:48,420  WARNING   CPLE_FileIO in Cannot find gdalvrt.xsd (GDAL_DATA is not defined)
2026-06-21 01:20:48,422  WARNING   CPLE_FileIO in Cannot find gdalvrt.xsd (GDAL_DATA is not defined)
2026-06-21 01:20:48,424  WARNING   CPLE_FileIO in Cannot find gdalvrt.xsd (GDAL_DATA is not defined)
2026-06-21 01:20:48,426  WARNING   CPLE_FileIO in Cannot find gdalvrt.xsd (GDAL_DATA is not defined)
2026-06-21 01:20:48,428  WARNING   CPLE_FileIO in Cannot find gdalvrt.xsd (GDAL_DATA is not defined)
2026-06-21 01:20:48,431  WARNING   CPLE_FileIO in Cannot find gdalvrt.xsd (GDAL_DATA is not defined)
2026-06-21 01:20:48,432  WARNING   CPLE_FileIO in Cannot find gdalvrt.xsd (GDAL_DATA is not defined)
2026-06-21 01:20:48,436  WARNING   CPLE_FileIO in Cannot find gdalvrt.xsd (GDAL_DATA is not defined)
2026-06-21 01:20:48,438  WARNING   CPLE_FileIO in Cannot find gdalvrt.xsd (GDAL_DATA is not defined)
2026-06-21 01:20:48,440  WARNING   CPLE_FileIO in Cannot find gdalvrt.xsd (GDAL_DATA is not defined)
2026-06-21 01:20:48,445  WARNING   CPLE_FileIO in Cannot find gdalvrt.xsd (GDAL_DATA is not defined)
2026-06-21 01:20:48,449  WARNING   CPLE_FileIO in Cannot find gdalvrt.xsd (GDAL_DATA is not defined)
2026-06-21 01:20:48,451  WARNING   CPLE_FileIO in Cannot find gdalvrt.xsd (GDAL_DATA is not defined)
2026-06-21 01:20:48,454  WARNING   CPLE_FileIO in Cannot find gdalvrt.xsd (GDAL_DATA is not defined)
2026-06-21 01:20:48,456  WARNING   CPLE_FileIO in Cannot find gdalvrt.xsd (GDAL_DATA is not defined)
2026-06-21 01:20:48,458  WARNING   CPLE_FileIO in Cannot find gdalvrt.xsd (GDAL_DATA is not defined)
2026-06-21 01:20:48,462  WARNING   CPLE_FileIO in Cannot find gdalvrt.xsd (GDAL_DATA is not defined)
2026-06-21 01:20:48,465  WARNING   CPLE_FileIO in Cannot find gdalvrt.xsd (GDAL_DATA is not defined)
2026-06-21 01:20:48,467  WARNING   CPLE_FileIO in Cannot find gdalvrt.xsd (GDAL_DATA is not defined)
2026-06-21 01:20:48,472  WARNING   CPLE_FileIO in Cannot find gdalvrt.xsd (GDAL_DATA is not defined)
2026-06-21 01:20:48,475  WARNING   CPLE_FileIO in Cannot find gdalvrt.xsd (GDAL_DATA is not defined)
2026-06-21 01:20:48,477  WARNING   CPLE_FileIO in Cannot find gdalvrt.xsd (GDAL_DATA is not defined)
2026-06-21 01:20:48,481  WARNING   CPLE_FileIO in Cannot find gdalvrt.xsd (GDAL_DATA is not defined)
2026-06-21 01:20:48,483  WARNING   CPLE_FileIO in Cannot find gdalvrt.xsd (GDAL_DATA is not defined)
2026-06-21 01:20:48,485  WARNING   CPLE_FileIO in Cannot find gdalvrt.xsd (GDAL_DATA is not defined)
2026-06-21 01:20:48,487  WARNING   CPLE_FileIO in Cannot find gdalvrt.xsd (GDAL_DATA is not defined)
2026-06-21 01:20:48,489  WARNING   CPLE_FileIO in Cannot find gdalvrt.xsd (GDAL_DATA is not defined)
2026-06-21 01:20:48,490  WARNING   CPLE_FileIO in Cannot find gdalvrt.xsd (GDAL_DATA is not defined)
2026-06-21 01:20:48,492  WARNING   CPLE_FileIO in Cannot find gdalvrt.xsd (GDAL_DATA is not defined)
2026-06-21 01:20:48,495  WARNING   CPLE_FileIO in Cannot find gdalvrt.xsd (GDAL_DATA is not defined)
2026-06-21 01:20:48,497  WARNING   CPLE_FileIO in Cannot find gdalvrt.xsd (GDAL_DATA is not defined)
2026-06-21 01:20:48,501  WARNING   CPLE_FileIO in Cannot find gdalvrt.xsd (GDAL_DATA is not defined)
2026-06-21 01:20:48,503  WARNING   CPLE_FileIO in Cannot find gdalvrt.xsd (GDAL_DATA is not defined)
2026-06-21 01:20:48,505  WARNING   CPLE_FileIO in Cannot find gdalvrt.xsd (GDAL_DATA is not defined)
2026-06-21 01:20:48,508  WARNING   CPLE_FileIO in Cannot find gdalvrt.xsd (GDAL_DATA is not defined)
2026-06-21 01:20:48,511  WARNING   CPLE_FileIO in Cannot find gdalvrt.xsd (GDAL_DATA is not defined)
2026-06-21 01:20:48,512  WARNING   CPLE_FileIO in Cannot find gdalvrt.xsd (GDAL_DATA is not defined)
2026-06-21 01:20:48,517  WARNING   CPLE_FileIO in Cannot find gdalvrt.xsd (GDAL_DATA is not defined)
2026-06-21 01:20:48,521  WARNING   CPLE_FileIO in Cannot find gdalvrt.xsd (GDAL_DATA is not defined)
2026-06-21 01:20:48,525  WARNING   CPLE_FileIO in Cannot find gdalvrt.xsd (GDAL_DATA is not defined)
2026-06-21 01:20:48,529  WARNING   CPLE_FileIO in Cannot find gdalvrt.xsd (GDAL_DATA is not defined)
2026-06-21 01:20:48,533  WARNING   CPLE_FileIO in Cannot find gdalvrt.xsd (GDAL_DATA is not defined)
2026-06-21 01:20:48,535  WARNING   CPLE_FileIO in Cannot find gdalvrt.xsd (GDAL_DATA is not defined)
2026-06-21 01:20:48,539  WARNING   CPLE_FileIO in Cannot find gdalvrt.xsd (GDAL_DATA is not defined)
2026-06-21 01:20:48,541  WARNING   CPLE_FileIO in Cannot find gdalvrt.xsd (GDAL_DATA is not defined)
2026-06-21 01:20:48,543  WARNING   CPLE_FileIO in Cannot find gdalvrt.xsd (GDAL_DATA is not defined)
2026-06-21 01:20:48,547  WARNING   CPLE_FileIO in Cannot find gdalvrt.xsd (GDAL_DATA is not defined)
2026-06-21 01:20:48,549  WARNING   CPLE_FileIO in Cannot find gdalvrt.xsd (GDAL_DATA is not defined)
2026-06-21 01:20:48,552  WARNING   CPLE_FileIO in Cannot find gdalvrt.xsd (GDAL_DATA is not defined)
2026-06-21 01:20:48,555  WARNING   CPLE_FileIO in Cannot find gdalvrt.xsd (GDAL_DATA is not defined)
2026-06-21 01:20:48,558  WARNING   CPLE_FileIO in Cannot find gdalvrt.xsd (GDAL_DATA is not defined)
2026-06-21 01:20:48,559  WARNING   CPLE_FileIO in Cannot find gdalvrt.xsd (GDAL_DATA is not defined)
2026-06-21 01:20:48,562  WARNING   CPLE_FileIO in Cannot find gdalvrt.xsd (GDAL_DATA is not defined)
2026-06-21 01:20:48,564  WARNING   CPLE_FileIO in Cannot find gdalvrt.xsd (GDAL_DATA is not defined)
2026-06-21 01:20:48,566  WARNING   CPLE_FileIO in Cannot find gdalvrt.xsd (GDAL_DATA is not defined)
2026-06-21 01:20:48,569  WARNING   CPLE_FileIO in Cannot find gdalvrt.xsd (GDAL_DATA is not defined)
2026-06-21 01:20:48,571  WARNING   CPLE_FileIO in Cannot find gdalvrt.xsd (GDAL_DATA is not defined)
2026-06-21 01:20:48,573  WARNING   CPLE_FileIO in Cannot find gdalvrt.xsd (GDAL_DATA is not defined)
2026-06-21 01:20:48,576  WARNING   CPLE_FileIO in Cannot find gdalvrt.xsd (GDAL_DATA is not defined)
2026-06-21 01:20:48,577  WARNING   CPLE_FileIO in Cannot find gdalvrt.xsd (GDAL_DATA is not defined)
2026-06-21 01:20:48,579  WARNING   CPLE_FileIO in Cannot find gdalvrt.xsd (GDAL_DATA is not defined)
2026-06-21 01:20:48,581  WARNING   CPLE_FileIO in Cannot find gdalvrt.xsd (GDAL_DATA is not defined)
2026-06-21 01:20:48,583  WARNING   CPLE_FileIO in Cannot find gdalvrt.xsd (GDAL_DATA is not defined)
2026-06-21 01:20:48,584  WARNING   CPLE_FileIO in Cannot find gdalvrt.xsd (GDAL_DATA is not defined)
2026-06-21 01:20:48,587  WARNING   CPLE_FileIO in Cannot find gdalvrt.xsd (GDAL_DATA is not defined)
2026-06-21 01:20:48,589  WARNING   CPLE_FileIO in Cannot find gdalvrt.xsd (GDAL_DATA is not defined)
2026-06-21 01:20:48,590  WARNING   CPLE_FileIO in Cannot find gdalvrt.xsd (GDAL_DATA is not defined)
2026-06-21 01:20:48,594  WARNING   CPLE_FileIO in Cannot find gdalvrt.xsd (GDAL_DATA is not defined)
2026-06-21 01:20:48,596  WARNING   CPLE_FileIO in Cannot find gdalvrt.xsd (GDAL_DATA is not defined)
2026-06-21 01:20:48,597  WARNING   CPLE_FileIO in Cannot find gdalvrt.xsd (GDAL_DATA is not defined)
2026-06-21 01:20:48,600  WARNING   CPLE_FileIO in Cannot find gdalvrt.xsd (GDAL_DATA is not defined)
2026-06-21 01:20:48,602  WARNING   CPLE_FileIO in Cannot find gdalvrt.xsd (GDAL_DATA is not defined)
2026-06-21 01:20:48,604  WARNING   CPLE_FileIO in Cannot find gdalvrt.xsd (GDAL_DATA is not defined)
2026-06-21 01:20:48,607  WARNING   CPLE_FileIO in Cannot find gdalvrt.xsd (GDAL_DATA is not defined)
2026-06-21 01:20:48,609  WARNING   CPLE_FileIO in Cannot find gdalvrt.xsd (GDAL_DATA is not defined)
2026-06-21 01:20:48,611  WARNING   CPLE_FileIO in Cannot find gdalvrt.xsd (GDAL_DATA is not defined)
2026-06-21 01:20:48,613  WARNING   CPLE_FileIO in Cannot find gdalvrt.xsd (GDAL_DATA is not defined)
2026-06-21 01:20:48,615  WARNING   CPLE_FileIO in Cannot find gdalvrt.xsd (GDAL_DATA is not defined)
2026-06-21 01:20:48,616  WARNING   CPLE_FileIO in Cannot find gdalvrt.xsd (GDAL_DATA is not defined)
2026-06-21 01:20:48,619  WARNING   CPLE_FileIO in Cannot find gdalvrt.xsd (GDAL_DATA is not defined)
2026-06-21 01:20:48,621  WARNING   CPLE_FileIO in Cannot find gdalvrt.xsd (GDAL_DATA is not defined)
2026-06-21 01:20:48,623  WARNING   CPLE_FileIO in Cannot find gdalvrt.xsd (GDAL_DATA is not defined)
2026-06-21 01:20:48,628  WARNING   CPLE_FileIO in Cannot find gdalvrt.xsd (GDAL_DATA is not defined)
2026-06-21 01:20:48,631  WARNING   CPLE_FileIO in Cannot find gdalvrt.xsd (GDAL_DATA is not defined)
2026-06-21 01:20:48,634  WARNING   CPLE_FileIO in Cannot find gdalvrt.xsd (GDAL_DATA is not defined)
2026-06-21 01:20:48,637  WARNING   CPLE_FileIO in Cannot find gdalvrt.xsd (GDAL_DATA is not defined)
2026-06-21 01:20:48,639  WARNING   CPLE_FileIO in Cannot find gdalvrt.xsd (GDAL_DATA is not defined)
2026-06-21 01:20:48,641  WARNING   CPLE_FileIO in Cannot find gdalvrt.xsd (GDAL_DATA is not defined)
2026-06-21 01:20:48,644  WARNING   CPLE_FileIO in Cannot find gdalvrt.xsd (GDAL_DATA is not defined)
2026-06-21 01:20:48,646  WARNING   CPLE_FileIO in Cannot find gdalvrt.xsd (GDAL_DATA is not defined)
2026-06-21 01:20:48,647  WARNING   CPLE_FileIO in Cannot find gdalvrt.xsd (GDAL_DATA is not defined)
2026-06-21 01:20:48,650  WARNING   CPLE_FileIO in Cannot find gdalvrt.xsd (GDAL_DATA is not defined)
2026-06-21 01:20:48,652  WARNING   CPLE_FileIO in Cannot find gdalvrt.xsd (GDAL_DATA is not defined)
2026-06-21 01:20:48,653  WARNING   CPLE_FileIO in Cannot find gdalvrt.xsd (GDAL_DATA is not defined)
2026-06-21 01:20:48,656  WARNING   CPLE_FileIO in Cannot find gdalvrt.xsd (GDAL_DATA is not defined)
2026-06-21 01:20:48,658  WARNING   CPLE_FileIO in Cannot find gdalvrt.xsd (GDAL_DATA is not defined)
2026-06-21 01:20:48,659  WARNING   CPLE_FileIO in Cannot find gdalvrt.xsd (GDAL_DATA is not defined)
2026-06-21 01:20:48,661  WARNING   CPLE_FileIO in Cannot find gdalvrt.xsd (GDAL_DATA is not defined)
2026-06-21 01:20:48,664  WARNING   CPLE_FileIO in Cannot find gdalvrt.xsd (GDAL_DATA is not defined)
2026-06-21 01:20:48,665  WARNING   CPLE_FileIO in Cannot find gdalvrt.xsd (GDAL_DATA is not defined)
2026-06-21 01:20:48,668  WARNING   CPLE_FileIO in Cannot find gdalvrt.xsd (GDAL_DATA is not defined)
2026-06-21 01:20:48,670  WARNING   CPLE_FileIO in Cannot find gdalvrt.xsd (GDAL_DATA is not defined)
2026-06-21 01:20:48,671  WARNING   CPLE_FileIO in Cannot find gdalvrt.xsd (GDAL_DATA is not defined)
2026-06-21 01:20:48,674  WARNING   CPLE_FileIO in Cannot find gdalvrt.xsd (GDAL_DATA is not defined)
2026-06-21 01:20:48,678  WARNING   CPLE_FileIO in Cannot find gdalvrt.xsd (GDAL_DATA is not defined)
2026-06-21 01:20:48,679  WARNING   CPLE_FileIO in Cannot find gdalvrt.xsd (GDAL_DATA is not defined)
2026-06-21 01:20:48,683  WARNING   CPLE_FileIO in Cannot find gdalvrt.xsd (GDAL_DATA is not defined)
2026-06-21 01:20:48,686  WARNING   CPLE_FileIO in Cannot find gdalvrt.xsd (GDAL_DATA is not defined)
2026-06-21 01:20:48,688  WARNING   CPLE_FileIO in Cannot find gdalvrt.xsd (GDAL_DATA is not defined)
2026-06-21 01:20:48,692  WARNING   CPLE_FileIO in Cannot find gdalvrt.xsd (GDAL_DATA is not defined)
2026-06-21 01:20:48,696  WARNING   CPLE_FileIO in Cannot find gdalvrt.xsd (GDAL_DATA is not defined)
2026-06-21 01:20:48,699  WARNING   CPLE_FileIO in Cannot find gdalvrt.xsd (GDAL_DATA is not defined)
2026-06-21 01:20:48,704  WARNING   CPLE_FileIO in Cannot find gdalvrt.xsd (GDAL_DATA is not defined)
2026-06-21 01:20:48,709  WARNING   CPLE_FileIO in Cannot find gdalvrt.xsd (GDAL_DATA is not defined)
2026-06-21 01:20:48,713  WARNING   CPLE_FileIO in Cannot find gdalvrt.xsd (GDAL_DATA is not defined)
2026-06-21 01:20:48,717  WARNING   CPLE_FileIO in Cannot find gdalvrt.xsd (GDAL_DATA is not defined)
2026-06-21 01:20:48,720  WARNING   CPLE_FileIO in Cannot find gdalvrt.xsd (GDAL_DATA is not defined)
2026-06-21 01:20:48,722  WARNING   CPLE_FileIO in Cannot find gdalvrt.xsd (GDAL_DATA is not defined)
2026-06-21 01:20:48,727  WARNING   CPLE_FileIO in Cannot find gdalvrt.xsd (GDAL_DATA is not defined)
2026-06-21 01:20:48,731  WARNING   CPLE_FileIO in Cannot find gdalvrt.xsd (GDAL_DATA is not defined)
2026-06-21 01:20:48,734  WARNING   CPLE_FileIO in Cannot find gdalvrt.xsd (GDAL_DATA is not defined)
2026-06-21 01:20:48,739  WARNING   CPLE_FileIO in Cannot find gdalvrt.xsd (GDAL_DATA is not defined)
2026-06-21 01:20:48,743  WARNING   CPLE_FileIO in Cannot find gdalvrt.xsd (GDAL_DATA is not defined)
2026-06-21 01:20:48,747  WARNING   CPLE_FileIO in Cannot find gdalvrt.xsd (GDAL_DATA is not defined)
2026-06-21 01:20:48,750  WARNING   CPLE_FileIO in Cannot find gdalvrt.xsd (GDAL_DATA is not defined)
2026-06-21 01:20:48,754  WARNING   CPLE_FileIO in Cannot find gdalvrt.xsd (GDAL_DATA is not defined)
2026-06-21 01:20:48,756  WARNING   CPLE_FileIO in Cannot find gdalvrt.xsd (GDAL_DATA is not defined)
2026-06-21 01:20:48,762  WARNING   CPLE_FileIO in Cannot find gdalvrt.xsd (GDAL_DATA is not defined)
2026-06-21 01:20:48,765  WARNING   CPLE_FileIO in Cannot find gdalvrt.xsd (GDAL_DATA is not defined)
2026-06-21 01:20:48,767  WARNING   CPLE_FileIO in Cannot find gdalvrt.xsd (GDAL_DATA is not defined)
2026-06-21 01:20:48,772  WARNING   CPLE_FileIO in Cannot find gdalvrt.xsd (GDAL_DATA is not defined)
2026-06-21 01:20:48,775  WARNING   CPLE_FileIO in Cannot find gdalvrt.xsd (GDAL_DATA is not defined)
2026-06-21 01:20:48,777  WARNING   CPLE_FileIO in Cannot find gdalvrt.xsd (GDAL_DATA is not defined)
2026-06-21 01:20:48,780  WARNING   CPLE_FileIO in Cannot find gdalvrt.xsd (GDAL_DATA is not defined)
2026-06-21 01:20:48,783  WARNING   CPLE_FileIO in Cannot find gdalvrt.xsd (GDAL_DATA is not defined)
2026-06-21 01:20:48,785  WARNING   CPLE_FileIO in Cannot find gdalvrt.xsd (GDAL_DATA is not defined)
2026-06-21 01:20:48,789  WARNING   CPLE_FileIO in Cannot find gdalvrt.xsd (GDAL_DATA is not defined)
2026-06-21 01:20:48,792  WARNING   CPLE_FileIO in Cannot find gdalvrt.xsd (GDAL_DATA is not defined)
2026-06-21 01:20:48,795  WARNING   CPLE_FileIO in Cannot find gdalvrt.xsd (GDAL_DATA is not defined)
2026-06-21 01:20:48,800  WARNING   CPLE_FileIO in Cannot find gdalvrt.xsd (GDAL_DATA is not defined)
2026-06-21 01:20:48,804  WARNING   CPLE_FileIO in Cannot find gdalvrt.xsd (GDAL_DATA is not defined)
2026-06-21 01:20:48,807  WARNING   CPLE_FileIO in Cannot find gdalvrt.xsd (GDAL_DATA is not defined)
2026-06-21 01:20:48,813  WARNING   CPLE_FileIO in Cannot find gdalvrt.xsd (GDAL_DATA is not defined)
2026-06-21 01:20:48,818  WARNING   CPLE_FileIO in Cannot find gdalvrt.xsd (GDAL_DATA is not defined)
2026-06-21 01:20:48,820  WARNING   CPLE_FileIO in Cannot find gdalvrt.xsd (GDAL_DATA is not defined)
2026-06-21 01:20:48,825  WARNING   CPLE_FileIO in Cannot find gdalvrt.xsd (GDAL_DATA is not defined)
2026-06-21 01:20:48,831  WARNING   CPLE_FileIO in Cannot find gdalvrt.xsd (GDAL_DATA is not defined)
2026-06-21 01:20:48,834  WARNING   CPLE_FileIO in Cannot find gdalvrt.xsd (GDAL_DATA is not defined)
2026-06-21 01:20:48,839  WARNING   CPLE_FileIO in Cannot find gdalvrt.xsd (GDAL_DATA is not defined)
2026-06-21 01:20:48,842  WARNING   CPLE_FileIO in Cannot find gdalvrt.xsd (GDAL_DATA is not defined)
2026-06-21 01:20:48,844  WARNING   CPLE_FileIO in Cannot find gdalvrt.xsd (GDAL_DATA is not defined)
2026-06-21 01:20:48,848  WARNING   CPLE_FileIO in Cannot find gdalvrt.xsd (GDAL_DATA is not defined)
2026-06-21 01:20:48,850  WARNING   CPLE_FileIO in Cannot find gdalvrt.xsd (GDAL_DATA is not defined)
2026-06-21 01:20:48,852  WARNING   CPLE_FileIO in Cannot find gdalvrt.xsd (GDAL_DATA is not defined)
2026-06-21 01:20:48,855  WARNING   CPLE_FileIO in Cannot find gdalvrt.xsd (GDAL_DATA is not defined)
2026-06-21 01:20:48,859  WARNING   CPLE_FileIO in Cannot find gdalvrt.xsd (GDAL_DATA is not defined)
2026-06-21 01:20:48,861  WARNING   CPLE_FileIO in Cannot find gdalvrt.xsd (GDAL_DATA is not defined)
2026-06-21 01:20:48,866  WARNING   CPLE_FileIO in Cannot find gdalvrt.xsd (GDAL_DATA is not defined)
2026-06-21 01:20:48,869  WARNING   CPLE_FileIO in Cannot find gdalvrt.xsd (GDAL_DATA is not defined)
2026-06-21 01:20:48,872  WARNING   CPLE_FileIO in Cannot find gdalvrt.xsd (GDAL_DATA is not defined)
2026-06-21 01:20:48,875  WARNING   CPLE_FileIO in Cannot find gdalvrt.xsd (GDAL_DATA is not defined)
2026-06-21 01:20:48,879  WARNING   CPLE_FileIO in Cannot find gdalvrt.xsd (GDAL_DATA is not defined)
2026-06-21 01:20:48,881  WARNING   CPLE_FileIO in Cannot find gdalvrt.xsd (GDAL_DATA is not defined)
2026-06-21 01:20:48,886  WARNING   CPLE_FileIO in Cannot find gdalvrt.xsd (GDAL_DATA is not defined)
2026-06-21 01:20:48,889  WARNING   CPLE_FileIO in Cannot find gdalvrt.xsd (GDAL_DATA is not defined)
2026-06-21 01:20:48,893  WARNING   CPLE_FileIO in Cannot find gdalvrt.xsd (GDAL_DATA is not defined)
2026-06-21 01:20:48,896  WARNING   CPLE_FileIO in Cannot find gdalvrt.xsd (GDAL_DATA is not defined)
2026-06-21 01:20:48,899  WARNING   CPLE_FileIO in Cannot find gdalvrt.xsd (GDAL_DATA is not defined)
2026-06-21 01:20:48,900  WARNING   CPLE_FileIO in Cannot find gdalvrt.xsd (GDAL_DATA is not defined)
2026-06-21 01:20:48,902  WARNING   CPLE_FileIO in Cannot find gdalvrt.xsd (GDAL_DATA is not defined)
2026-06-21 01:20:48,904  WARNING   CPLE_FileIO in Cannot find gdalvrt.xsd (GDAL_DATA is not defined)
2026-06-21 01:20:48,906  WARNING   CPLE_FileIO in Cannot find gdalvrt.xsd (GDAL_DATA is not defined)
2026-06-21 01:20:48,908  WARNING   CPLE_FileIO in Cannot find gdalvrt.xsd (GDAL_DATA is not defined)
2026-06-21 01:20:48,911  WARNING   CPLE_FileIO in Cannot find gdalvrt.xsd (GDAL_DATA is not defined)
2026-06-21 01:20:48,915  WARNING   CPLE_FileIO in Cannot find gdalvrt.xsd (GDAL_DATA is not defined)
2026-06-21 01:20:48,920  WARNING   CPLE_FileIO in Cannot find gdalvrt.xsd (GDAL_DATA is not defined)
2026-06-21 01:20:48,922  WARNING   CPLE_FileIO in Cannot find gdalvrt.xsd (GDAL_DATA is not defined)
2026-06-21 01:20:48,924  WARNING   CPLE_FileIO in Cannot find gdalvrt.xsd (GDAL_DATA is not defined)
2026-06-21 01:20:48,928  WARNING   CPLE_FileIO in Cannot find gdalvrt.xsd (GDAL_DATA is not defined)
2026-06-21 01:20:48,930  WARNING   CPLE_FileIO in Cannot find gdalvrt.xsd (GDAL_DATA is not defined)
2026-06-21 01:20:48,932  WARNING   CPLE_FileIO in Cannot find gdalvrt.xsd (GDAL_DATA is not defined)
2026-06-21 01:20:48,936  WARNING   CPLE_FileIO in Cannot find gdalvrt.xsd (GDAL_DATA is not defined)
2026-06-21 01:20:48,940  WARNING   CPLE_FileIO in Cannot find gdalvrt.xsd (GDAL_DATA is not defined)
2026-06-21 01:20:48,943  WARNING   CPLE_FileIO in Cannot find gdalvrt.xsd (GDAL_DATA is not defined)
2026-06-21 01:20:48,947  WARNING   CPLE_FileIO in Cannot find gdalvrt.xsd (GDAL_DATA is not defined)
2026-06-21 01:20:48,951  WARNING   CPLE_FileIO in Cannot find gdalvrt.xsd (GDAL_DATA is not defined)
2026-06-21 01:20:48,953  WARNING   CPLE_FileIO in Cannot find gdalvrt.xsd (GDAL_DATA is not defined)
2026-06-21 01:20:48,956  WARNING   CPLE_FileIO in Cannot find gdalvrt.xsd (GDAL_DATA is not defined)
2026-06-21 01:20:48,958  WARNING   CPLE_FileIO in Cannot find gdalvrt.xsd (GDAL_DATA is not defined)
2026-06-21 01:20:48,960  WARNING   CPLE_FileIO in Cannot find gdalvrt.xsd (GDAL_DATA is not defined)
2026-06-21 01:20:48,963  WARNING   CPLE_FileIO in Cannot find gdalvrt.xsd (GDAL_DATA is not defined)
2026-06-21 01:20:48,964  WARNING   CPLE_FileIO in Cannot find gdalvrt.xsd (GDAL_DATA is not defined)
2026-06-21 01:20:48,965  WARNING   CPLE_FileIO in Cannot find gdalvrt.xsd (GDAL_DATA is not defined)
2026-06-21 01:20:48,968  WARNING   CPLE_FileIO in Cannot find gdalvrt.xsd (GDAL_DATA is not defined)
2026-06-21 01:20:48,971  WARNING   CPLE_FileIO in Cannot find gdalvrt.xsd (GDAL_DATA is not defined)
2026-06-21 01:20:48,972  WARNING   CPLE_FileIO in Cannot find gdalvrt.xsd (GDAL_DATA is not defined)
2026-06-21 01:20:48,975  WARNING   CPLE_FileIO in Cannot find gdalvrt.xsd (GDAL_DATA is not defined)
2026-06-21 01:20:48,977  WARNING   CPLE_FileIO in Cannot find gdalvrt.xsd (GDAL_DATA is not defined)
2026-06-21 01:20:48,978  WARNING   CPLE_FileIO in Cannot find gdalvrt.xsd (GDAL_DATA is not defined)
2026-06-21 01:20:48,981  WARNING   CPLE_FileIO in Cannot find gdalvrt.xsd (GDAL_DATA is not defined)
2026-06-21 01:20:48,983  WARNING   CPLE_FileIO in Cannot find gdalvrt.xsd (GDAL_DATA is not defined)
2026-06-21 01:20:48,984  WARNING   CPLE_FileIO in Cannot find gdalvrt.xsd (GDAL_DATA is not defined)
2026-06-21 01:20:48,986  WARNING   CPLE_FileIO in Cannot find gdalvrt.xsd (GDAL_DATA is not defined)
2026-06-21 01:20:48,988  WARNING   CPLE_FileIO in Cannot find gdalvrt.xsd (GDAL_DATA is not defined)
2026-06-21 01:20:48,990  WARNING   CPLE_FileIO in Cannot find gdalvrt.xsd (GDAL_DATA is not defined)
2026-06-21 01:20:48,992  WARNING   CPLE_FileIO in Cannot find gdalvrt.xsd (GDAL_DATA is not defined)
2026-06-21 01:20:48,993  WARNING   CPLE_FileIO in Cannot find gdalvrt.xsd (GDAL_DATA is not defined)
2026-06-21 01:20:48,995  WARNING   CPLE_FileIO in Cannot find gdalvrt.xsd (GDAL_DATA is not defined)
2026-06-21 01:20:48,997  WARNING   CPLE_FileIO in Cannot find gdalvrt.xsd (GDAL_DATA is not defined)
2026-06-21 01:20:48,998  WARNING   CPLE_FileIO in Cannot find gdalvrt.xsd (GDAL_DATA is not defined)
2026-06-21 01:20:49,000  WARNING   CPLE_FileIO in Cannot find gdalvrt.xsd (GDAL_DATA is not defined)
2026-06-21 01:20:49,002  WARNING   CPLE_FileIO in Cannot find gdalvrt.xsd (GDAL_DATA is not defined)
2026-06-21 01:20:49,004  WARNING   CPLE_FileIO in Cannot find gdalvrt.xsd (GDAL_DATA is not defined)
2026-06-21 01:20:49,005  WARNING   CPLE_FileIO in Cannot find gdalvrt.xsd (GDAL_DATA is not defined)
2026-06-21 01:20:49,007  WARNING   CPLE_FileIO in Cannot find gdalvrt.xsd (GDAL_DATA is not defined)
2026-06-21 01:20:49,010  WARNING   CPLE_FileIO in Cannot find gdalvrt.xsd (GDAL_DATA is not defined)
2026-06-21 01:20:49,011  WARNING   CPLE_FileIO in Cannot find gdalvrt.xsd (GDAL_DATA is not defined)
2026-06-21 01:20:49,013  WARNING   CPLE_FileIO in Cannot find gdalvrt.xsd (GDAL_DATA is not defined)
2026-06-21 01:20:49,015  WARNING   CPLE_FileIO in Cannot find gdalvrt.xsd (GDAL_DATA is not defined)
2026-06-21 01:20:49,016  WARNING   CPLE_FileIO in Cannot find gdalvrt.xsd (GDAL_DATA is not defined)
2026-06-21 01:20:49,019  WARNING   CPLE_FileIO in Cannot find gdalvrt.xsd (GDAL_DATA is not defined)
2026-06-21 01:20:49,022  WARNING   CPLE_FileIO in Cannot find gdalvrt.xsd (GDAL_DATA is not defined)
2026-06-21 01:20:49,024  WARNING   CPLE_FileIO in Cannot find gdalvrt.xsd (GDAL_DATA is not defined)
2026-06-21 01:20:49,028  WARNING   CPLE_FileIO in Cannot find gdalvrt.xsd (GDAL_DATA is not defined)
2026-06-21 01:20:49,031  WARNING   CPLE_FileIO in Cannot find gdalvrt.xsd (GDAL_DATA is not defined)
2026-06-21 01:20:49,032  WARNING   CPLE_FileIO in Cannot find gdalvrt.xsd (GDAL_DATA is not defined)
2026-06-21 01:20:49,036  WARNING   CPLE_FileIO in Cannot find gdalvrt.xsd (GDAL_DATA is not defined)
2026-06-21 01:20:49,038  WARNING   CPLE_FileIO in Cannot find gdalvrt.xsd (GDAL_DATA is not defined)
2026-06-21 01:20:49,041  WARNING   CPLE_FileIO in Cannot find gdalvrt.xsd (GDAL_DATA is not defined)
2026-06-21 01:20:49,045  WARNING   CPLE_FileIO in Cannot find gdalvrt.xsd (GDAL_DATA is not defined)
2026-06-21 01:20:49,053  WARNING   CPLE_FileIO in Cannot find gdalvrt.xsd (GDAL_DATA is not defined)
2026-06-21 01:20:49,055  WARNING   CPLE_FileIO in Cannot find gdalvrt.xsd (GDAL_DATA is not defined)
2026-06-21 01:20:49,061  WARNING   CPLE_FileIO in Cannot find gdalvrt.xsd (GDAL_DATA is not defined)
2026-06-21 01:20:49,063  WARNING   CPLE_FileIO in Cannot find gdalvrt.xsd (GDAL_DATA is not defined)
2026-06-21 01:20:49,065  WARNING   CPLE_FileIO in Cannot find gdalvrt.xsd (GDAL_DATA is not defined)
2026-06-21 01:20:49,069  WARNING   CPLE_FileIO in Cannot find gdalvrt.xsd (GDAL_DATA is not defined)
2026-06-21 01:20:49,073  WARNING   CPLE_FileIO in Cannot find gdalvrt.xsd (GDAL_DATA is not defined)
2026-06-21 01:20:49,075  WARNING   CPLE_FileIO in Cannot find gdalvrt.xsd (GDAL_DATA is not defined)
2026-06-21 01:20:49,082  WARNING   CPLE_FileIO in Cannot find gdalvrt.xsd (GDAL_DATA is not defined)
2026-06-21 01:20:49,085  WARNING   CPLE_FileIO in Cannot find gdalvrt.xsd (GDAL_DATA is not defined)
2026-06-21 01:20:49,087  WARNING   CPLE_FileIO in Cannot find gdalvrt.xsd (GDAL_DATA is not defined)
2026-06-21 01:20:49,090  WARNING   CPLE_FileIO in Cannot find gdalvrt.xsd (GDAL_DATA is not defined)
2026-06-21 01:20:49,094  WARNING   CPLE_FileIO in Cannot find gdalvrt.xsd (GDAL_DATA is not defined)
2026-06-21 01:20:49,097  WARNING   CPLE_FileIO in Cannot find gdalvrt.xsd (GDAL_DATA is not defined)
2026-06-21 01:20:49,101  WARNING   CPLE_FileIO in Cannot find gdalvrt.xsd (GDAL_DATA is not defined)
2026-06-21 01:20:49,103  WARNING   CPLE_FileIO in Cannot find gdalvrt.xsd (GDAL_DATA is not defined)
2026-06-21 01:20:49,105  WARNING   CPLE_FileIO in Cannot find gdalvrt.xsd (GDAL_DATA is not defined)
2026-06-21 01:20:49,109  WARNING   CPLE_FileIO in Cannot find gdalvrt.xsd (GDAL_DATA is not defined)
2026-06-21 01:20:49,111  WARNING   CPLE_FileIO in Cannot find gdalvrt.xsd (GDAL_DATA is not defined)
2026-06-21 01:20:49,113  WARNING   CPLE_FileIO in Cannot find gdalvrt.xsd (GDAL_DATA is not defined)
2026-06-21 01:20:49,116  WARNING   CPLE_FileIO in Cannot find gdalvrt.xsd (GDAL_DATA is not defined)
2026-06-21 01:20:49,119  WARNING   CPLE_FileIO in Cannot find gdalvrt.xsd (GDAL_DATA is not defined)
2026-06-21 01:20:49,121  WARNING   CPLE_FileIO in Cannot find gdalvrt.xsd (GDAL_DATA is not defined)
2026-06-21 01:20:49,125  WARNING   CPLE_FileIO in Cannot find gdalvrt.xsd (GDAL_DATA is not defined)
2026-06-21 01:20:49,128  WARNING   CPLE_FileIO in Cannot find gdalvrt.xsd (GDAL_DATA is not defined)
2026-06-21 01:20:49,130  WARNING   CPLE_FileIO in Cannot find gdalvrt.xsd (GDAL_DATA is not defined)
2026-06-21 01:20:49,134  WARNING   CPLE_FileIO in Cannot find gdalvrt.xsd (GDAL_DATA is not defined)
2026-06-21 01:20:49,136  WARNING   CPLE_FileIO in Cannot find gdalvrt.xsd (GDAL_DATA is not defined)
2026-06-21 01:20:49,138  WARNING   CPLE_FileIO in Cannot find gdalvrt.xsd (GDAL_DATA is not defined)
2026-06-21 01:20:49,144  WARNING   CPLE_FileIO in Cannot find gdalvrt.xsd (GDAL_DATA is not defined)
2026-06-21 01:20:49,148  WARNING   CPLE_FileIO in Cannot find gdalvrt.xsd (GDAL_DATA is not defined)
2026-06-21 01:20:49,151  WARNING   CPLE_FileIO in Cannot find gdalvrt.xsd (GDAL_DATA is not defined)
2026-06-21 01:20:49,157  WARNING   CPLE_FileIO in Cannot find gdalvrt.xsd (GDAL_DATA is not defined)
2026-06-21 01:20:49,159  WARNING   CPLE_FileIO in Cannot find gdalvrt.xsd (GDAL_DATA is not defined)
2026-06-21 01:20:49,164  WARNING   CPLE_FileIO in Cannot find gdalvrt.xsd (GDAL_DATA is not defined)
2026-06-21 01:20:49,171  WARNING   CPLE_FileIO in Cannot find gdalvrt.xsd (GDAL_DATA is not defined)
2026-06-21 01:20:49,173  WARNING   CPLE_FileIO in Cannot find gdalvrt.xsd (GDAL_DATA is not defined)
2026-06-21 01:20:49,175  WARNING   CPLE_FileIO in Cannot find gdalvrt.xsd (GDAL_DATA is not defined)
2026-06-21 01:20:49,178  WARNING   CPLE_FileIO in Cannot find gdalvrt.xsd (GDAL_DATA is not defined)
2026-06-21 01:20:49,180  WARNING   CPLE_FileIO in Cannot find gdalvrt.xsd (GDAL_DATA is not defined)
2026-06-21 01:20:49,183  WARNING   CPLE_FileIO in Cannot find gdalvrt.xsd (GDAL_DATA is not defined)
2026-06-21 01:20:49,187  WARNING   CPLE_FileIO in Cannot find gdalvrt.xsd (GDAL_DATA is not defined)
2026-06-21 01:20:49,189  WARNING   CPLE_FileIO in Cannot find gdalvrt.xsd (GDAL_DATA is not defined)
2026-06-21 01:20:49,191  WARNING   CPLE_FileIO in Cannot find gdalvrt.xsd (GDAL_DATA is not defined)
2026-06-21 01:20:49,194  WARNING   CPLE_FileIO in Cannot find gdalvrt.xsd (GDAL_DATA is not defined)
2026-06-21 01:20:49,198  WARNING   CPLE_FileIO in Cannot find gdalvrt.xsd (GDAL_DATA is not defined)
2026-06-21 01:20:49,200  WARNING   CPLE_FileIO in Cannot find gdalvrt.xsd (GDAL_DATA is not defined)
2026-06-21 01:20:49,205  WARNING   CPLE_FileIO in Cannot find gdalvrt.xsd (GDAL_DATA is not defined)
2026-06-21 01:20:49,209  WARNING   CPLE_FileIO in Cannot find gdalvrt.xsd (GDAL_DATA is not defined)
2026-06-21 01:20:49,212  WARNING   CPLE_FileIO in Cannot find gdalvrt.xsd (GDAL_DATA is not defined)
2026-06-21 01:20:49,218  WARNING   CPLE_FileIO in Cannot find gdalvrt.xsd (GDAL_DATA is not defined)
2026-06-21 01:20:49,225  WARNING   CPLE_FileIO in Cannot find gdalvrt.xsd (GDAL_DATA is not defined)
2026-06-21 01:20:49,228  WARNING   CPLE_FileIO in Cannot find gdalvrt.xsd (GDAL_DATA is not defined)
2026-06-21 01:20:49,236  WARNING   CPLE_FileIO in Cannot find gdalvrt.xsd (GDAL_DATA is not defined)
2026-06-21 01:20:49,242  WARNING   CPLE_FileIO in Cannot find gdalvrt.xsd (GDAL_DATA is not defined)
2026-06-21 01:20:49,246  WARNING   CPLE_FileIO in Cannot find gdalvrt.xsd (GDAL_DATA is not defined)
2026-06-21 01:20:49,256  WARNING   CPLE_FileIO in Cannot find gdalvrt.xsd (GDAL_DATA is not defined)
2026-06-21 01:20:49,263  WARNING   CPLE_FileIO in Cannot find gdalvrt.xsd (GDAL_DATA is not defined)
2026-06-21 01:20:49,269  WARNING   CPLE_FileIO in Cannot find gdalvrt.xsd (GDAL_DATA is not defined)
2026-06-21 01:20:49,278  WARNING   CPLE_FileIO in Cannot find gdalvrt.xsd (GDAL_DATA is not defined)
2026-06-21 01:20:49,283  WARNING   CPLE_FileIO in Cannot find gdalvrt.xsd (GDAL_DATA is not defined)
2026-06-21 01:20:49,285  WARNING   CPLE_FileIO in Cannot find gdalvrt.xsd (GDAL_DATA is not defined)
2026-06-21 01:20:49,289  WARNING   CPLE_FileIO in Cannot find gdalvrt.xsd (GDAL_DATA is not defined)
2026-06-21 01:20:49,291  WARNING   CPLE_FileIO in Cannot find gdalvrt.xsd (GDAL_DATA is not defined)
2026-06-21 01:20:49,293  WARNING   CPLE_FileIO in Cannot find gdalvrt.xsd (GDAL_DATA is not defined)
2026-06-21 01:20:49,298  WARNING   CPLE_FileIO in Cannot find gdalvrt.xsd (GDAL_DATA is not defined)
2026-06-21 01:20:49,301  WARNING   CPLE_FileIO in Cannot find gdalvrt.xsd (GDAL_DATA is not defined)
2026-06-21 01:20:49,303  WARNING   CPLE_FileIO in Cannot find gdalvrt.xsd (GDAL_DATA is not defined)
2026-06-21 01:20:49,307  WARNING   CPLE_FileIO in Cannot find gdalvrt.xsd (GDAL_DATA is not defined)
2026-06-21 01:20:49,309  WARNING   CPLE_FileIO in Cannot find gdalvrt.xsd (GDAL_DATA is not defined)
2026-06-21 01:20:49,311  WARNING   CPLE_FileIO in Cannot find gdalvrt.xsd (GDAL_DATA is not defined)
2026-06-21 01:20:49,315  WARNING   CPLE_FileIO in Cannot find gdalvrt.xsd (GDAL_DATA is not defined)
2026-06-21 01:20:49,317  WARNING   CPLE_FileIO in Cannot find gdalvrt.xsd (GDAL_DATA is not defined)
2026-06-21 01:20:49,319  WARNING   CPLE_FileIO in Cannot find gdalvrt.xsd (GDAL_DATA is not defined)
2026-06-21 01:20:49,324  WARNING   CPLE_FileIO in Cannot find gdalvrt.xsd (GDAL_DATA is not defined)
2026-06-21 01:20:49,326  WARNING   CPLE_FileIO in Cannot find gdalvrt.xsd (GDAL_DATA is not defined)
2026-06-21 01:20:49,327  WARNING   CPLE_FileIO in Cannot find gdalvrt.xsd (GDAL_DATA is not defined)
2026-06-21 01:20:49,331  WARNING   CPLE_FileIO in Cannot find gdalvrt.xsd (GDAL_DATA is not defined)
2026-06-21 01:20:49,333  WARNING   CPLE_FileIO in Cannot find gdalvrt.xsd (GDAL_DATA is not defined)
2026-06-21 01:20:49,336  WARNING   CPLE_FileIO in Cannot find gdalvrt.xsd (GDAL_DATA is not defined)
2026-06-21 01:20:49,341  WARNING   CPLE_FileIO in Cannot find gdalvrt.xsd (GDAL_DATA is not defined)
2026-06-21 01:20:49,343  WARNING   CPLE_FileIO in Cannot find gdalvrt.xsd (GDAL_DATA is not defined)
2026-06-21 01:20:49,345  WARNING   CPLE_FileIO in Cannot find gdalvrt.xsd (GDAL_DATA is not defined)
2026-06-21 01:20:49,351  WARNING   CPLE_FileIO in Cannot find gdalvrt.xsd (GDAL_DATA is not defined)
2026-06-21 01:20:49,359  WARNING   CPLE_FileIO in Cannot find gdalvrt.xsd (GDAL_DATA is not defined)
2026-06-21 01:20:49,362  WARNING   CPLE_FileIO in Cannot find gdalvrt.xsd (GDAL_DATA is not defined)
2026-06-21 01:20:49,373  WARNING   CPLE_FileIO in Cannot find gdalvrt.xsd (GDAL_DATA is not defined)
2026-06-21 01:20:49,376  WARNING   CPLE_FileIO in Cannot find gdalvrt.xsd (GDAL_DATA is not defined)
2026-06-21 01:20:49,378  WARNING   CPLE_FileIO in Cannot find gdalvrt.xsd (GDAL_DATA is not defined)
2026-06-21 01:20:49,382  WARNING   CPLE_FileIO in Cannot find gdalvrt.xsd (GDAL_DATA is not defined)
2026-06-21 01:20:49,386  WARNING   CPLE_FileIO in Cannot find gdalvrt.xsd (GDAL_DATA is not defined)
2026-06-21 01:20:49,388  WARNING   CPLE_FileIO in Cannot find gdalvrt.xsd (GDAL_DATA is not defined)
2026-06-21 01:20:49,393  WARNING   CPLE_FileIO in Cannot find gdalvrt.xsd (GDAL_DATA is not defined)
2026-06-21 01:20:49,396  WARNING   CPLE_FileIO in Cannot find gdalvrt.xsd (GDAL_DATA is not defined)
2026-06-21 01:20:49,398  WARNING   CPLE_FileIO in Cannot find gdalvrt.xsd (GDAL_DATA is not defined)
2026-06-21 01:20:49,402  WARNING   CPLE_FileIO in Cannot find gdalvrt.xsd (GDAL_DATA is not defined)
2026-06-21 01:20:49,407  WARNING   CPLE_FileIO in Cannot find gdalvrt.xsd (GDAL_DATA is not defined)
2026-06-21 01:20:49,410  WARNING   CPLE_FileIO in Cannot find gdalvrt.xsd (GDAL_DATA is not defined)
2026-06-21 01:20:49,415  WARNING   CPLE_FileIO in Cannot find gdalvrt.xsd (GDAL_DATA is not defined)
2026-06-21 01:20:49,419  WARNING   CPLE_FileIO in Cannot find gdalvrt.xsd (GDAL_DATA is not defined)
2026-06-21 01:20:49,422  WARNING   CPLE_FileIO in Cannot find gdalvrt.xsd (GDAL_DATA is not defined)
2026-06-21 01:20:49,428  WARNING   CPLE_FileIO in Cannot find gdalvrt.xsd (GDAL_DATA is not defined)
2026-06-21 01:20:49,437  WARNING   CPLE_FileIO in Cannot find gdalvrt.xsd (GDAL_DATA is not defined)
2026-06-21 01:20:49,441  WARNING   CPLE_FileIO in Cannot find gdalvrt.xsd (GDAL_DATA is not defined)
2026-06-21 01:20:49,459  WARNING   CPLE_FileIO in Cannot find gdalvrt.xsd (GDAL_DATA is not defined)
2026-06-21 01:20:49,466  WARNING   CPLE_FileIO in Cannot find gdalvrt.xsd (GDAL_DATA is not defined)
2026-06-21 01:20:49,471  WARNING   CPLE_FileIO in Cannot find gdalvrt.xsd (GDAL_DATA is not defined)
2026-06-21 01:20:49,487  WARNING   CPLE_FileIO in Cannot find gdalvrt.xsd (GDAL_DATA is not defined)
2026-06-21 01:20:49,493  WARNING   CPLE_FileIO in Cannot find gdalvrt.xsd (GDAL_DATA is not defined)
2026-06-21 01:20:49,496  WARNING   CPLE_FileIO in Cannot find gdalvrt.xsd (GDAL_DATA is not defined)
2026-06-21 01:20:49,506  WARNING   CPLE_FileIO in Cannot find gdalvrt.xsd (GDAL_DATA is not defined)
2026-06-21 01:20:49,511  WARNING   CPLE_FileIO in Cannot find gdalvrt.xsd (GDAL_DATA is not defined)
2026-06-21 01:20:49,516  WARNING   CPLE_FileIO in Cannot find gdalvrt.xsd (GDAL_DATA is not defined)
2026-06-21 01:20:49,528  WARNING   CPLE_FileIO in Cannot find gdalvrt.xsd (GDAL_DATA is not defined)
2026-06-21 01:20:49,533  WARNING   CPLE_FileIO in Cannot find gdalvrt.xsd (GDAL_DATA is not defined)
2026-06-21 01:20:49,535  WARNING   CPLE_FileIO in Cannot find gdalvrt.xsd (GDAL_DATA is not defined)
2026-06-21 01:20:49,543  WARNING   CPLE_FileIO in Cannot find gdalvrt.xsd (GDAL_DATA is not defined)
2026-06-21 01:20:49,547  WARNING   CPLE_FileIO in Cannot find gdalvrt.xsd (GDAL_DATA is not defined)
2026-06-21 01:20:49,549  WARNING   CPLE_FileIO in Cannot find gdalvrt.xsd (GDAL_DATA is not defined)
2026-06-21 01:20:49,556  WARNING   CPLE_FileIO in Cannot find gdalvrt.xsd (GDAL_DATA is not defined)
2026-06-21 01:20:49,559  WARNING   CPLE_FileIO in Cannot find gdalvrt.xsd (GDAL_DATA is not defined)
2026-06-21 01:20:49,561  WARNING   CPLE_FileIO in Cannot find gdalvrt.xsd (GDAL_DATA is not defined)
2026-06-21 01:20:49,569  WARNING   CPLE_FileIO in Cannot find gdalvrt.xsd (GDAL_DATA is not defined)
2026-06-21 01:20:49,576  WARNING   CPLE_FileIO in Cannot find gdalvrt.xsd (GDAL_DATA is not defined)
2026-06-21 01:20:49,583  WARNING   CPLE_FileIO in Cannot find gdalvrt.xsd (GDAL_DATA is not defined)
2026-06-21 01:20:49,595  WARNING   CPLE_FileIO in Cannot find gdalvrt.xsd (GDAL_DATA is not defined)
2026-06-21 01:20:49,603  WARNING   CPLE_FileIO in Cannot find gdalvrt.xsd (GDAL_DATA is not defined)
2026-06-21 01:20:49,607  WARNING   CPLE_FileIO in Cannot find gdalvrt.xsd (GDAL_DATA is not defined)
2026-06-21 01:20:49,620  WARNING   CPLE_FileIO in Cannot find gdalvrt.xsd (GDAL_DATA is not defined)
2026-06-21 01:20:49,628  WARNING   CPLE_FileIO in Cannot find gdalvrt.xsd (GDAL_DATA is not defined)
2026-06-21 01:20:49,633  WARNING   CPLE_FileIO in Cannot find gdalvrt.xsd (GDAL_DATA is not defined)
2026-06-21 01:20:49,644  WARNING   CPLE_FileIO in Cannot find gdalvrt.xsd (GDAL_DATA is not defined)
2026-06-21 01:20:49,646  WARNING   CPLE_FileIO in Cannot find gdalvrt.xsd (GDAL_DATA is not defined)
2026-06-21 01:20:49,647  WARNING   CPLE_FileIO in Cannot find gdalvrt.xsd (GDAL_DATA is not defined)
2026-06-21 01:20:49,649  WARNING   CPLE_FileIO in Cannot find gdalvrt.xsd (GDAL_DATA is not defined)
2026-06-21 01:20:49,651  WARNING   CPLE_FileIO in Cannot find gdalvrt.xsd (GDAL_DATA is not defined)
2026-06-21 01:20:49,652  WARNING   CPLE_FileIO in Cannot find gdalvrt.xsd (GDAL_DATA is not defined)
2026-06-21 01:20:49,655  WARNING   CPLE_FileIO in Cannot find gdalvrt.xsd (GDAL_DATA is not defined)
2026-06-21 01:20:49,660  WARNING   CPLE_FileIO in Cannot find gdalvrt.xsd (GDAL_DATA is not defined)
2026-06-21 01:20:49,664  WARNING   CPLE_FileIO in Cannot find gdalvrt.xsd (GDAL_DATA is not defined)
2026-06-21 01:20:49,678  WARNING   CPLE_FileIO in Cannot find gdalvrt.xsd (GDAL_DATA is not defined)
2026-06-21 01:20:49,686  WARNING   CPLE_FileIO in Cannot find gdalvrt.xsd (GDAL_DATA is not defined)
2026-06-21 01:20:49,690  WARNING   CPLE_FileIO in Cannot find gdalvrt.xsd (GDAL_DATA is not defined)
2026-06-21 01:20:49,701  WARNING   CPLE_FileIO in Cannot find gdalvrt.xsd (GDAL_DATA is not defined)
2026-06-21 01:20:49,705  WARNING   CPLE_FileIO in Cannot find gdalvrt.xsd (GDAL_DATA is not defined)
2026-06-21 01:20:49,707  WARNING   CPLE_FileIO in Cannot find gdalvrt.xsd (GDAL_DATA is not defined)
2026-06-21 01:20:49,714  WARNING   CPLE_FileIO in Cannot find gdalvrt.xsd (GDAL_DATA is not defined)
2026-06-21 01:20:49,719  WARNING   CPLE_FileIO in Cannot find gdalvrt.xsd (GDAL_DATA is not defined)
2026-06-21 01:20:49,722  WARNING   CPLE_FileIO in Cannot find gdalvrt.xsd (GDAL_DATA is not defined)
2026-06-21 01:20:49,731  WARNING   CPLE_FileIO in Cannot find gdalvrt.xsd (GDAL_DATA is not defined)
2026-06-21 01:20:49,735  WARNING   CPLE_FileIO in Cannot find gdalvrt.xsd (GDAL_DATA is not defined)
2026-06-21 01:20:49,738  WARNING   CPLE_FileIO in Cannot find gdalvrt.xsd (GDAL_DATA is not defined)
2026-06-21 01:20:49,746  WARNING   CPLE_FileIO in Cannot find gdalvrt.xsd (GDAL_DATA is not defined)
2026-06-21 01:20:49,749  WARNING   CPLE_FileIO in Cannot find gdalvrt.xsd (GDAL_DATA is not defined)
2026-06-21 01:20:49,750  WARNING   CPLE_FileIO in Cannot find gdalvrt.xsd (GDAL_DATA is not defined)
2026-06-21 01:20:49,753  WARNING   CPLE_FileIO in Cannot find gdalvrt.xsd (GDAL_DATA is not defined)
2026-06-21 01:20:49,756  WARNING   CPLE_FileIO in Cannot find gdalvrt.xsd (GDAL_DATA is not defined)
2026-06-21 01:20:49,758  WARNING   CPLE_FileIO in Cannot find gdalvrt.xsd (GDAL_DATA is not defined)
2026-06-21 01:20:49,764  WARNING   CPLE_FileIO in Cannot find gdalvrt.xsd (GDAL_DATA is not defined)
2026-06-21 01:20:49,768  WARNING   CPLE_FileIO in Cannot find gdalvrt.xsd (GDAL_DATA is not defined)
2026-06-21 01:20:49,771  WARNING   CPLE_FileIO in Cannot find gdalvrt.xsd (GDAL_DATA is not defined)
2026-06-21 01:20:49,782  WARNING   CPLE_FileIO in Cannot find gdalvrt.xsd (GDAL_DATA is not defined)
2026-06-21 01:20:49,786  WARNING   CPLE_FileIO in Cannot find gdalvrt.xsd (GDAL_DATA is not defined)
2026-06-21 01:20:49,789  WARNING   CPLE_FileIO in Cannot find gdalvrt.xsd (GDAL_DATA is not defined)
2026-06-21 01:20:49,807  WARNING   CPLE_FileIO in Cannot find gdalvrt.xsd (GDAL_DATA is not defined)
2026-06-21 01:20:49,816  WARNING   CPLE_FileIO in Cannot find gdalvrt.xsd (GDAL_DATA is not defined)
2026-06-21 01:20:49,823  WARNING   CPLE_FileIO in Cannot find gdalvrt.xsd (GDAL_DATA is not defined)
2026-06-21 01:20:49,845  WARNING   CPLE_FileIO in Cannot find gdalvrt.xsd (GDAL_DATA is not defined)
2026-06-21 01:20:49,851  WARNING   CPLE_FileIO in Cannot find gdalvrt.xsd (GDAL_DATA is not defined)
2026-06-21 01:20:49,854  WARNING   CPLE_FileIO in Cannot find gdalvrt.xsd (GDAL_DATA is not defined)
2026-06-21 01:20:49,866  WARNING   CPLE_FileIO in Cannot find gdalvrt.xsd (GDAL_DATA is not defined)
2026-06-21 01:20:49,868  WARNING   CPLE_FileIO in Cannot find gdalvrt.xsd (GDAL_DATA is not defined)
2026-06-21 01:20:49,871  WARNING   CPLE_FileIO in Cannot find gdalvrt.xsd (GDAL_DATA is not defined)
2026-06-21 01:20:49,875  WARNING   CPLE_FileIO in Cannot find gdalvrt.xsd (GDAL_DATA is not defined)
2026-06-21 01:20:49,877  WARNING   CPLE_FileIO in Cannot find gdalvrt.xsd (GDAL_DATA is not defined)
2026-06-21 01:20:49,880  WARNING   CPLE_FileIO in Cannot find gdalvrt.xsd (GDAL_DATA is not defined)
2026-06-21 01:20:49,884  WARNING   CPLE_FileIO in Cannot find gdalvrt.xsd (GDAL_DATA is not defined)
2026-06-21 01:20:49,886  WARNING   CPLE_FileIO in Cannot find gdalvrt.xsd (GDAL_DATA is not defined)
2026-06-21 01:20:49,888  WARNING   CPLE_FileIO in Cannot find gdalvrt.xsd (GDAL_DATA is not defined)
2026-06-21 01:20:49,893  WARNING   CPLE_FileIO in Cannot find gdalvrt.xsd (GDAL_DATA is not defined)
2026-06-21 01:20:49,896  WARNING   CPLE_FileIO in Cannot find gdalvrt.xsd (GDAL_DATA is not defined)
2026-06-21 01:20:49,898  WARNING   CPLE_FileIO in Cannot find gdalvrt.xsd (GDAL_DATA is not defined)
2026-06-21 01:20:49,904  WARNING   CPLE_FileIO in Cannot find gdalvrt.xsd (GDAL_DATA is not defined)
2026-06-21 01:20:49,908  WARNING   CPLE_FileIO in Cannot find gdalvrt.xsd (GDAL_DATA is not defined)
2026-06-21 01:20:49,910  WARNING   CPLE_FileIO in Cannot find gdalvrt.xsd (GDAL_DATA is not defined)
2026-06-21 01:20:49,918  WARNING   CPLE_FileIO in Cannot find gdalvrt.xsd (GDAL_DATA is not defined)
2026-06-21 01:20:49,921  WARNING   CPLE_FileIO in Cannot find gdalvrt.xsd (GDAL_DATA is not defined)
2026-06-21 01:20:49,923  WARNING   CPLE_FileIO in Cannot find gdalvrt.xsd (GDAL_DATA is not defined)
2026-06-21 01:20:49,930  WARNING   CPLE_FileIO in Cannot find gdalvrt.xsd (GDAL_DATA is not defined)
2026-06-21 01:20:49,934  WARNING   CPLE_FileIO in Cannot find gdalvrt.xsd (GDAL_DATA is not defined)
2026-06-21 01:20:49,937  WARNING   CPLE_FileIO in Cannot find gdalvrt.xsd (GDAL_DATA is not defined)
2026-06-21 01:20:49,945  WARNING   CPLE_FileIO in Cannot find gdalvrt.xsd (GDAL_DATA is not defined)
2026-06-21 01:20:49,948  WARNING   CPLE_FileIO in Cannot find gdalvrt.xsd (GDAL_DATA is not defined)
2026-06-21 01:20:49,951  WARNING   CPLE_FileIO in Cannot find gdalvrt.xsd (GDAL_DATA is not defined)
2026-06-21 01:20:49,957  WARNING   CPLE_FileIO in Cannot find gdalvrt.xsd (GDAL_DATA is not defined)
2026-06-21 01:20:49,961  WARNING   CPLE_FileIO in Cannot find gdalvrt.xsd (GDAL_DATA is not defined)
2026-06-21 01:20:49,963  WARNING   CPLE_FileIO in Cannot find gdalvrt.xsd (GDAL_DATA is not defined)
2026-06-21 01:20:49,970  WARNING   CPLE_FileIO in Cannot find gdalvrt.xsd (GDAL_DATA is not defined)
2026-06-21 01:20:49,973  WARNING   CPLE_FileIO in Cannot find gdalvrt.xsd (GDAL_DATA is not defined)
2026-06-21 01:20:49,975  WARNING   CPLE_FileIO in Cannot find gdalvrt.xsd (GDAL_DATA is not defined)
2026-06-21 01:20:49,982  WARNING   CPLE_FileIO in Cannot find gdalvrt.xsd (GDAL_DATA is not defined)
2026-06-21 01:20:49,984  WARNING   CPLE_FileIO in Cannot find gdalvrt.xsd (GDAL_DATA is not defined)
2026-06-21 01:20:49,986  WARNING   CPLE_FileIO in Cannot find gdalvrt.xsd (GDAL_DATA is not defined)
2026-06-21 01:20:49,992  WARNING   CPLE_FileIO in Cannot find gdalvrt.xsd (GDAL_DATA is not defined)
2026-06-21 01:20:49,996  WARNING   CPLE_FileIO in Cannot find gdalvrt.xsd (GDAL_DATA is not defined)
2026-06-21 01:20:49,999  WARNING   CPLE_FileIO in Cannot find gdalvrt.xsd (GDAL_DATA is not defined)
2026-06-21 01:20:50,006  WARNING   CPLE_FileIO in Cannot find gdalvrt.xsd (GDAL_DATA is not defined)
2026-06-21 01:20:50,009  WARNING   CPLE_FileIO in Cannot find gdalvrt.xsd (GDAL_DATA is not defined)
2026-06-21 01:20:50,011  WARNING   CPLE_FileIO in Cannot find gdalvrt.xsd (GDAL_DATA is not defined)
2026-06-21 01:20:50,018  WARNING   CPLE_FileIO in Cannot find gdalvrt.xsd (GDAL_DATA is not defined)
2026-06-21 01:20:50,023  WARNING   CPLE_FileIO in Cannot find gdalvrt.xsd (GDAL_DATA is not defined)
2026-06-21 01:20:50,026  WARNING   CPLE_FileIO in Cannot find gdalvrt.xsd (GDAL_DATA is not defined)
2026-06-21 01:20:50,037  WARNING   CPLE_FileIO in Cannot find gdalvrt.xsd (GDAL_DATA is not defined)
2026-06-21 01:20:50,042  WARNING   CPLE_FileIO in Cannot find gdalvrt.xsd (GDAL_DATA is not defined)
2026-06-21 01:20:50,044  WARNING   CPLE_FileIO in Cannot find gdalvrt.xsd (GDAL_DATA is not defined)
2026-06-21 01:20:50,053  WARNING   CPLE_FileIO in Cannot find gdalvrt.xsd (GDAL_DATA is not defined)
2026-06-21 01:20:50,057  WARNING   CPLE_FileIO in Cannot find gdalvrt.xsd (GDAL_DATA is not defined)
2026-06-21 01:20:50,060  WARNING   CPLE_FileIO in Cannot find gdalvrt.xsd (GDAL_DATA is not defined)
2026-06-21 01:20:50,068  WARNING   CPLE_FileIO in Cannot find gdalvrt.xsd (GDAL_DATA is not defined)
2026-06-21 01:20:50,072  WARNING   CPLE_FileIO in Cannot find gdalvrt.xsd (GDAL_DATA is not defined)
2026-06-21 01:20:50,075  WARNING   CPLE_FileIO in Cannot find gdalvrt.xsd (GDAL_DATA is not defined)
2026-06-21 01:20:50,083  WARNING   CPLE_FileIO in Cannot find gdalvrt.xsd (GDAL_DATA is not defined)
2026-06-21 01:20:50,088  WARNING   CPLE_FileIO in Cannot find gdalvrt.xsd (GDAL_DATA is not defined)
2026-06-21 01:20:50,090  WARNING   CPLE_FileIO in Cannot find gdalvrt.xsd (GDAL_DATA is not defined)
2026-06-21 01:20:50,104  WARNING   CPLE_FileIO in Cannot find gdalvrt.xsd (GDAL_DATA is not defined)
2026-06-21 01:20:50,110  WARNING   CPLE_FileIO in Cannot find gdalvrt.xsd (GDAL_DATA is not defined)
2026-06-21 01:20:50,114  WARNING   CPLE_FileIO in Cannot find gdalvrt.xsd (GDAL_DATA is not defined)
2026-06-21 01:20:50,127  WARNING   CPLE_FileIO in Cannot find gdalvrt.xsd (GDAL_DATA is not defined)
2026-06-21 01:20:50,133  WARNING   CPLE_FileIO in Cannot find gdalvrt.xsd (GDAL_DATA is not defined)
2026-06-21 01:20:50,136  WARNING   CPLE_FileIO in Cannot find gdalvrt.xsd (GDAL_DATA is not defined)
2026-06-21 01:20:50,150  WARNING   CPLE_FileIO in Cannot find gdalvrt.xsd (GDAL_DATA is not defined)
2026-06-21 01:20:50,157  WARNING   CPLE_FileIO in Cannot find gdalvrt.xsd (GDAL_DATA is not defined)
2026-06-21 01:20:50,162  WARNING   CPLE_FileIO in Cannot find gdalvrt.xsd (GDAL_DATA is not defined)
2026-06-21 01:20:50,174  WARNING   CPLE_FileIO in Cannot find gdalvrt.xsd (GDAL_DATA is not defined)
2026-06-21 01:20:50,182  WARNING   CPLE_FileIO in Cannot find gdalvrt.xsd (GDAL_DATA is not defined)
2026-06-21 01:20:50,188  WARNING   CPLE_FileIO in Cannot find gdalvrt.xsd (GDAL_DATA is not defined)
2026-06-21 01:20:50,204  WARNING   CPLE_FileIO in Cannot find gdalvrt.xsd (GDAL_DATA is not defined)
2026-06-21 01:20:50,212  WARNING   CPLE_FileIO in Cannot find gdalvrt.xsd (GDAL_DATA is not defined)
2026-06-21 01:20:50,216  WARNING   CPLE_FileIO in Cannot find gdalvrt.xsd (GDAL_DATA is not defined)
2026-06-21 01:20:50,229  WARNING   CPLE_FileIO in Cannot find gdalvrt.xsd (GDAL_DATA is not defined)
2026-06-21 01:20:50,231  WARNING   CPLE_FileIO in Cannot find gdalvrt.xsd (GDAL_DATA is not defined)
2026-06-21 01:20:50,233  WARNING   CPLE_FileIO in Cannot find gdalvrt.xsd (GDAL_DATA is not defined)
2026-06-21 01:20:50,239  WARNING   CPLE_FileIO in Cannot find gdalvrt.xsd (GDAL_DATA is not defined)
2026-06-21 01:20:50,246  WARNING   CPLE_FileIO in Cannot find gdalvrt.xsd (GDAL_DATA is not defined)
2026-06-21 01:20:50,249  WARNING   CPLE_FileIO in Cannot find gdalvrt.xsd (GDAL_DATA is not defined)
2026-06-21 01:20:50,259  WARNING   CPLE_FileIO in Cannot find gdalvrt.xsd (GDAL_DATA is not defined)
2026-06-21 01:20:50,264  WARNING   CPLE_FileIO in Cannot find gdalvrt.xsd (GDAL_DATA is not defined)
2026-06-21 01:20:50,267  WARNING   CPLE_FileIO in Cannot find gdalvrt.xsd (GDAL_DATA is not defined)
2026-06-21 01:20:50,277  WARNING   CPLE_FileIO in Cannot find gdalvrt.xsd (GDAL_DATA is not defined)
2026-06-21 01:20:50,279  WARNING   CPLE_FileIO in Cannot find gdalvrt.xsd (GDAL_DATA is not defined)
2026-06-21 01:20:50,281  WARNING   CPLE_FileIO in Cannot find gdalvrt.xsd (GDAL_DATA is not defined)
2026-06-21 01:20:50,285  WARNING   CPLE_FileIO in Cannot find gdalvrt.xsd (GDAL_DATA is not defined)
2026-06-21 01:20:50,289  WARNING   CPLE_FileIO in Cannot find gdalvrt.xsd (GDAL_DATA is not defined)
2026-06-21 01:20:50,292  WARNING   CPLE_FileIO in Cannot find gdalvrt.xsd (GDAL_DATA is not defined)
2026-06-21 01:20:50,302  WARNING   CPLE_FileIO in Cannot find gdalvrt.xsd (GDAL_DATA is not defined)
2026-06-21 01:20:50,306  WARNING   CPLE_FileIO in Cannot find gdalvrt.xsd (GDAL_DATA is not defined)
2026-06-21 01:20:50,309  WARNING   CPLE_FileIO in Cannot find gdalvrt.xsd (GDAL_DATA is not defined)
2026-06-21 01:20:50,316  WARNING   CPLE_FileIO in Cannot find gdalvrt.xsd (GDAL_DATA is not defined)
2026-06-21 01:20:50,318  WARNING   CPLE_FileIO in Cannot find gdalvrt.xsd (GDAL_DATA is not defined)
2026-06-21 01:20:50,320  WARNING   CPLE_FileIO in Cannot find gdalvrt.xsd (GDAL_DATA is not defined)
2026-06-21 01:20:50,324  WARNING   CPLE_FileIO in Cannot find gdalvrt.xsd (GDAL_DATA is not defined)
2026-06-21 01:20:50,328  WARNING   CPLE_FileIO in Cannot find gdalvrt.xsd (GDAL_DATA is not defined)
2026-06-21 01:20:50,331  WARNING   CPLE_FileIO in Cannot find gdalvrt.xsd (GDAL_DATA is not defined)
2026-06-21 01:20:50,339  WARNING   CPLE_FileIO in Cannot find gdalvrt.xsd (GDAL_DATA is not defined)
2026-06-21 01:20:50,344  WARNING   CPLE_FileIO in Cannot find gdalvrt.xsd (GDAL_DATA is not defined)
2026-06-21 01:20:50,347  WARNING   CPLE_FileIO in Cannot find gdalvrt.xsd (GDAL_DATA is not defined)
2026-06-21 01:20:50,354  WARNING   CPLE_FileIO in Cannot find gdalvrt.xsd (GDAL_DATA is not defined)
2026-06-21 01:20:50,356  WARNING   CPLE_FileIO in Cannot find gdalvrt.xsd (GDAL_DATA is not defined)
2026-06-21 01:20:50,358  WARNING   CPLE_FileIO in Cannot find gdalvrt.xsd (GDAL_DATA is not defined)
2026-06-21 01:20:50,360  WARNING   CPLE_FileIO in Cannot find gdalvrt.xsd (GDAL_DATA is not defined)
2026-06-21 01:20:50,361  WARNING   CPLE_FileIO in Cannot find gdalvrt.xsd (GDAL_DATA is not defined)
2026-06-21 01:20:50,363  WARNING   CPLE_FileIO in Cannot find gdalvrt.xsd (GDAL_DATA is not defined)
2026-06-21 01:20:50,366  WARNING   CPLE_FileIO in Cannot find gdalvrt.xsd (GDAL_DATA is not defined)
2026-06-21 01:20:50,368  WARNING   CPLE_FileIO in Cannot find gdalvrt.xsd (GDAL_DATA is not defined)
2026-06-21 01:20:50,370  WARNING   CPLE_FileIO in Cannot find gdalvrt.xsd (GDAL_DATA is not defined)
2026-06-21 01:20:50,374  WARNING   CPLE_FileIO in Cannot find gdalvrt.xsd (GDAL_DATA is not defined)
2026-06-21 01:20:50,376  WARNING   CPLE_FileIO in Cannot find gdalvrt.xsd (GDAL_DATA is not defined)
2026-06-21 01:20:50,378  WARNING   CPLE_FileIO in Cannot find gdalvrt.xsd (GDAL_DATA is not defined)
2026-06-21 01:20:50,381  WARNING   CPLE_FileIO in Cannot find gdalvrt.xsd (GDAL_DATA is not defined)
2026-06-21 01:20:50,382  WARNING   CPLE_FileIO in Cannot find gdalvrt.xsd (GDAL_DATA is not defined)
2026-06-21 01:20:50,384  WARNING   CPLE_FileIO in Cannot find gdalvrt.xsd (GDAL_DATA is not defined)
2026-06-21 01:20:50,386  WARNING   CPLE_FileIO in Cannot find gdalvrt.xsd (GDAL_DATA is not defined)
2026-06-21 01:20:50,388  WARNING   CPLE_FileIO in Cannot find gdalvrt.xsd (GDAL_DATA is not defined)
2026-06-21 01:20:50,389  WARNING   CPLE_FileIO in Cannot find gdalvrt.xsd (GDAL_DATA is not defined)
2026-06-21 01:20:50,393  WARNING   CPLE_FileIO in Cannot find gdalvrt.xsd (GDAL_DATA is not defined)
2026-06-21 01:20:50,395  WARNING   CPLE_FileIO in Cannot find gdalvrt.xsd (GDAL_DATA is not defined)
2026-06-21 01:20:50,396  WARNING   CPLE_FileIO in Cannot find gdalvrt.xsd (GDAL_DATA is not defined)
2026-06-21 01:20:50,399  WARNING   CPLE_FileIO in Cannot find gdalvrt.xsd (GDAL_DATA is not defined)
2026-06-21 01:20:50,401  WARNING   CPLE_FileIO in Cannot find gdalvrt.xsd (GDAL_DATA is not defined)
2026-06-21 01:20:50,402  WARNING   CPLE_FileIO in Cannot find gdalvrt.xsd (GDAL_DATA is not defined)
2026-06-21 01:20:50,404  WARNING   CPLE_FileIO in Cannot find gdalvrt.xsd (GDAL_DATA is not defined)
2026-06-21 01:20:50,407  WARNING   CPLE_FileIO in Cannot find gdalvrt.xsd (GDAL_DATA is not defined)
2026-06-21 01:20:50,409  WARNING   CPLE_FileIO in Cannot find gdalvrt.xsd (GDAL_DATA is not defined)
2026-06-21 01:20:50,411  WARNING   CPLE_FileIO in Cannot find gdalvrt.xsd (GDAL_DATA is not defined)
2026-06-21 01:20:50,414  WARNING   CPLE_FileIO in Cannot find gdalvrt.xsd (GDAL_DATA is not defined)
2026-06-21 01:20:50,416  WARNING   CPLE_FileIO in Cannot find gdalvrt.xsd (GDAL_DATA is not defined)
2026-06-21 01:20:50,419  WARNING   CPLE_FileIO in Cannot find gdalvrt.xsd (GDAL_DATA is not defined)
2026-06-21 01:20:50,422  WARNING   CPLE_FileIO in Cannot find gdalvrt.xsd (GDAL_DATA is not defined)
2026-06-21 01:20:50,423  WARNING   CPLE_FileIO in Cannot find gdalvrt.xsd (GDAL_DATA is not defined)
2026-06-21 01:20:50,428  WARNING   CPLE_FileIO in Cannot find gdalvrt.xsd (GDAL_DATA is not defined)
2026-06-21 01:20:50,431  WARNING   CPLE_FileIO in Cannot find gdalvrt.xsd (GDAL_DATA is not defined)
2026-06-21 01:20:50,434  WARNING   CPLE_FileIO in Cannot find gdalvrt.xsd (GDAL_DATA is not defined)
2026-06-21 01:20:50,437  WARNING   CPLE_FileIO in Cannot find gdalvrt.xsd (GDAL_DATA is not defined)
2026-06-21 01:20:50,439  WARNING   CPLE_FileIO in Cannot find gdalvrt.xsd (GDAL_DATA is not defined)
2026-06-21 01:20:50,442  WARNING   CPLE_FileIO in Cannot find gdalvrt.xsd (GDAL_DATA is not defined)
2026-06-21 01:20:50,444  WARNING   CPLE_FileIO in Cannot find gdalvrt.xsd (GDAL_DATA is not defined)
2026-06-21 01:20:50,446  WARNING   CPLE_FileIO in Cannot find gdalvrt.xsd (GDAL_DATA is not defined)
2026-06-21 01:20:50,449  WARNING   CPLE_FileIO in Cannot find gdalvrt.xsd (GDAL_DATA is not defined)
2026-06-21 01:20:50,456  WARNING   CPLE_FileIO in Cannot find gdalvrt.xsd (GDAL_DATA is not defined)
2026-06-21 01:20:50,461  WARNING   CPLE_FileIO in Cannot find gdalvrt.xsd (GDAL_DATA is not defined)
2026-06-21 01:20:50,463  WARNING   CPLE_FileIO in Cannot find gdalvrt.xsd (GDAL_DATA is not defined)
2026-06-21 01:20:50,466  WARNING   CPLE_FileIO in Cannot find gdalvrt.xsd (GDAL_DATA is not defined)
2026-06-21 01:20:50,470  WARNING   CPLE_FileIO in Cannot find gdalvrt.xsd (GDAL_DATA is not defined)
2026-06-21 01:20:50,473  WARNING   CPLE_FileIO in Cannot find gdalvrt.xsd (GDAL_DATA is not defined)
2026-06-21 01:20:50,477  WARNING   CPLE_FileIO in Cannot find gdalvrt.xsd (GDAL_DATA is not defined)
2026-06-21 01:20:50,481  WARNING   CPLE_FileIO in Cannot find gdalvrt.xsd (GDAL_DATA is not defined)
2026-06-21 01:20:50,483  WARNING   CPLE_FileIO in Cannot find gdalvrt.xsd (GDAL_DATA is not defined)
2026-06-21 01:20:50,488  WARNING   CPLE_FileIO in Cannot find gdalvrt.xsd (GDAL_DATA is not defined)
2026-06-21 01:20:50,492  WARNING   CPLE_FileIO in Cannot find gdalvrt.xsd (GDAL_DATA is not defined)
2026-06-21 01:20:50,495  WARNING   CPLE_FileIO in Cannot find gdalvrt.xsd (GDAL_DATA is not defined)
2026-06-21 01:20:50,503  WARNING   CPLE_FileIO in Cannot find gdalvrt.xsd (GDAL_DATA is not defined)
2026-06-21 01:20:50,506  WARNING   CPLE_FileIO in Cannot find gdalvrt.xsd (GDAL_DATA is not defined)
2026-06-21 01:20:50,508  WARNING   CPLE_FileIO in Cannot find gdalvrt.xsd (GDAL_DATA is not defined)
2026-06-21 01:20:50,511  WARNING   CPLE_FileIO in Cannot find gdalvrt.xsd (GDAL_DATA is not defined)
2026-06-21 01:20:50,514  WARNING   CPLE_FileIO in Cannot find gdalvrt.xsd (GDAL_DATA is not defined)
2026-06-21 01:20:50,515  WARNING   CPLE_FileIO in Cannot find gdalvrt.xsd (GDAL_DATA is not defined)
2026-06-21 01:20:50,518  WARNING   CPLE_FileIO in Cannot find gdalvrt.xsd (GDAL_DATA is not defined)
2026-06-21 01:20:50,520  WARNING   CPLE_FileIO in Cannot find gdalvrt.xsd (GDAL_DATA is not defined)
2026-06-21 01:20:50,521  WARNING   CPLE_FileIO in Cannot find gdalvrt.xsd (GDAL_DATA is not defined)
2026-06-21 01:20:50,527  WARNING   CPLE_FileIO in Cannot find gdalvrt.xsd (GDAL_DATA is not defined)
2026-06-21 01:20:50,532  WARNING   CPLE_FileIO in Cannot find gdalvrt.xsd (GDAL_DATA is not defined)
2026-06-21 01:20:50,535  WARNING   CPLE_FileIO in Cannot find gdalvrt.xsd (GDAL_DATA is not defined)
2026-06-21 01:20:50,545  WARNING   CPLE_FileIO in Cannot find gdalvrt.xsd (GDAL_DATA is not defined)
2026-06-21 01:20:50,548  WARNING   CPLE_FileIO in Cannot find gdalvrt.xsd (GDAL_DATA is not defined)
2026-06-21 01:20:50,550  WARNING   CPLE_FileIO in Cannot find gdalvrt.xsd (GDAL_DATA is not defined)
2026-06-21 01:20:50,554  WARNING   CPLE_FileIO in Cannot find gdalvrt.xsd (GDAL_DATA is not defined)
2026-06-21 01:20:50,558  WARNING   CPLE_FileIO in Cannot find gdalvrt.xsd (GDAL_DATA is not defined)
2026-06-21 01:20:50,560  WARNING   CPLE_FileIO in Cannot find gdalvrt.xsd (GDAL_DATA is not defined)
2026-06-21 01:20:50,563  WARNING   CPLE_FileIO in Cannot find gdalvrt.xsd (GDAL_DATA is not defined)
2026-06-21 01:20:50,566  WARNING   CPLE_FileIO in Cannot find gdalvrt.xsd (GDAL_DATA is not defined)
2026-06-21 01:20:50,568  WARNING   CPLE_FileIO in Cannot find gdalvrt.xsd (GDAL_DATA is not defined)
2026-06-21 01:20:50,570  WARNING   CPLE_FileIO in Cannot find gdalvrt.xsd (GDAL_DATA is not defined)
2026-06-21 01:20:50,574  WARNING   CPLE_FileIO in Cannot find gdalvrt.xsd (GDAL_DATA is not defined)
2026-06-21 01:20:50,575  WARNING   CPLE_FileIO in Cannot find gdalvrt.xsd (GDAL_DATA is not defined)
2026-06-21 01:20:50,577  WARNING   CPLE_FileIO in Cannot find gdalvrt.xsd (GDAL_DATA is not defined)
2026-06-21 01:20:50,581  WARNING   CPLE_FileIO in Cannot find gdalvrt.xsd (GDAL_DATA is not defined)
2026-06-21 01:20:50,583  WARNING   CPLE_FileIO in Cannot find gdalvrt.xsd (GDAL_DATA is not defined)
2026-06-21 01:20:50,585  WARNING   CPLE_FileIO in Cannot find gdalvrt.xsd (GDAL_DATA is not defined)
2026-06-21 01:20:50,589  WARNING   CPLE_FileIO in Cannot find gdalvrt.xsd (GDAL_DATA is not defined)
2026-06-21 01:20:50,591  WARNING   CPLE_FileIO in Cannot find gdalvrt.xsd (GDAL_DATA is not defined)
2026-06-21 01:20:50,595  WARNING   CPLE_FileIO in Cannot find gdalvrt.xsd (GDAL_DATA is not defined)
2026-06-21 01:20:50,597  WARNING   CPLE_FileIO in Cannot find gdalvrt.xsd (GDAL_DATA is not defined)
2026-06-21 01:20:50,598  WARNING   CPLE_FileIO in Cannot find gdalvrt.xsd (GDAL_DATA is not defined)
2026-06-21 01:20:50,603  WARNING   CPLE_FileIO in Cannot find gdalvrt.xsd (GDAL_DATA is not defined)
2026-06-21 01:20:50,605  WARNING   CPLE_FileIO in Cannot find gdalvrt.xsd (GDAL_DATA is not defined)
2026-06-21 01:20:50,608  WARNING   CPLE_FileIO in Cannot find gdalvrt.xsd (GDAL_DATA is not defined)
2026-06-21 01:20:50,611  WARNING   CPLE_FileIO in Cannot find gdalvrt.xsd (GDAL_DATA is not defined)
2026-06-21 01:20:50,613  WARNING   CPLE_FileIO in Cannot find gdalvrt.xsd (GDAL_DATA is not defined)
2026-06-21 01:20:50,615  WARNING   CPLE_FileIO in Cannot find gdalvrt.xsd (GDAL_DATA is not defined)
2026-06-21 01:20:50,618  WARNING   CPLE_FileIO in Cannot find gdalvrt.xsd (GDAL_DATA is not defined)
2026-06-21 01:20:50,620  WARNING   CPLE_FileIO in Cannot find gdalvrt.xsd (GDAL_DATA is not defined)
2026-06-21 01:20:50,622  WARNING   CPLE_FileIO in Cannot find gdalvrt.xsd (GDAL_DATA is not defined)
2026-06-21 01:20:50,625  WARNING   CPLE_FileIO in Cannot find gdalvrt.xsd (GDAL_DATA is not defined)
2026-06-21 01:20:50,627  WARNING   CPLE_FileIO in Cannot find gdalvrt.xsd (GDAL_DATA is not defined)
2026-06-21 01:20:50,629  WARNING   CPLE_FileIO in Cannot find gdalvrt.xsd (GDAL_DATA is not defined)
2026-06-21 01:20:50,631  WARNING   CPLE_FileIO in Cannot find gdalvrt.xsd (GDAL_DATA is not defined)
2026-06-21 01:20:50,633  WARNING   CPLE_FileIO in Cannot find gdalvrt.xsd (GDAL_DATA is not defined)
2026-06-21 01:20:50,634  WARNING   CPLE_FileIO in Cannot find gdalvrt.xsd (GDAL_DATA is not defined)
2026-06-21 01:20:50,636  WARNING   CPLE_FileIO in Cannot find gdalvrt.xsd (GDAL_DATA is not defined)
2026-06-21 01:20:50,638  WARNING   CPLE_FileIO in Cannot find gdalvrt.xsd (GDAL_DATA is not defined)
2026-06-21 01:20:50,640  WARNING   CPLE_FileIO in Cannot find gdalvrt.xsd (GDAL_DATA is not defined)
2026-06-21 01:20:50,642  WARNING   CPLE_FileIO in Cannot find gdalvrt.xsd (GDAL_DATA is not defined)
2026-06-21 01:20:50,644  WARNING   CPLE_FileIO in Cannot find gdalvrt.xsd (GDAL_DATA is not defined)
2026-06-21 01:20:50,645  WARNING   CPLE_FileIO in Cannot find gdalvrt.xsd (GDAL_DATA is not defined)
2026-06-21 01:20:50,648  WARNING   CPLE_FileIO in Cannot find gdalvrt.xsd (GDAL_DATA is not defined)
2026-06-21 01:20:50,651  WARNING   CPLE_FileIO in Cannot find gdalvrt.xsd (GDAL_DATA is not defined)
2026-06-21 01:20:50,653  WARNING   CPLE_FileIO in Cannot find gdalvrt.xsd (GDAL_DATA is not defined)
2026-06-21 01:20:50,658  WARNING   CPLE_FileIO in Cannot find gdalvrt.xsd (GDAL_DATA is not defined)
2026-06-21 01:20:50,660  WARNING   CPLE_FileIO in Cannot find gdalvrt.xsd (GDAL_DATA is not defined)
2026-06-21 01:20:50,661  WARNING   CPLE_FileIO in Cannot find gdalvrt.xsd (GDAL_DATA is not defined)
2026-06-21 01:20:50,665  WARNING   CPLE_FileIO in Cannot find gdalvrt.xsd (GDAL_DATA is not defined)
2026-06-21 01:20:50,668  WARNING   CPLE_FileIO in Cannot find gdalvrt.xsd (GDAL_DATA is not defined)
2026-06-21 01:20:50,670  WARNING   CPLE_FileIO in Cannot find gdalvrt.xsd (GDAL_DATA is not defined)
2026-06-21 01:20:50,673  WARNING   CPLE_FileIO in Cannot find gdalvrt.xsd (GDAL_DATA is not defined)
2026-06-21 01:20:50,675  WARNING   CPLE_FileIO in Cannot find gdalvrt.xsd (GDAL_DATA is not defined)
2026-06-21 01:20:50,676  WARNING   CPLE_FileIO in Cannot find gdalvrt.xsd (GDAL_DATA is not defined)
2026-06-21 01:20:50,679  WARNING   CPLE_FileIO in Cannot find gdalvrt.xsd (GDAL_DATA is not defined)
2026-06-21 01:20:50,681  WARNING   CPLE_FileIO in Cannot find gdalvrt.xsd (GDAL_DATA is not defined)
2026-06-21 01:20:50,682  WARNING   CPLE_FileIO in Cannot find gdalvrt.xsd (GDAL_DATA is not defined)
2026-06-21 01:20:50,686  WARNING   CPLE_FileIO in Cannot find gdalvrt.xsd (GDAL_DATA is not defined)
2026-06-21 01:20:50,689  WARNING   CPLE_FileIO in Cannot find gdalvrt.xsd (GDAL_DATA is not defined)
2026-06-21 01:20:50,692  WARNING   CPLE_FileIO in Cannot find gdalvrt.xsd (GDAL_DATA is not defined)
2026-06-21 01:20:50,697  WARNING   CPLE_FileIO in Cannot find gdalvrt.xsd (GDAL_DATA is not defined)
2026-06-21 01:20:50,701  WARNING   CPLE_FileIO in Cannot find gdalvrt.xsd (GDAL_DATA is not defined)
2026-06-21 01:20:50,704  WARNING   CPLE_FileIO in Cannot find gdalvrt.xsd (GDAL_DATA is not defined)
2026-06-21 01:20:50,711  WARNING   CPLE_FileIO in Cannot find gdalvrt.xsd (GDAL_DATA is not defined)
2026-06-21 01:20:50,714  WARNING   CPLE_FileIO in Cannot find gdalvrt.xsd (GDAL_DATA is not defined)
2026-06-21 01:20:50,717  WARNING   CPLE_FileIO in Cannot find gdalvrt.xsd (GDAL_DATA is not defined)
2026-06-21 01:20:50,720  WARNING   CPLE_FileIO in Cannot find gdalvrt.xsd (GDAL_DATA is not defined)
2026-06-21 01:20:50,723  WARNING   CPLE_FileIO in Cannot find gdalvrt.xsd (GDAL_DATA is not defined)
2026-06-21 01:20:50,725  WARNING   CPLE_FileIO in Cannot find gdalvrt.xsd (GDAL_DATA is not defined)
2026-06-21 01:20:50,729  WARNING   CPLE_FileIO in Cannot find gdalvrt.xsd (GDAL_DATA is not defined)
2026-06-21 01:20:50,731  WARNING   CPLE_FileIO in Cannot find gdalvrt.xsd (GDAL_DATA is not defined)
2026-06-21 01:20:50,734  WARNING   CPLE_FileIO in Cannot find gdalvrt.xsd (GDAL_DATA is not defined)
2026-06-21 01:20:50,740  WARNING   CPLE_FileIO in Cannot find gdalvrt.xsd (GDAL_DATA is not defined)
2026-06-21 01:20:50,747  WARNING   CPLE_FileIO in Cannot find gdalvrt.xsd (GDAL_DATA is not defined)
2026-06-21 01:20:50,750  WARNING   CPLE_FileIO in Cannot find gdalvrt.xsd (GDAL_DATA is not defined)
2026-06-21 01:20:50,761  WARNING   CPLE_FileIO in Cannot find gdalvrt.xsd (GDAL_DATA is not defined)
2026-06-21 01:20:50,764  WARNING   CPLE_FileIO in Cannot find gdalvrt.xsd (GDAL_DATA is not defined)
2026-06-21 01:20:50,767  WARNING   CPLE_FileIO in Cannot find gdalvrt.xsd (GDAL_DATA is not defined)
2026-06-21 01:20:50,772  WARNING   CPLE_FileIO in Cannot find gdalvrt.xsd (GDAL_DATA is not defined)
2026-06-21 01:20:50,776  WARNING   CPLE_FileIO in Cannot find gdalvrt.xsd (GDAL_DATA is not defined)
2026-06-21 01:20:50,778  WARNING   CPLE_FileIO in Cannot find gdalvrt.xsd (GDAL_DATA is not defined)
2026-06-21 01:20:50,781  WARNING   CPLE_FileIO in Cannot find gdalvrt.xsd (GDAL_DATA is not defined)
2026-06-21 01:20:50,783  WARNING   CPLE_FileIO in Cannot find gdalvrt.xsd (GDAL_DATA is not defined)
2026-06-21 01:20:50,785  WARNING   CPLE_FileIO in Cannot find gdalvrt.xsd (GDAL_DATA is not defined)
2026-06-21 01:20:50,787  WARNING   CPLE_FileIO in Cannot find gdalvrt.xsd (GDAL_DATA is not defined)
2026-06-21 01:20:50,790  WARNING   CPLE_FileIO in Cannot find gdalvrt.xsd (GDAL_DATA is not defined)
2026-06-21 01:20:50,792  WARNING   CPLE_FileIO in Cannot find gdalvrt.xsd (GDAL_DATA is not defined)
2026-06-21 01:20:50,796  WARNING   CPLE_FileIO in Cannot find gdalvrt.xsd (GDAL_DATA is not defined)
2026-06-21 01:20:50,800  WARNING   CPLE_FileIO in Cannot find gdalvrt.xsd (GDAL_DATA is not defined)
2026-06-21 01:20:50,801  WARNING   CPLE_FileIO in Cannot find gdalvrt.xsd (GDAL_DATA is not defined)
2026-06-21 01:20:50,804  WARNING   CPLE_FileIO in Cannot find gdalvrt.xsd (GDAL_DATA is not defined)
2026-06-21 01:20:50,807  WARNING   CPLE_FileIO in Cannot find gdalvrt.xsd (GDAL_DATA is not defined)
2026-06-21 01:20:50,810  WARNING   CPLE_FileIO in Cannot find gdalvrt.xsd (GDAL_DATA is not defined)
2026-06-21 01:20:50,814  WARNING   CPLE_FileIO in Cannot find gdalvrt.xsd (GDAL_DATA is not defined)
2026-06-21 01:20:50,817  WARNING   CPLE_FileIO in Cannot find gdalvrt.xsd (GDAL_DATA is not defined)
2026-06-21 01:20:50,820  WARNING   CPLE_FileIO in Cannot find gdalvrt.xsd (GDAL_DATA is not defined)
2026-06-21 01:20:50,823  WARNING   CPLE_FileIO in Cannot find gdalvrt.xsd (GDAL_DATA is not defined)
2026-06-21 01:20:50,825  WARNING   CPLE_FileIO in Cannot find gdalvrt.xsd (GDAL_DATA is not defined)
2026-06-21 01:20:50,827  WARNING   CPLE_FileIO in Cannot find gdalvrt.xsd (GDAL_DATA is not defined)
2026-06-21 01:20:50,830  WARNING   CPLE_FileIO in Cannot find gdalvrt.xsd (GDAL_DATA is not defined)
2026-06-21 01:20:50,832  WARNING   CPLE_FileIO in Cannot find gdalvrt.xsd (GDAL_DATA is not defined)
2026-06-21 01:20:50,834  WARNING   CPLE_FileIO in Cannot find gdalvrt.xsd (GDAL_DATA is not defined)
2026-06-21 01:20:50,837  WARNING   CPLE_FileIO in Cannot find gdalvrt.xsd (GDAL_DATA is not defined)
2026-06-21 01:20:50,840  WARNING   CPLE_FileIO in Cannot find gdalvrt.xsd (GDAL_DATA is not defined)
2026-06-21 01:20:50,842  WARNING   CPLE_FileIO in Cannot find gdalvrt.xsd (GDAL_DATA is not defined)
2026-06-21 01:20:50,844  WARNING   CPLE_FileIO in Cannot find gdalvrt.xsd (GDAL_DATA is not defined)
2026-06-21 01:20:50,847  WARNING   CPLE_FileIO in Cannot find gdalvrt.xsd (GDAL_DATA is not defined)
2026-06-21 01:20:50,849  WARNING   CPLE_FileIO in Cannot find gdalvrt.xsd (GDAL_DATA is not defined)
2026-06-21 01:20:50,852  WARNING   CPLE_FileIO in Cannot find gdalvrt.xsd (GDAL_DATA is not defined)
2026-06-21 01:20:50,855  WARNING   CPLE_FileIO in Cannot find gdalvrt.xsd (GDAL_DATA is not defined)
2026-06-21 01:20:50,857  WARNING   CPLE_FileIO in Cannot find gdalvrt.xsd (GDAL_DATA is not defined)
2026-06-21 01:20:50,860  WARNING   CPLE_FileIO in Cannot find gdalvrt.xsd (GDAL_DATA is not defined)
2026-06-21 01:20:50,865  WARNING   CPLE_FileIO in Cannot find gdalvrt.xsd (GDAL_DATA is not defined)
2026-06-21 01:20:50,868  WARNING   CPLE_FileIO in Cannot find gdalvrt.xsd (GDAL_DATA is not defined)
2026-06-21 01:20:50,873  WARNING   CPLE_FileIO in Cannot find gdalvrt.xsd (GDAL_DATA is not defined)
2026-06-21 01:20:50,877  WARNING   CPLE_FileIO in Cannot find gdalvrt.xsd (GDAL_DATA is not defined)
2026-06-21 01:20:50,879  WARNING   CPLE_FileIO in Cannot find gdalvrt.xsd (GDAL_DATA is not defined)
2026-06-21 01:20:50,883  WARNING   CPLE_FileIO in Cannot find gdalvrt.xsd (GDAL_DATA is not defined)
2026-06-21 01:20:50,885  WARNING   CPLE_FileIO in Cannot find gdalvrt.xsd (GDAL_DATA is not defined)
2026-06-21 01:20:50,887  WARNING   CPLE_FileIO in Cannot find gdalvrt.xsd (GDAL_DATA is not defined)
2026-06-21 01:20:50,891  WARNING   CPLE_FileIO in Cannot find gdalvrt.xsd (GDAL_DATA is not defined)
2026-06-21 01:20:50,893  WARNING   CPLE_FileIO in Cannot find gdalvrt.xsd (GDAL_DATA is not defined)
2026-06-21 01:20:50,896  WARNING   CPLE_FileIO in Cannot find gdalvrt.xsd (GDAL_DATA is not defined)
2026-06-21 01:20:50,899  WARNING   CPLE_FileIO in Cannot find gdalvrt.xsd (GDAL_DATA is not defined)
2026-06-21 01:20:50,902  WARNING   CPLE_FileIO in Cannot find gdalvrt.xsd (GDAL_DATA is not defined)
2026-06-21 01:20:50,904  WARNING   CPLE_FileIO in Cannot find gdalvrt.xsd (GDAL_DATA is not defined)
2026-06-21 01:20:50,906  WARNING   CPLE_FileIO in Cannot find gdalvrt.xsd (GDAL_DATA is not defined)
2026-06-21 01:20:50,909  WARNING   CPLE_FileIO in Cannot find gdalvrt.xsd (GDAL_DATA is not defined)
2026-06-21 01:20:50,912  WARNING   CPLE_FileIO in Cannot find gdalvrt.xsd (GDAL_DATA is not defined)
2026-06-21 01:20:50,916  WARNING   CPLE_FileIO in Cannot find gdalvrt.xsd (GDAL_DATA is not defined)
2026-06-21 01:20:50,919  WARNING   CPLE_FileIO in Cannot find gdalvrt.xsd (GDAL_DATA is not defined)
2026-06-21 01:20:50,922  WARNING   CPLE_FileIO in Cannot find gdalvrt.xsd (GDAL_DATA is not defined)
2026-06-21 01:20:50,927  WARNING   CPLE_FileIO in Cannot find gdalvrt.xsd (GDAL_DATA is not defined)
2026-06-21 01:20:50,929  WARNING   CPLE_FileIO in Cannot find gdalvrt.xsd (GDAL_DATA is not defined)
2026-06-21 01:20:50,931  WARNING   CPLE_FileIO in Cannot find gdalvrt.xsd (GDAL_DATA is not defined)
2026-06-21 01:20:50,939  WARNING   CPLE_FileIO in Cannot find gdalvrt.xsd (GDAL_DATA is not defined)
2026-06-21 01:20:50,943  WARNING   CPLE_FileIO in Cannot find gdalvrt.xsd (GDAL_DATA is not defined)
2026-06-21 01:20:50,946  WARNING   CPLE_FileIO in Cannot find gdalvrt.xsd (GDAL_DATA is not defined)
2026-06-21 01:20:50,950  WARNING   CPLE_FileIO in Cannot find gdalvrt.xsd (GDAL_DATA is not defined)
2026-06-21 01:20:50,953  WARNING   CPLE_FileIO in Cannot find gdalvrt.xsd (GDAL_DATA is not defined)
2026-06-21 01:20:50,955  WARNING   CPLE_FileIO in Cannot find gdalvrt.xsd (GDAL_DATA is not defined)
2026-06-21 01:20:50,958  WARNING   CPLE_FileIO in Cannot find gdalvrt.xsd (GDAL_DATA is not defined)
2026-06-21 01:20:50,961  WARNING   CPLE_FileIO in Cannot find gdalvrt.xsd (GDAL_DATA is not defined)
2026-06-21 01:20:50,963  WARNING   CPLE_FileIO in Cannot find gdalvrt.xsd (GDAL_DATA is not defined)
2026-06-21 01:20:50,966  WARNING   CPLE_FileIO in Cannot find gdalvrt.xsd (GDAL_DATA is not defined)
2026-06-21 01:20:50,969  WARNING   CPLE_FileIO in Cannot find gdalvrt.xsd (GDAL_DATA is not defined)
2026-06-21 01:20:50,971  WARNING   CPLE_FileIO in Cannot find gdalvrt.xsd (GDAL_DATA is not defined)
2026-06-21 01:20:50,976  WARNING   CPLE_FileIO in Cannot find gdalvrt.xsd (GDAL_DATA is not defined)
2026-06-21 01:20:50,982  WARNING   CPLE_FileIO in Cannot find gdalvrt.xsd (GDAL_DATA is not defined)
2026-06-21 01:20:50,985  WARNING   CPLE_FileIO in Cannot find gdalvrt.xsd (GDAL_DATA is not defined)
2026-06-21 01:20:50,992  WARNING   CPLE_FileIO in Cannot find gdalvrt.xsd (GDAL_DATA is not defined)
2026-06-21 01:20:50,999  WARNING   CPLE_FileIO in Cannot find gdalvrt.xsd (GDAL_DATA is not defined)
2026-06-21 01:20:51,003  WARNING   CPLE_FileIO in Cannot find gdalvrt.xsd (GDAL_DATA is not defined)
2026-06-21 01:20:51,013  WARNING   CPLE_FileIO in Cannot find gdalvrt.xsd (GDAL_DATA is not defined)
2026-06-21 01:20:51,017  WARNING   CPLE_FileIO in Cannot find gdalvrt.xsd (GDAL_DATA is not defined)
2026-06-21 01:20:51,019  WARNING   CPLE_FileIO in Cannot find gdalvrt.xsd (GDAL_DATA is not defined)
2026-06-21 01:20:51,023  WARNING   CPLE_FileIO in Cannot find gdalvrt.xsd (GDAL_DATA is not defined)
2026-06-21 01:20:51,026  WARNING   CPLE_FileIO in Cannot find gdalvrt.xsd (GDAL_DATA is not defined)
2026-06-21 01:20:51,029  WARNING   CPLE_FileIO in Cannot find gdalvrt.xsd (GDAL_DATA is not defined)
2026-06-21 01:20:51,033  WARNING   CPLE_FileIO in Cannot find gdalvrt.xsd (GDAL_DATA is not defined)
2026-06-21 01:20:51,038  WARNING   CPLE_FileIO in Cannot find gdalvrt.xsd (GDAL_DATA is not defined)
2026-06-21 01:20:51,041  WARNING   CPLE_FileIO in Cannot find gdalvrt.xsd (GDAL_DATA is not defined)
2026-06-21 01:20:51,047  WARNING   CPLE_FileIO in Cannot find gdalvrt.xsd (GDAL_DATA is not defined)
2026-06-21 01:20:51,050  WARNING   CPLE_FileIO in Cannot find gdalvrt.xsd (GDAL_DATA is not defined)
2026-06-21 01:20:51,053  WARNING   CPLE_FileIO in Cannot find gdalvrt.xsd (GDAL_DATA is not defined)
2026-06-21 01:20:51,061  WARNING   CPLE_FileIO in Cannot find gdalvrt.xsd (GDAL_DATA is not defined)
2026-06-21 01:20:51,066  WARNING   CPLE_FileIO in Cannot find gdalvrt.xsd (GDAL_DATA is not defined)
2026-06-21 01:20:51,070  WARNING   CPLE_FileIO in Cannot find gdalvrt.xsd (GDAL_DATA is not defined)
2026-06-21 01:20:51,086  WARNING   CPLE_FileIO in Cannot find gdalvrt.xsd (GDAL_DATA is not defined)
2026-06-21 01:20:51,094  WARNING   CPLE_FileIO in Cannot find gdalvrt.xsd (GDAL_DATA is not defined)
2026-06-21 01:20:51,100  WARNING   CPLE_FileIO in Cannot find gdalvrt.xsd (GDAL_DATA is not defined)
2026-06-21 01:20:51,110  WARNING   CPLE_FileIO in Cannot find gdalvrt.xsd (GDAL_DATA is not defined)
2026-06-21 01:20:51,113  WARNING   CPLE_FileIO in Cannot find gdalvrt.xsd (GDAL_DATA is not defined)
2026-06-21 01:20:51,116  WARNING   CPLE_FileIO in Cannot find gdalvrt.xsd (GDAL_DATA is not defined)
2026-06-21 01:20:51,122  WARNING   CPLE_FileIO in Cannot find gdalvrt.xsd (GDAL_DATA is not defined)
2026-06-21 01:20:51,124  WARNING   CPLE_FileIO in Cannot find gdalvrt.xsd (GDAL_DATA is not defined)
2026-06-21 01:20:51,126  WARNING   CPLE_FileIO in Cannot find gdalvrt.xsd (GDAL_DATA is not defined)
2026-06-21 01:20:51,131  WARNING   CPLE_FileIO in Cannot find gdalvrt.xsd (GDAL_DATA is not defined)
2026-06-21 01:20:51,134  WARNING   CPLE_FileIO in Cannot find gdalvrt.xsd (GDAL_DATA is not defined)
2026-06-21 01:20:51,137  WARNING   CPLE_FileIO in Cannot find gdalvrt.xsd (GDAL_DATA is not defined)
2026-06-21 01:20:51,142  WARNING   CPLE_FileIO in Cannot find gdalvrt.xsd (GDAL_DATA is not defined)
2026-06-21 01:20:51,147  WARNING   CPLE_FileIO in Cannot find gdalvrt.xsd (GDAL_DATA is not defined)
2026-06-21 01:20:51,149  WARNING   CPLE_FileIO in Cannot find gdalvrt.xsd (GDAL_DATA is not defined)
2026-06-21 01:20:51,200  INFO        Tourist boost applied: 1.30x on 7 tourist-corridor routes (catchment-level, single multiplier).
2026-06-21 01:20:51,201  INFO        Population_Served     — max raw count : 235,448
2026-06-21 01:20:51,201  INFO        Population_Served_Pct — max: 14.18%  mean: 5.61%  (denominator: CMP 2024 total = 1,660,000)
2026-06-21 01:20:51,201  INFO      Counting POI weighted scores (250m buffer, 2-tier weights per Directive 5)…
2026-06-21 01:20:53,277  INFO        POI raw score mean: 6.5087  max: 21.1905
2026-06-21 01:20:53,283  INFO      Computing junction penalties (threshold=75°, 0.5 min/turn)…
2026-06-21 01:20:54,168  INFO        620 routes have junction penalties.
2026-06-21 01:20:54,169  INFO      Step 7: Computing REALISTIC cycle times (Directive 2)…
2026-06-21 01:20:54,169  INFO        Congestion: City_Core=2.2×  Peri_Urban=1.4×
2026-06-21 01:20:54,169  INFO        Stop spacing=500m, penalty=0.5 min/stop, layover buffer=10%
2026-06-21 01:20:54,230  INFO        Zone split — City_Core: 577  Peri_Urban: 43
2026-06-21 01:20:54,230  INFO        Cycle_Time_Min — mean: 96.6  max: 312.8  min: 9.4
2026-06-21 01:20:54,230  INFO        Per-km sanity cap (v3.3.1): 579 routes capped at {Urban:4.0 / Peri:2.5 / Inter:1.5} min/km × 2 directions.
2026-06-21 01:20:54,231  INFO      
── STEPS 1–2: Normalised Demand Scores ─────────────────────────────
2026-06-21 01:20:54,231  INFO      Step 1: Normalising population score from CMP 2024 percentages (0–1, 95th pct density cap — Directive 5)…
2026-06-21 01:20:54,236  INFO        Pct-density 95th pct cap = 0.5845 %/km  (raw max was 0.9097 %/km)
2026-06-21 01:20:54,236  INFO        29 routes capped at density ceiling (Pop_Score clipped to 1.0).
2026-06-21 01:20:54,237  INFO        Pop_Score mean: 0.5670  max: 1.0000  (based on % of CMP 2024 study-area population)
2026-06-21 01:20:54,237  INFO      Step 2: Normalising POI gravity score (0–1, 2-tier weights)…
2026-06-21 01:20:54,238  INFO        POI_Score mean: 0.2918  max: 1.0000
2026-06-21 01:20:54,238  INFO      
── ROUTE CLASSIFICATION ─────────────────────────────────────────────
2026-06-21 01:20:54,238  INFO      Computing corridor frequency scores (STRtree)…
2026-06-21 01:21:07,912  INFO        Frequency scores — mean: 357.6  max: 556
2026-06-21 01:21:07,916  INFO      Apportioning population among overlapping routes (frequency-weighted, normalised to the deduplicated union)…
2026-06-21 01:21:07,917  INFO      Computing deduplicated network population (dissolved union)…
2026-06-21 01:21:11,128  WARNING   CPLE_FileIO in Cannot find gdalvrt.xsd (GDAL_DATA is not defined)
2026-06-21 01:21:11,130  WARNING   CPLE_FileIO in Cannot find gdalvrt.xsd (GDAL_DATA is not defined)
2026-06-21 01:21:11,131  WARNING   CPLE_FileIO in Cannot find gdalvrt.xsd (GDAL_DATA is not defined)
2026-06-21 01:21:11,262  WARNING   CPLE_FileIO in Cannot find gdalvrt.xsd (GDAL_DATA is not defined)
2026-06-21 01:21:11,275  WARNING   CPLE_FileIO in Cannot find gdalvrt.xsd (GDAL_DATA is not defined)
2026-06-21 01:21:11,304  WARNING   CPLE_FileIO in Cannot find gdalvrt.xsd (GDAL_DATA is not defined)
2026-06-21 01:21:11,501  WARNING   CPLE_FileIO in Cannot find gdalvrt.xsd (GDAL_DATA is not defined)
2026-06-21 01:21:11,504  WARNING   CPLE_FileIO in Cannot find gdalvrt.xsd (GDAL_DATA is not defined)
2026-06-21 01:21:11,526  INFO        Deduplicated network population: 1,930,660  (37.81% of the 5,105,699 residents living in the study area; Srinagar CMP 2024 planning ref: 1,660,000)
2026-06-21 01:21:11,528  INFO        Apportioned Population_Served — Σ = 1,930,681 vs deduplicated union 1,930,660 (now reconciles with the cover figure; Finding 9 fixed).
2026-06-21 01:21:11,529  INFO      Computing pairwise overlap matrix (Multiprocessed)…
2026-06-21 01:21:11,594  INFO        Simplifying and buffering geometries at C-level...
2026-06-21 01:21:12,779  INFO        Building spatial index...
2026-06-21 01:21:12,779  INFO        Preparing parallel intersection tasks...
2026-06-21 01:21:12,867  INFO        Computing 619 route clusters across 15 CPU cores...
  Progress: [0/619] 0.0%Warning 3: Cannot find header.dxf (GDAL_DATA is not defined)
Warning 3: Cannot find header.dxf (GDAL_DATA is not defined)
Cannot find header.dxf (GDAL_DATA is not defined)
Cannot find header.dxf (GDAL_DATA is not defined)
Warning 3: Cannot find header.dxf (GDAL_DATA is not defined)
Warning 3: Cannot find header.dxf (GDAL_DATA is not defined)
Cannot find header.dxf (GDAL_DATA is not defined)
Warning 3: Cannot find header.dxf (GDAL_DATA is not defined)
Warning 3: Cannot find gdalvrt.xsd (GDAL_DATA is not defined)
Warning 3: Cannot find gdalvrt.xsd (GDAL_DATA is not defined)
Warning 3: Cannot find header.dxf (GDAL_DATA is not defined)
Cannot find header.dxf (GDAL_DATA is not defined)
Warning 3: Cannot find header.dxf (GDAL_DATA is not defined)
Warning 3: Cannot find header.dxf (GDAL_DATA is not defined)
Cannot find header.dxf (GDAL_DATA is not defined)
Warning 3: Cannot find header.dxf (GDAL_DATA is not defined)
Warning 3: Cannot find header.dxf (GDAL_DATA is not defined)
Warning 3: Cannot find header.dxf (GDAL_DATA is not defined)
Cannot find header.dxf (GDAL_DATA is not defined)
Warning 3: Cannot find header.dxf (GDAL_DATA is not defined)
Cannot find header.dxf (GDAL_DATA is not defined)
Cannot find header.dxf (GDAL_DATA is not defined)
Cannot find header.dxf (GDAL_DATA is not defined)
Warning 3: Cannot find header.dxf (GDAL_DATA is not defined)
Warning 3: Cannot find header.dxf (GDAL_DATA is not defined)
Warning 3: Cannot find header.dxf (GDAL_DATA is not defined)
Warning 3: Cannot find gdalvrt.xsd (GDAL_DATA is not defined)
Cannot find header.dxf (GDAL_DATA is not defined)
Cannot find header.dxf (GDAL_DATA is not defined)
Cannot find header.dxf (GDAL_DATA is not defined)
Cannot find header.dxf (GDAL_DATA is not defined)
Warning 3: Cannot find gdalvrt.xsd (GDAL_DATA is not defined)
Cannot find header.dxf (GDAL_DATA is not defined)
Cannot find header.dxf (GDAL_DATA is not defined)
Warning 3: Cannot find gdalvrt.xsd (GDAL_DATA is not defined)
Warning 3: Cannot find gdalvrt.xsd (GDAL_DATA is not defined)
Warning 3: Cannot find gdalvrt.xsd (GDAL_DATA is not defined)
Warning 3: Cannot find gdalvrt.xsd (GDAL_DATA is not defined)
Warning 3: Cannot find gdalvrt.xsd (GDAL_DATA is not defined)
Warning 3: Cannot find gdalvrt.xsd (GDAL_DATA is not defined)
Warning 3: Cannot find gdalvrt.xsd (GDAL_DATA is not defined)
Warning 3: Cannot find gdalvrt.xsd (GDAL_DATA is not defined)
Warning 3: Cannot find gdalvrt.xsd (GDAL_DATA is not defined)
Warning 3: Cannot find gdalvrt.xsd (GDAL_DATA is not defined)
Warning 3: Cannot find gdalvrt.xsd (GDAL_DATA is not defined)
  Progress: [1/619] 0.2%  Progress: [2/619] 0.3%  Progress: [3/619] 0.5%  Progress: [4/619] 0.6%  Progress: [5/619] 0.8%  Progress: [6/619] 1.0%  Progress: [7/619] 1.1%  Progress: [8/619] 1.3%  Progress: [9/619] 1.5%  Progress: [10/619] 1.6%  Progress: [11/619] 1.8%  Progress: [12/619] 1.9%  Progress: [13/619] 2.1%  Progress: [14/619] 2.3%  Progress: [15/619] 2.4%  Progress: [16/619] 2.6%  Progress: [17/619] 2.7%  Progress: [18/619] 2.9%  Progress: [19/619] 3.1%  Progress: [20/619] 3.2%  Progress: [21/619] 3.4%  Progress: [22/619] 3.6%  Progress: [23/619] 3.7%  Progress: [24/619] 3.9%  Progress: [25/619] 4.0%  Progress: [26/619] 4.2%  Progress: [27/619] 4.4%  Progress: [28/619] 4.5%  Progress: [29/619] 4.7%  Progress: [30/619] 4.8%  Progress: [31/619] 5.0%  Progress: [32/619] 5.2%  Progress: [33/619] 5.3%  Progress: [34/619] 5.5%  Progress: [35/619] 5.7%  Progress: [36/619] 5.8%  Progress: [37/619] 6.0%  Progress: [38/619] 6.1%  Progress: [39/619] 6.3%  Progress: [40/619] 6.5%  Progress: [41/619] 6.6%  Progress: [42/619] 6.8%  Progress: [43/619] 6.9%  Progress: [44/619] 7.1%  Progress: [45/619] 7.3%  Progress: [46/619] 7.4%  Progress: [47/619] 7.6%  Progress: [48/619] 7.8%  Progress: [49/619] 7.9%  Progress: [50/619] 8.1%  Progress: [51/619] 8.2%  Progress: [52/619] 8.4%  Progress: [53/619] 8.6%  Progress: [54/619] 8.7%  Progress: [55/619] 8.9%  Progress: [56/619] 9.0%  Progress: [57/619] 9.2%  Progress: [58/619] 9.4%  Progress: [59/619] 9.5%  Progress: [60/619] 9.7%  Progress: [61/619] 9.9%  Progress: [62/619] 10.0%  Progress: [63/619] 10.2%  Progress: [64/619] 10.3%  Progress: [65/619] 10.5%  Progress: [66/619] 10.7%  Progress: [67/619] 10.8%  Progress: [68/619] 11.0%  Progress: [69/619] 11.1%  Progress: [70/619] 11.3%  Progress: [71/619] 11.5%  Progress: [72/619] 11.6%  Progress: [73/619] 11.8%  Progress: [74/619] 12.0%  Progress: [75/619] 12.1%  Progress: [76/619] 12.3%  Progress: [77/619] 12.4%  Progress: [78/619] 12.6%  Progress: [79/619] 12.8%  Progress: [80/619] 12.9%  Progress: [81/619] 13.1%  Progress: [82/619] 13.2%  Progress: [83/619] 13.4%  Progress: [84/619] 13.6%  Progress: [85/619] 13.7%  Progress: [86/619] 13.9%  Progress: [87/619] 14.1%  Progress: [88/619] 14.2%  Progress: [89/619] 14.4%  Progress: [90/619] 14.5%  Progress: [91/619] 14.7%  Progress: [92/619] 14.9%  Progress: [93/619] 15.0%  Progress: [94/619] 15.2%  Progress: [95/619] 15.3%  Progress: [96/619] 15.5%  Progress: [97/619] 15.7%  Progress: [98/619] 15.8%  Progress: [99/619] 16.0%  Progress: [100/619] 16.2%  Progress: [101/619] 16.3%  Progress: [102/619] 16.5%  Progress: [103/619] 16.6%  Progress: [104/619] 16.8%  Progress: [105/619] 17.0%  Progress: [106/619] 17.1%  Progress: [107/619] 17.3%  Progress: [108/619] 17.4%  Progress: [109/619] 17.6%  Progress: [110/619] 17.8%  Progress: [111/619] 17.9%  Progress: [112/619] 18.1%  Progress: [113/619] 18.3%  Progress: [114/619] 18.4%  Progress: [115/619] 18.6%  Progress: [116/619] 18.7%  Progress: [117/619] 18.9%  Progress: [118/619] 19.1%  Progress: [119/619] 19.2%  Progress: [120/619] 19.4%  Progress: [121/619] 19.5%  Progress: [122/619] 19.7%  Progress: [123/619] 19.9%  Progress: [124/619] 20.0%  Progress: [125/619] 20.2%  Progress: [126/619] 20.4%  Progress: [127/619] 20.5%  Progress: [128/619] 20.7%  Progress: [129/619] 20.8%  Progress: [130/619] 21.0%  Progress: [131/619] 21.2%  Progress: [132/619] 21.3%  Progress: [133/619] 21.5%  Progress: [134/619] 21.6%  Progress: [135/619] 21.8%  Progress: [136/619] 22.0%  Progress: [137/619] 22.1%  Progress: [138/619] 22.3%  Progress: [139/619] 22.5%  Progress: [140/619] 22.6%  Progress: [141/619] 22.8%  Progress: [142/619] 22.9%  Progress: [143/619] 23.1%  Progress: [144/619] 23.3%  Progress: [145/619] 23.4%  Progress: [146/619] 23.6%  Progress: [147/619] 23.7%  Progress: [148/619] 23.9%  Progress: [149/619] 24.1%  Progress: [150/619] 24.2%  Progress: [151/619] 24.4%  Progress: [152/619] 24.6%  Progress: [153/619] 24.7%  Progress: [154/619] 24.9%  Progress: [155/619] 25.0%  Progress: [156/619] 25.2%  Progress: [157/619] 25.4%  Progress: [158/619] 25.5%  Progress: [159/619] 25.7%  Progress: [160/619] 25.8%  Progress: [161/619] 26.0%  Progress: [162/619] 26.2%  Progress: [163/619] 26.3%  Progress: [164/619] 26.5%  Progress: [165/619] 26.7%  Progress: [166/619] 26.8%  Progress: [167/619] 27.0%  Progress: [168/619] 27.1%  Progress: [169/619] 27.3%  Progress: [170/619] 27.5%  Progress: [171/619] 27.6%  Progress: [172/619] 27.8%  Progress: [173/619] 27.9%  Progress: [174/619] 28.1%  Progress: [175/619] 28.3%  Progress: [176/619] 28.4%  Progress: [177/619] 28.6%  Progress: [178/619] 28.8%  Progress: [179/619] 28.9%  Progress: [180/619] 29.1%  Progress: [181/619] 29.2%  Progress: [182/619] 29.4%  Progress: [183/619] 29.6%  Progress: [184/619] 29.7%  Progress: [185/619] 29.9%  Progress: [186/619] 30.0%  Progress: [187/619] 30.2%  Progress: [188/619] 30.4%  Progress: [189/619] 30.5%  Progress: [190/619] 30.7%  Progress: [191/619] 30.9%  Progress: [192/619] 31.0%  Progress: [193/619] 31.2%  Progress: [194/619] 31.3%  Progress: [195/619] 31.5%  Progress: [196/619] 31.7%  Progress: [197/619] 31.8%  Progress: [198/619] 32.0%  Progress: [199/619] 32.1%  Progress: [200/619] 32.3%  Progress: [201/619] 32.5%  Progress: [202/619] 32.6%  Progress: [203/619] 32.8%  Progress: [204/619] 33.0%  Progress: [205/619] 33.1%  Progress: [206/619] 33.3%  Progress: [207/619] 33.4%  Progress: [208/619] 33.6%  Progress: [209/619] 33.8%  Progress: [210/619] 33.9%  Progress: [211/619] 34.1%  Progress: [212/619] 34.2%  Progress: [213/619] 34.4%  Progress: [214/619] 34.6%  Progress: [215/619] 34.7%  Progress: [216/619] 34.9%  Progress: [217/619] 35.1%  Progress: [218/619] 35.2%  Progress: [219/619] 35.4%  Progress: [220/619] 35.5%  Progress: [221/619] 35.7%  Progress: [222/619] 35.9%  Progress: [223/619] 36.0%  Progress: [224/619] 36.2%  Progress: [225/619] 36.3%  Progress: [226/619] 36.5%  Progress: [227/619] 36.7%  Progress: [228/619] 36.8%  Progress: [229/619] 37.0%  Progress: [230/619] 37.2%  Progress: [231/619] 37.3%  Progress: [232/619] 37.5%  Progress: [233/619] 37.6%  Progress: [234/619] 37.8%  Progress: [235/619] 38.0%  Progress: [236/619] 38.1%  Progress: [237/619] 38.3%  Progress: [238/619] 38.4%  Progress: [239/619] 38.6%  Progress: [240/619] 38.8%  Progress: [241/619] 38.9%  Progress: [242/619] 39.1%  Progress: [243/619] 39.3%  Progress: [244/619] 39.4%  Progress: [245/619] 39.6%  Progress: [246/619] 39.7%  Progress: [247/619] 39.9%  Progress: [248/619] 40.1%  Progress: [249/619] 40.2%  Progress: [250/619] 40.4%  Progress: [251/619] 40.5%  Progress: [252/619] 40.7%  Progress: [253/619] 40.9%  Progress: [254/619] 41.0%  Progress: [255/619] 41.2%  Progress: [256/619] 41.4%  Progress: [257/619] 41.5%  Progress: [258/619] 41.7%  Progress: [259/619] 41.8%  Progress: [260/619] 42.0%  Progress: [261/619] 42.2%  Progress: [262/619] 42.3%  Progress: [263/619] 42.5%  Progress: [264/619] 42.6%  Progress: [265/619] 42.8%  Progress: [266/619] 43.0%  Progress: [267/619] 43.1%  Progress: [268/619] 43.3%  Progress: [269/619] 43.5%  Progress: [270/619] 43.6%  Progress: [271/619] 43.8%  Progress: [272/619] 43.9%  Progress: [273/619] 44.1%  Progress: [274/619] 44.3%  Progress: [275/619] 44.4%  Progress: [276/619] 44.6%  Progress: [277/619] 44.7%  Progress: [278/619] 44.9%  Progress: [279/619] 45.1%  Progress: [280/619] 45.2%  Progress: [281/619] 45.4%  Progress: [282/619] 45.6%  Progress: [283/619] 45.7%  Progress: [284/619] 45.9%  Progress: [285/619] 46.0%  Progress: [286/619] 46.2%  Progress: [287/619] 46.4%  Progress: [288/619] 46.5%  Progress: [289/619] 46.7%  Progress: [290/619] 46.8%  Progress: [291/619] 47.0%  Progress: [292/619] 47.2%  Progress: [293/619] 47.3%  Progress: [294/619] 47.5%  Progress: [295/619] 47.7%  Progress: [296/619] 47.8%  Progress: [297/619] 48.0%  Progress: [298/619] 48.1%  Progress: [299/619] 48.3%  Progress: [300/619] 48.5%  Progress: [301/619] 48.6%  Progress: [302/619] 48.8%  Progress: [303/619] 48.9%  Progress: [304/619] 49.1%  Progress: [305/619] 49.3%  Progress: [306/619] 49.4%  Progress: [307/619] 49.6%  Progress: [308/619] 49.8%  Progress: [309/619] 49.9%  Progress: [310/619] 50.1%  Progress: [311/619] 50.2%  Progress: [312/619] 50.4%  Progress: [313/619] 50.6%  Progress: [314/619] 50.7%  Progress: [315/619] 50.9%  Progress: [316/619] 51.1%  Progress: [317/619] 51.2%  Progress: [318/619] 51.4%  Progress: [319/619] 51.5%  Progress: [320/619] 51.7%  Progress: [321/619] 51.9%  Progress: [322/619] 52.0%  Progress: [323/619] 52.2%  Progress: [324/619] 52.3%  Progress: [325/619] 52.5%  Progress: [326/619] 52.7%  Progress: [327/619] 52.8%  Progress: [328/619] 53.0%  Progress: [329/619] 53.2%  Progress: [330/619] 53.3%  Progress: [331/619] 53.5%  Progress: [332/619] 53.6%  Progress: [333/619] 53.8%  Progress: [334/619] 54.0%  Progress: [335/619] 54.1%  Progress: [336/619] 54.3%  Progress: [337/619] 54.4%  Progress: [338/619] 54.6%  Progress: [339/619] 54.8%  Progress: [340/619] 54.9%  Progress: [341/619] 55.1%  Progress: [342/619] 55.3%  Progress: [343/619] 55.4%  Progress: [344/619] 55.6%  Progress: [345/619] 55.7%  Progress: [346/619] 55.9%  Progress: [347/619] 56.1%  Progress: [348/619] 56.2%  Progress: [349/619] 56.4%  Progress: [350/619] 56.5%  Progress: [351/619] 56.7%  Progress: [352/619] 56.9%  Progress: [353/619] 57.0%  Progress: [354/619] 57.2%  Progress: [355/619] 57.4%  Progress: [356/619] 57.5%  Progress: [357/619] 57.7%  Progress: [358/619] 57.8%  Progress: [359/619] 58.0%  Progress: [360/619] 58.2%  Progress: [361/619] 58.3%  Progress: [362/619] 58.5%  Progress: [363/619] 58.6%  Progress: [364/619] 58.8%  Progress: [365/619] 59.0%  Progress: [366/619] 59.1%  Progress: [367/619] 59.3%  Progress: [368/619] 59.5%  Progress: [369/619] 59.6%  Progress: [370/619] 59.8%  Progress: [371/619] 59.9%  Progress: [372/619] 60.1%  Progress: [373/619] 60.3%  Progress: [374/619] 60.4%  Progress: [375/619] 60.6%  Progress: [376/619] 60.7%  Progress: [377/619] 60.9%  Progress: [378/619] 61.1%  Progress: [379/619] 61.2%  Progress: [380/619] 61.4%  Progress: [381/619] 61.6%  Progress: [382/619] 61.7%  Progress: [383/619] 61.9%  Progress: [384/619] 62.0%  Progress: [385/619] 62.2%  Progress: [386/619] 62.4%  Progress: [387/619] 62.5%  Progress: [388/619] 62.7%  Progress: [389/619] 62.8%  Progress: [390/619] 63.0%  Progress: [391/619] 63.2%  Progress: [392/619] 63.3%  Progress: [393/619] 63.5%  Progress: [394/619] 63.7%  Progress: [395/619] 63.8%  Progress: [396/619] 64.0%  Progress: [397/619] 64.1%  Progress: [398/619] 64.3%  Progress: [399/619] 64.5%  Progress: [400/619] 64.6%  Progress: [401/619] 64.8%  Progress: [402/619] 64.9%  Progress: [403/619] 65.1%  Progress: [404/619] 65.3%  Progress: [405/619] 65.4%  Progress: [406/619] 65.6%  Progress: [407/619] 65.8%  Progress: [408/619] 65.9%  Progress: [409/619] 66.1%  Progress: [410/619] 66.2%  Progress: [411/619] 66.4%  Progress: [412/619] 66.6%  Progress: [413/619] 66.7%  Progress: [414/619] 66.9%  Progress: [415/619] 67.0%  Progress: [416/619] 67.2%  Progress: [417/619] 67.4%  Progress: [418/619] 67.5%  Progress: [419/619] 67.7%  Progress: [420/619] 67.9%  Progress: [421/619] 68.0%  Progress: [422/619] 68.2%  Progress: [423/619] 68.3%  Progress: [424/619] 68.5%  Progress: [425/619] 68.7%  Progress: [426/619] 68.8%  Progress: [427/619] 69.0%  Progress: [428/619] 69.1%  Progress: [429/619] 69.3%  Progress: [430/619] 69.5%  Progress: [431/619] 69.6%  Progress: [432/619] 69.8%  Progress: [433/619] 70.0%  Progress: [434/619] 70.1%  Progress: [435/619] 70.3%  Progress: [436/619] 70.4%  Progress: [437/619] 70.6%  Progress: [438/619] 70.8%  Progress: [439/619] 70.9%  Progress: [440/619] 71.1%  Progress: [441/619] 71.2%  Progress: [442/619] 71.4%  Progress: [443/619] 71.6%  Progress: [444/619] 71.7%  Progress: [445/619] 71.9%  Progress: [446/619] 72.1%  Progress: [447/619] 72.2%  Progress: [448/619] 72.4%  Progress: [449/619] 72.5%  Progress: [450/619] 72.7%  Progress: [451/619] 72.9%  Progress: [452/619] 73.0%  Progress: [453/619] 73.2%  Progress: [454/619] 73.3%  Progress: [455/619] 73.5%  Progress: [456/619] 73.7%  Progress: [457/619] 73.8%  Progress: [458/619] 74.0%  Progress: [459/619] 74.2%  Progress: [460/619] 74.3%  Progress: [461/619] 74.5%  Progress: [462/619] 74.6%  Progress: [463/619] 74.8%  Progress: [464/619] 75.0%  Progress: [465/619] 75.1%  Progress: [466/619] 75.3%  Progress: [467/619] 75.4%  Progress: [468/619] 75.6%  Progress: [469/619] 75.8%  Progress: [470/619] 75.9%  Progress: [471/619] 76.1%  Progress: [472/619] 76.3%  Progress: [473/619] 76.4%  Progress: [474/619] 76.6%  Progress: [475/619] 76.7%  Progress: [476/619] 76.9%  Progress: [477/619] 77.1%  Progress: [478/619] 77.2%  Progress: [479/619] 77.4%  Progress: [480/619] 77.5%  Progress: [481/619] 77.7%  Progress: [482/619] 77.9%  Progress: [483/619] 78.0%  Progress: [484/619] 78.2%  Progress: [485/619] 78.4%  Progress: [486/619] 78.5%  Progress: [487/619] 78.7%  Progress: [488/619] 78.8%  Progress: [489/619] 79.0%  Progress: [490/619] 79.2%  Progress: [491/619] 79.3%  Progress: [492/619] 79.5%  Progress: [493/619] 79.6%  Progress: [494/619] 79.8%  Progress: [495/619] 80.0%  Progress: [496/619] 80.1%  Progress: [497/619] 80.3%  Progress: [498/619] 80.5%  Progress: [499/619] 80.6%  Progress: [500/619] 80.8%  Progress: [501/619] 80.9%  Progress: [502/619] 81.1%  Progress: [503/619] 81.3%  Progress: [504/619] 81.4%  Progress: [505/619] 81.6%  Progress: [506/619] 81.7%  Progress: [507/619] 81.9%  Progress: [508/619] 82.1%  Progress: [509/619] 82.2%  Progress: [510/619] 82.4%  Progress: [511/619] 82.6%  Progress: [512/619] 82.7%  Progress: [513/619] 82.9%  Progress: [514/619] 83.0%  Progress: [515/619] 83.2%  Progress: [516/619] 83.4%  Progress: [517/619] 83.5%  Progress: [518/619] 83.7%  Progress: [519/619] 83.8%  Progress: [520/619] 84.0%  Progress: [521/619] 84.2%  Progress: [522/619] 84.3%  Progress: [523/619] 84.5%  Progress: [524/619] 84.7%  Progress: [525/619] 84.8%  Progress: [526/619] 85.0%  Progress: [527/619] 85.1%  Progress: [528/619] 85.3%  Progress: [529/619] 85.5%  Progress: [530/619] 85.6%  Progress: [531/619] 85.8%  Progress: [532/619] 85.9%  Progress: [533/619] 86.1%  Progress: [534/619] 86.3%  Progress: [535/619] 86.4%  Progress: [536/619] 86.6%  Progress: [537/619] 86.8%  Progress: [538/619] 86.9%  Progress: [539/619] 87.1%  Progress: [540/619] 87.2%  Progress: [541/619] 87.4%  Progress: [542/619] 87.6%  Progress: [543/619] 87.7%  Progress: [544/619] 87.9%  Progress: [545/619] 88.0%  Progress: [546/619] 88.2%  Progress: [547/619] 88.4%  Progress: [548/619] 88.5%  Progress: [549/619] 88.7%  Progress: [550/619] 88.9%  Progress: [551/619] 89.0%  Progress: [552/619] 89.2%  Progress: [553/619] 89.3%  Progress: [554/619] 89.5%  Progress: [555/619] 89.7%  Progress: [556/619] 89.8%  Progress: [557/619] 90.0%  Progress: [558/619] 90.1%  Progress: [559/619] 90.3%  Progress: [560/619] 90.5%  Progress: [561/619] 90.6%  Progress: [562/619] 90.8%  Progress: [563/619] 91.0%  Progress: [564/619] 91.1%  Progress: [565/619] 91.3%  Progress: [566/619] 91.4%  Progress: [567/619] 91.6%  Progress: [568/619] 91.8%  Progress: [569/619] 91.9%  Progress: [570/619] 92.1%  Progress: [571/619] 92.2%  Progress: [572/619] 92.4%  Progress: [573/619] 92.6%  Progress: [574/619] 92.7%  Progress: [575/619] 92.9%  Progress: [576/619] 93.1%  Progress: [577/619] 93.2%  Progress: [578/619] 93.4%  Progress: [579/619] 93.5%  Progress: [580/619] 93.7%  Progress: [581/619] 93.9%  Progress: [582/619] 94.0%  Progress: [583/619] 94.2%  Progress: [584/619] 94.3%  Progress: [585/619] 94.5%  Progress: [586/619] 94.7%  Progress: [587/619] 94.8%  Progress: [588/619] 95.0%  Progress: [589/619] 95.2%  Progress: [590/619] 95.3%  Progress: [591/619] 95.5%  Progress: [592/619] 95.6%  Progress: [593/619] 95.8%  Progress: [594/619] 96.0%  Progress: [595/619] 96.1%  Progress: [596/619] 96.3%  Progress: [597/619] 96.4%  Progress: [598/619] 96.6%  Progress: [599/619] 96.8%  Progress: [600/619] 96.9%  Progress: [601/619] 97.1%  Progress: [602/619] 97.3%  Progress: [603/619] 97.4%  Progress: [604/619] 97.6%  Progress: [605/619] 97.7%  Progress: [606/619] 97.9%  Progress: [607/619] 98.1%  Progress: [608/619] 98.2%  Progress: [609/619] 98.4%  Progress: [610/619] 98.5%  Progress: [611/619] 98.7%  Progress: [612/619] 98.9%  Progress: [613/619] 99.0%  Progress: [614/619] 99.2%  Progress: [615/619] 99.4%  Progress: [616/619] 99.5%  Progress: [617/619] 99.7%  Progress: [618/619] 99.8%  Progress: [619/619] 100.0%
2026-06-21 01:21:25,763  INFO        Overlap matrix (620×620) done  (parallel execution).
2026-06-21 01:21:25,780  INFO      Union-Find clustering (threshold=65%)…
2026-06-21 01:21:25,796  INFO        9 clusters formed.
2026-06-21 01:21:25,803  INFO      Classifying routes — v3 aggressive trunk rules…
2026-06-21 01:21:25,803  INFO        CDI gate: 30th percentile (was 50th in v2)
2026-06-21 01:21:25,803  INFO        Anti-stranding: routes < 5.0 km ineligible for Trunk
2026-06-21 01:21:25,803  INFO        CMP connectivity bonus: 1.5× for routes intersecting CMP backbone
2026-06-21 01:21:25,805  INFO        Demand gate threshold (30th pct): 0.5649
2026-06-21 01:21:26,392  INFO        CMP backbone union built from 64 trunk geometries.
2026-06-21 01:21:27,396  INFO        v3 gate (30th pct) — 3 clusters had no eligible Trunk (all assigned as feeders).
2026-06-21 01:21:27,398  INFO        Trunks: 66 | Merged: 10 | Feeders: 544
2026-06-21 01:21:27,409  INFO        Displaced operator summary (10 routes merged):
2026-06-21 01:21:27,409  INFO          Private Minibus                : 6 permits absorbed
2026-06-21 01:21:27,409  INFO          LPV / Tempo                    : 4 permits absorbed
2026-06-21 01:21:27,414  INFO      Applying terminal capacity constraints…
2026-06-21 01:21:27,459  INFO        0 trunks capacity-downgraded to feeder.
2026-06-21 01:21:27,459  INFO      Consolidating duplicate feeder permits (Finding 8 over-fleeting)…
2026-06-21 01:21:27,583  INFO        Duplicate-permit consolidation: 72 corridors carried duplicates (largest = 42 permits); 438 redundant feeder permits consolidated into representatives (Finding 8 over-fleeting removed).
2026-06-21 01:21:27,583  INFO      
── STEPS 3–9: CDI Pipeline ──────────────────────────────────────────
2026-06-21 01:21:27,583  INFO      Step 3: Assigning Road_Multiplier (Action_Taken fallback)…
2026-06-21 01:21:27,584  INFO        Road_Multiplier — Trunk: 1.25  Feeder: 0.75
2026-06-21 01:21:27,584  INFO      Step 4a: Computing Final_CDI = Pop×0.50 + POI×0.50 (Road_Multiplier moved to Step-5 tie-breaker in v3.2)…
2026-06-21 01:21:27,586  INFO        Final_CDI mean: 0.4294  max: 1.0000  min: 0.0152
2026-06-21 01:21:27,586  INFO      Step 4b: Computing Social_Flag (500m buffer, 11 attractors)…
2026-06-21 01:21:28,182  INFO        211 routes flagged as Social Obligation.
2026-06-21 01:21:28,184  INFO      Step 5: Assigning Priority Bands via Jenks Natural Breaks (Road_Multiplier acts as tie-breaker near band edges)…
2026-06-21 01:21:28,187  INFO        Jenks breaks → LP < 0.3208  ≤ MP < 0.6215  ≤ HP
2026-06-21 01:21:28,190  INFO        CMP lock: 36 SSCL trunk(s) re-elevated to HP after Jenks.
2026-06-21 01:21:28,196  INFO        Priority bands — HP: 163  MP: 305  LP: 152  (34 Social LP→MP, 0 District-HQ LP→MP, 15 road-promoted, 2 road-demoted)
2026-06-21 01:21:28,199  INFO      Step 5b (v3.3.1 +0.20 delta): 8 non-SSCL routes at/above strongest SSCL trunk (max_sscl_cdi=0.9758); 40 SSCL routes below strongest non-SSCL by ≥0.20 (max_non_sscl_cdi=1.0000). Planner review only; no auto-reclassification.
2026-06-21 01:21:28,199  INFO      Step 6: Assigning headways by Priority Band + Route_Type…
2026-06-21 01:21:28,199  INFO        SSCL Trunk routes: hardcoded 15 min (SSCL operational target)
2026-06-21 01:21:28,199  INFO        Urban/Peri-Urban: HP=20  MP=35  LP=35 min
2026-06-21 01:21:28,199  INFO        Regional_District lifelines: HP=35  MP=35 min
2026-06-21 01:21:28,208  INFO        41 SSCL Trunk routes → hardcoded 15-min headway.
2026-06-21 01:21:28,208  INFO        94 Regional_District routes assigned relaxed headways.
2026-06-21 01:21:28,208  INFO        Max headway in plan: 35 min (ceiling 35).
2026-06-21 01:21:28,208  INFO      Step 8: Computing Fleet_Required = CEILING(Cycle_Time / Headway) × spare_ratio 1.15. Floors: Urban/Peri=2  Regional_District=1.
2026-06-21 01:21:28,232  INFO        Floors hit — Urban/Peri raised to 2: 0 routes; Regional_District raised to 1: 0 routes.
2026-06-21 01:21:28,233  INFO        Fleet_Required — mean: 4.9  max: 15  total: 3018
2026-06-21 01:21:28,233  INFO      Step 9: Computing HPV/MPV/LPV vehicle split (v3.2 Route_KM-bracketed + SSCL table override)…
2026-06-21 01:21:28,348  INFO        HPV total: 820  MPV total: 2117  LPV total: 84  (SSCL table override applied to 41 routes)
2026-06-21 01:21:28,351  INFO        Zeroed fleet for 448 MERGED_INTO_TRUNK routes.
2026-06-21 01:21:28,351  INFO      Phase 4: computing derived per-route KPIs (Load_Ratio, Journey_Time, Viability, Emissions, Equity)…
2026-06-21 01:21:28,366  INFO        Load_Flag: Green=7  Amber_Under=162  Amber_Tight=0  Red_Overload=3  Red_NoCap=0
2026-06-21 01:21:28,366  INFO        Pax journey time >45 min: 160 routes
2026-06-21 01:21:28,366  INFO        Subsidy risk (viability<0.60, non-social): 133 routes
2026-06-21 01:21:28,366  INFO        Tourist corridors active: 5  |  Winter-suspended: 0
2026-06-21 01:21:28,367  INFO      
── QC CHECKS ────────────────────────────────────────────────────────
2026-06-21 01:21:28,367  INFO      Running QC checks (8 checks — v3 HPV/MPV only policy)…
2026-06-21 01:21:28,368  INFO        ✓ Check 1: Vehicle count integrity — HPV+MPV+LPV = Fleet_Required for all rows.
2026-06-21 01:21:28,368  INFO        ✓ Check 2: LPV check bypassed — LPV retention enabled in v3.1.
2026-06-21 01:21:28,369  INFO        ✓ Check 3: No null Priority_Band values.
2026-06-21 01:21:28,369  INFO        ✓ Check 4: Bypassed (feeders can have HPVs based on vehicle category).
2026-06-21 01:21:28,373  INFO        ✓ Check 5: All non-SSCL trunks ≥12 km have HPV_Count > 0  (10 short trunks <12 km and 30 SSCL all-9m trunks legitimately MPV-only).
2026-06-21 01:21:28,376  INFO        ✓ Check 6: All active routes have Fleet_Required > 0 (total fleet = 1053).
2026-06-21 01:21:28,379  INFO        ✓ Check 7: All 41 matched SSCL trunks confirmed HP (30/30 SSCL IDs matched).
2026-06-21 01:21:28,380  INFO        ✓ Check 8: No Social Obligation routes in LP band.
2026-06-21 01:21:28,382  INFO        ✓ Check CMP: All 41 CMP-injected routes confirmed as UPGRADED_TO_TRUNK.
2026-06-21 01:21:28,387  INFO        ✓ QC-Geocode: no active route endpoint at the Srinagar centroid.
2026-06-21 01:21:28,396  WARNING     ⚠ QC-DUPCORR — 1 O–D corridor(s) carry >1 independently-fleeted route; worst = 2 routes / 14 buses on one corridor (Finding 8). (non-blocking — set KASHMIR_STRICT_QC=1 to block)
2026-06-21 01:21:28,397  WARNING     ⚠ QC-LOAD — mean Load_Ratio 0.126 is implausibly low (<0.20): demand base / fleet sizing need reconciliation (Findings 8/9/10). (non-blocking — set KASHMIR_STRICT_QC=1 to block)
2026-06-21 01:21:28,397  INFO        ✓ ALL QC CHECKS PASSED — workbook ready for export.
2026-06-21 01:21:28,398  INFO      Computing deduplicated network population (dissolved union)…
2026-06-21 01:21:31,932  WARNING   CPLE_FileIO in Cannot find gdalvrt.xsd (GDAL_DATA is not defined)
2026-06-21 01:21:31,934  WARNING   CPLE_FileIO in Cannot find gdalvrt.xsd (GDAL_DATA is not defined)
2026-06-21 01:21:31,935  WARNING   CPLE_FileIO in Cannot find gdalvrt.xsd (GDAL_DATA is not defined)
2026-06-21 01:21:32,013  WARNING   CPLE_FileIO in Cannot find gdalvrt.xsd (GDAL_DATA is not defined)
2026-06-21 01:21:32,024  WARNING   CPLE_FileIO in Cannot find gdalvrt.xsd (GDAL_DATA is not defined)
2026-06-21 01:21:32,058  WARNING   CPLE_FileIO in Cannot find gdalvrt.xsd (GDAL_DATA is not defined)
2026-06-21 01:21:32,264  INFO        Deduplicated network population: 1,930,660  (37.81% of the 5,105,699 residents living in the study area; Srinagar CMP 2024 planning ref: 1,660,000)
2026-06-21 01:21:32,266  INFO      ====================================================================
2026-06-21 01:21:32,266  INFO        NETWORK EFFICIENCY SUMMARY (v3)
2026-06-21 01:21:32,266  INFO        Deduplicated Pop. Served : 1,930,660 residents
2026-06-21 01:21:32,266  INFO        Active Fleet Required    : 1053 buses
2026-06-21 01:21:32,266  INFO        Fleet Efficiency         : 1833 res/bus
2026-06-21 01:21:32,266  INFO        SSCL Backbone Trunks     : 41 routes (hardcoded 15-min headway)
2026-06-21 01:21:32,266  INFO        Routes > 40km (lifelines): 94 (Directive 1 — retained, not dropped)
2026-06-21 01:21:32,266  INFO        LPV fleet                : 0 (eradicated in v3)
2026-06-21 01:21:32,266  INFO      ====================================================================
2026-06-21 01:21:32,270  INFO        Reconciled active Population_Served to the dedup union 1,930,660 (Σ active = 1,930,655; Finding 9 / Output #2 fully closed).
2026-06-21 01:21:32,270  INFO      
── PHASE 3: Rationalisation Log ─────────────────────────────────────
2026-06-21 01:21:32,270  INFO      Generating Rationalisation Log → Rationalisation_Log_Kashmir_v3.csv
2026-06-21 01:21:32,309  INFO        Log written: 620 rows.
2026-06-21 01:21:32,309  INFO      
── PHASE 4: Cartography & Export ────────────────────────────────────
2026-06-21 01:21:32,317  INFO        Route names normalised to consistent Title Case (via preserved).
2026-06-21 01:21:32,317  INFO      Building master transit map → Master_Transit_Map_Kashmir_v3.html
2026-06-21 01:21:32,990  INFO        Master map saved.
2026-06-21 01:21:33,001  INFO      Building individual route maps → route_maps_kashmir/
2026-06-21 01:21:37,325  INFO        161 individual maps saved.
2026-06-21 01:21:37,326  INFO      Assigning Route_Code from master stops file…
2026-06-21 01:21:38,385  INFO        Route_Code: 599/620 matched from stops master · 19 backfilled from dashboard · 2 remaining UNMATCHED · 9 disambiguated for uniqueness (M4 fix).
2026-06-21 01:21:38,391  INFO        ✓ QC-Codes: all 172 real active route codes are unique.
2026-06-21 01:21:38,391  INFO      Exporting CSV → Rationalised_Routes_Kashmir_v3.csv
2026-06-21 01:21:38,411  INFO        CSV written: 620 rows.
2026-06-21 01:21:38,412  INFO      Exporting XLSX → Kashmir_Route_Frequency_Plan_v3.xlsx
2026-06-21 01:21:40,188  INFO        XLSX written: 620 data rows, 4 sheets.
2026-06-21 01:21:40,188  INFO      Exporting RTO-Ready XLSX (Professional) → Kashmir_Route_Frequency_Plan_v3.3.8_RTO.xlsx
2026-06-21 01:21:40,230  INFO        RTO XLSX: loaded 420 Route_Code mappings from dashboard routes.json
2026-06-21 01:21:44,368  INFO        RTO-Ready XLSX written: 9 sheets with professional styling.
2026-06-21 01:21:44,369  INFO      Exporting Passenger Impact → Passenger_Impact_Kashmir_v3.csv
2026-06-21 01:21:44,376  INFO        Passenger impact written: 172 rows.
2026-06-21 01:21:44,377  INFO      Exporting Network GeoJSON → Rationalised_Routes_Kashmir_v3.geojson
Warning 3: Cannot find header.dxf (GDAL_DATA is not defined)
D:\plotting\ana\Lib\site-packages\pyogrio\core.py:34: RuntimeWarning: Could not detect GDAL data files. Set GDAL_DATA environment variable to the correct path.
  _init_gdal_data()
2026-06-21 01:21:44,861  INFO      Created 172 records
2026-06-21 01:21:44,861  INFO        GeoJSON written: 172 active features.
2026-06-21 01:21:44,867  INFO        Route disposition written: 620 kept + 24 dropped = 644 rows → Route_Disposition_Kashmir_v3.csv
2026-06-21 01:21:44,869  INFO      
======================================================================
2026-06-21 01:21:44,869  INFO        PIPELINE v3 COMPLETE  (77.3 s)
2026-06-21 01:21:44,869  INFO        Total routes in dataset : 620 (no length truncation — D1)
2026-06-21 01:21:44,870  INFO        Active routes           : 172  (Trunk: 43  Feeder: 129  Merged: 448)
2026-06-21 01:21:44,870  INFO        SSCL backbone trunks    : 41 / 30 matched (15-min headway)
2026-06-21 01:21:44,870  INFO        Route types             : Urban=330  Peri_Urban=196  Regional_District=94
2026-06-21 01:21:44,871  INFO        Priority bands          : HP=65  MP=55  LP=52  (Social: 39)
2026-06-21 01:21:44,871  INFO        Total fleet             : 1053 buses (HPV: 170  MPV: 799  LPV: 84)
2026-06-21 01:21:44,873  INFO        Displaced operator permits (448 total — absorbed into trunk network):
2026-06-21 01:21:44,873  INFO          Private Minibus                : 329
2026-06-21 01:21:44,874  INFO          LPV / Tempo                    : 75
2026-06-21 01:21:44,874  INFO          JKRTC / City Bus               : 34
2026-06-21 01:21:44,874  INFO          MPS (Stage Carriage)           : 10
2026-06-21 01:21:44,874  INFO        NOTE: Operator absorption or buyback recommendations needed before plan submission. See Displaced_Operator_Class column.
2026-06-21 01:21:44,874  INFO        Trunk vehicle split     : Route_KM-bracketed (<12km: 100%% MPV | 12-22km: 50/50 | 22+km: 50/50)  + SSCL empirical table capped at 50%% HPV (v3.3.7 — neither class a majority)
2026-06-21 01:21:44,874  INFO        Feeder vehicle split    : 100%% MPV (city bus / unknown), 30/70 HPV/MPV (regular/MPS), 100%% LPV (LPV category)
2026-06-21 01:21:44,874  INFO        Network pop.            : 1,930,660 residents  (37.81% of the 5,105,699 in the study area; Srinagar CMP 2024 ref: 1,660,000)
2026-06-21 01:21:44,874  INFO        Jenks engine            : jenkspy
2026-06-21 01:21:44,874  INFO        Outputs:
2026-06-21 01:21:44,874  INFO          Kashmir_Route_Frequency_Plan_v3.xlsx          4-sheet workbook
2026-06-21 01:21:44,874  INFO          Master_Transit_Map_Kashmir_v3.html            sidebar + KPI map
2026-06-21 01:21:44,874  INFO          Rationalisation_Log_Kashmir_v3.csv            full audit log
2026-06-21 01:21:44,874  INFO          Passenger_Impact_Kashmir_v3.csv               passenger impact
2026-06-21 01:21:44,874  INFO          Rationalised_Routes_Kashmir_v3.csv            operational CSV
2026-06-21 01:21:44,874  INFO          Rationalised_Routes_Kashmir_v3.geojson        GeoJSON network
2026-06-21 01:21:44,874  INFO        Generating PowerPoint presentations…
Wrote:
  .\Kashmir_Transit_Technical_Briefing.pptx
  .\Kashmir_Transit_Government_Briefing.pptx
Stats source: Rationalised_Routes_Kashmir_v3.csv
2026-06-21 01:21:46,999  INFO          Kashmir_Transit_Technical_Briefing.pptx
2026-06-21 01:21:46,999  INFO          Kashmir_Transit_Government_Briefing.pptx
2026-06-21 01:21:47,000  INFO      ======================================================================
