{"type": "FeatureCollection", "features": [{"type": "Feature", "properties": {"tehsil": "Dooru tehsil", "district": "Anantnag"}, "geometry": {"type": "MultiPolygon", "coordinates": [[[[75.102936, 33.6775149], [75.101745, 33.6725149], [75.1125169, 33.6716399], [75.1189112, 33.6704078], [75.1224303, 33.666086], [75.1264, 33.6606032], [75.1230955, 33.6584957], [75.1163148, 33.6583528], [75.1091908, 33.6608175], [75.1101779, 33.6469929], [75.111165, 33.6441347], [75.1054573, 33.6346666], [75.106058, 33.6300572], [75.1088905, 33.6262695], [75.1124525, 33.6253404], [75.1160144, 33.6129754], [75.1214218, 33.614119], [75.1334594, 33.6137438], [75.1382445, 33.6070424], [75.1392316, 33.60236], [75.1336527, 33.5889906], [75.1414632, 33.5902419], [75.147686, 33.5916718], [75.1515913, 33.5878109], [75.1545095, 33.5887046], [75.1594019, 33.5873819], [75.1635217, 33.5948176], [75.1694225, 33.5933877], [75.1750231, 33.5900273], [75.1686287, 33.5897771], [75.1683711, 33.5776037], [75.162642, 33.5726873], [75.1589727, 33.5664297], [75.1586508, 33.5631934], [75.152235, 33.5570245], [75.1515912, 33.5567383], [75.1515054, 33.5547356], [75.150969, 33.5510698], [75.1502824, 33.5499968], [75.1485657, 33.5486734], [75.1469779, 33.5465811], [75.1441026, 33.5413231], [75.1418066, 33.5355283], [75.1422786, 33.5320941], [75.1423859, 33.5291786], [75.1412272, 33.5268174], [75.1408195, 33.5250465], [75.1433301, 33.5250823], [75.14642, 33.5250823], [75.1486087, 33.5251539], [75.1501751, 33.5250823], [75.1536941, 33.5244741], [75.1576423, 33.5239554], [75.1623845, 33.523687], [75.1660538, 33.5240806], [75.1703024, 33.5248498], [75.1729846, 33.5246172], [75.174272, 33.5239554], [75.176332, 33.5228642], [75.1805806, 33.5204492], [75.1829839, 33.5192864], [75.1848078, 33.5180341], [75.1860952, 33.5171396], [75.1878977, 33.5168892], [75.1900649, 33.5168176], [75.195322, 33.5167997], [75.1994204, 33.5149213], [75.2018237, 33.5126492], [75.2033686, 33.5108601], [75.205729, 33.5096614], [75.2089906, 33.5088921], [75.2119946, 33.5061726], [75.2154493, 33.5041686], [75.2188182, 33.5033098], [75.2240324, 33.5003754], [75.2278948, 33.4979777], [75.2292681, 33.4963314], [75.2304482, 33.495222], [75.231049, 33.4936652], [75.2322507, 33.4922157], [75.233581, 33.4902651], [75.2357268, 33.4886903], [75.2383017, 33.487384], [75.2405977, 33.4863639], [75.2421212, 33.4858449], [75.2427435, 33.484968], [75.2461123, 33.4796168], [75.2470994, 33.4766458], [75.2478075, 33.4753571], [75.2511549, 33.4747128], [75.2555966, 33.4727081], [75.2585792, 33.4708287], [75.2606606, 33.4688061], [75.2639651, 33.4653335], [75.2664971, 33.4647248], [75.267806, 33.4608403], [75.2704882, 33.4581909], [75.2738142, 33.4555772], [75.2777409, 33.4532677], [75.2806592, 33.4500631], [75.2842641, 33.4466971], [75.286839, 33.4430088], [75.288341, 33.440126], [75.288341, 33.4383354], [75.2883839, 33.4375655], [75.2901006, 33.4367776], [75.2934479, 33.4350586], [75.2975464, 33.4315667], [75.3009152, 33.4287373], [75.3039193, 33.4271256], [75.3064942, 33.4257824], [75.3081465, 33.4237408], [75.3104853, 33.4208395], [75.3150344, 33.4155919], [75.3171587, 33.413156], [75.3201842, 33.4104155], [75.3235316, 33.4082303], [75.3273296, 33.4052568], [75.3287029, 33.403573], [75.3294325, 33.4022115], [75.3300118, 33.4008501], [75.3300118, 33.3989333], [75.32969, 33.3978585], [75.32969, 33.3970702], [75.3306556, 33.3964253], [75.3332519, 33.3956192], [75.3369427, 33.3933619], [75.34029, 33.3905849], [75.3421354, 33.3882559], [75.3432083, 33.3874317], [75.3449678, 33.3873959], [75.3465342, 33.3866792], [75.3494954, 33.3852817], [75.3529501, 33.3844575], [75.3543234, 33.3838304], [75.3548812, 33.3879155], [75.3568553, 33.393541], [75.3573274, 33.4182963], [75.3563833, 33.4234901], [75.3546667, 33.4292925], [75.3520059, 33.4352735], [75.3468132, 33.4433669], [75.3426075, 33.4465897], [75.3425216, 33.4477714], [75.3427362, 33.4494544], [75.3442382, 33.4546105], [75.3434658, 33.455792], [75.3419637, 33.4567588], [75.3408908, 33.4582267], [75.3408908, 33.4596231], [75.3415346, 33.461091], [75.3424358, 33.4627021], [75.3434228, 33.4636329], [75.3452253, 33.4645279], [75.3479719, 33.466139], [75.3508901, 33.4713299], [75.3520917, 33.4725112], [75.3549242, 33.4728692], [75.3556537, 33.4743011], [75.3554391, 33.4758404], [75.3553962, 33.4765921], [75.3543663, 33.4777376], [75.352478, 33.4788114], [75.350461, 33.4798495], [75.350933, 33.4806728], [75.3526496, 33.4811739], [75.3544092, 33.4820687], [75.3545808, 33.4835005], [75.3547525, 33.4853975], [75.3545808, 33.4880103], [75.3541517, 33.4901578], [75.3531217, 33.4901936], [75.349946, 33.490122], [75.3466844, 33.4897283], [75.3440237, 33.4890483], [75.3407621, 33.4880819], [75.3381013, 33.488583], [75.3338527, 33.4893704], [75.3326082, 33.493021], [75.3318786, 33.4946673], [75.3314495, 33.4961346], [75.329132, 33.4965641], [75.325613, 33.496743], [75.3237247, 33.4974588], [75.3219652, 33.4981745], [75.3221798, 33.5009301], [75.3217935, 33.5021468], [75.3203773, 33.5032919], [75.3182315, 33.5049022], [75.3145408, 33.504616], [75.3110647, 33.5040076], [75.3067731, 33.5041508], [75.3043699, 33.5038287], [75.3023099, 33.5048665], [75.30128, 33.5062263], [75.3013229, 33.5090174], [75.2986621, 33.5083375], [75.2949285, 33.5079081], [75.2929544, 33.5082659], [75.2912378, 33.5091605], [75.2905082, 33.5112359], [75.2896499, 33.5129892], [75.2880191, 33.5130965], [75.2866888, 33.5149213], [75.2849292, 33.5173186], [75.2828264, 33.518213], [75.2798223, 33.5194653], [75.2775478, 33.5197157], [75.2732992, 33.5195369], [75.2714967, 33.5198231], [75.2711963, 33.5212542], [75.2722692, 33.5225064], [75.2732563, 33.5241164], [75.2712392, 33.5258694], [75.2616262, 33.5308779], [75.2590513, 33.534634], [75.2577638, 33.5373169], [75.257678, 33.539177], [75.2584934, 33.5405005], [75.2598667, 33.5417882], [75.260725, 33.5436124], [75.2592229, 33.5447927], [75.2557039, 33.5455081], [75.2551031, 33.5489775], [75.254631, 33.5503008], [75.2522277, 33.5515526], [75.2506399, 33.5527686], [75.2499532, 33.5558086], [75.2423143, 33.5599213], [75.2386665, 33.5606722], [75.2361345, 33.5616736], [75.2347183, 33.5621385], [75.2304697, 33.5628179], [75.2279377, 33.5634258], [75.2265644, 33.5651781], [75.2237749, 33.5687539], [75.2231741, 33.5710067], [75.2239465, 33.5736884], [75.225749, 33.5760483], [75.2281522, 33.5781936], [75.2281522, 33.5867741], [75.2283239, 33.592351], [75.2310276, 33.5984638], [75.2325296, 33.6022527], [75.2335596, 33.604719], [75.2339887, 33.6063632], [75.2370357, 33.6077214], [75.2382803, 33.6091868], [75.2387094, 33.6107237], [75.2385807, 33.6121533], [75.2377224, 33.6133327], [75.2357482, 33.6151554], [75.2331304, 33.6168351], [75.231328, 33.6178], [75.2276802, 33.618765], [75.2254915, 33.6192295], [75.2243757, 33.6207662], [75.224204, 33.6223744], [75.2242899, 33.6243041], [75.2251052, 33.6261623], [75.226264, 33.6275559], [75.2276802, 33.6290924], [75.2293539, 33.6302001], [75.2294397, 33.6322726], [75.2276372, 33.634881], [75.2260923, 33.6372392], [75.2248048, 33.639633], [75.2239036, 33.6413123], [75.2228307, 33.6433487], [75.2219724, 33.6453494], [75.2211141, 33.647493], [75.2202558, 33.6491363], [75.2187538, 33.6490649], [75.2179384, 33.648529], [75.2163505, 33.6478502], [75.2142477, 33.6476359], [75.2113723, 33.648136], [75.2092695, 33.6486362], [75.2072095, 33.6501366], [75.2051925, 33.6529588], [75.2043986, 33.6560666], [75.203433, 33.656281], [75.2015447, 33.6575669], [75.2008581, 33.6588172], [75.1984119, 33.6603532], [75.1954937, 33.6606389], [75.1925754, 33.6612462], [75.1898288, 33.6623892], [75.1880264, 33.6631036], [75.1868677, 33.664068], [75.185709, 33.6653181], [75.184679, 33.6677826], [75.1836919, 33.6686755], [75.181117, 33.6699613], [75.1790142, 33.6712114], [75.1773405, 33.6715328], [75.1756239, 33.6727828], [75.1712894, 33.6754614], [75.1693153, 33.6783899], [75.1687574, 33.6807112], [75.1678991, 33.6821753], [75.1664829, 33.6828896], [75.1637363, 33.6829967], [75.161848, 33.6823896], [75.160861, 33.6812826], [75.1583719, 33.6800684], [75.1566124, 33.6799612], [75.1539516, 33.6810326], [75.1519775, 33.681104], [75.1470422, 33.6814611], [75.1438665, 33.6821039], [75.1421928, 33.6822111], [75.1418495, 33.6807826], [75.1411199, 33.6794613], [75.1394891, 33.6805683], [75.1387167, 33.6821039], [75.1373863, 33.6830681], [75.1351118, 33.6837466], [75.1334381, 33.684068], [75.1316785, 33.6847108], [75.1309919, 33.6846037], [75.1284275, 33.6838875], [75.1298332, 33.6823182], [75.1235032, 33.6768185], [75.1215505, 33.6723542], [75.1186751, 33.6737471], [75.1183104, 33.6759614], [75.1150274, 33.6783542], [75.1118946, 33.6849608], [75.1119375, 33.6868177], [75.1084184, 33.6866034], [75.1062298, 33.6843894], [75.1033544, 33.6784613], [75.102936, 33.6775149]]]]}}, {"type": "Feature", "properties": {"tehsil": "Kokernag Tehsil", "district": "Anantnag"}, "geometry": {"type": "MultiPolygon", "coordinates": [[[[75.2043986, 33.6560666], [75.2051925, 33.6529588], [75.2072095, 33.6501366], [75.2092695, 33.6486362], [75.2113723, 33.648136], [75.2142477, 33.6476359], [75.2163505, 33.6478502], [75.2179384, 33.648529], [75.2187538, 33.6490649], [75.2202558, 33.6491363], [75.2211141, 33.647493], [75.2219724, 33.6453494], [75.2228307, 33.6433487], [75.2239036, 33.6413123], [75.2248048, 33.639633], [75.2260923, 33.6372392], [75.2276372, 33.634881], [75.2294397, 33.6322726], [75.2293539, 33.6302001], [75.2276802, 33.6290924], [75.226264, 33.6275559], [75.2251052, 33.6261623], [75.2242899, 33.6243041], [75.224204, 33.6223744], [75.2243757, 33.6207662], [75.2254915, 33.6192295], [75.2276802, 33.618765], [75.231328, 33.6178], [75.2331304, 33.6168351], [75.2357482, 33.6151554], [75.2377224, 33.6133327], [75.2385807, 33.6121533], [75.2387094, 33.6107237], [75.2382803, 33.6091868], [75.2370357, 33.6077214], [75.2339887, 33.6063632], [75.2335596, 33.604719], [75.2325296, 33.6022527], [75.2310276, 33.5984638], [75.2283239, 33.592351], [75.2281522, 33.5867741], [75.2281522, 33.5781936], [75.225749, 33.5760483], [75.2239465, 33.5736884], [75.2231741, 33.5710067], [75.2237749, 33.5687539], [75.2265644, 33.5651781], [75.2279377, 33.5634258], [75.2304697, 33.5628179], [75.2347183, 33.5621385], [75.2361345, 33.5616736], [75.2386665, 33.5606722], [75.2423143, 33.5599213], [75.2499532, 33.5558086], [75.2506399, 33.5527686], [75.2522277, 33.5515526], [75.254631, 33.5503008], [75.2551031, 33.5489775], [75.2557039, 33.5455081], [75.2592229, 33.5447927], [75.260725, 33.5436124], [75.2598667, 33.5417882], [75.2584934, 33.5405005], [75.257678, 33.539177], [75.2577638, 33.5373169], [75.2590513, 33.534634], [75.2616262, 33.5308779], [75.2712392, 33.5258694], [75.2732563, 33.5241164], [75.2722692, 33.5225064], [75.2711963, 33.5212542], [75.2714967, 33.5198231], [75.2732992, 33.5195369], [75.2775478, 33.5197157], [75.2798223, 33.5194653], [75.2828264, 33.518213], [75.2849292, 33.5173186], [75.2866888, 33.5149213], [75.2880191, 33.5130965], [75.2896499, 33.5129892], [75.2905082, 33.5112359], [75.2912378, 33.5091605], [75.2929544, 33.5082659], [75.2949285, 33.5079081], [75.2986621, 33.5083375], [75.3013229, 33.5090174], [75.30128, 33.5062263], [75.3023099, 33.5048665], [75.3043699, 33.5038287], [75.3067731, 33.5041508], [75.3110647, 33.5040076], [75.3145408, 33.504616], [75.3182315, 33.5049022], [75.3203773, 33.5032919], [75.3217935, 33.5021468], [75.3221798, 33.5009301], [75.3219652, 33.4981745], [75.3237247, 33.4974588], [75.325613, 33.496743], [75.329132, 33.4965641], [75.3314495, 33.4961346], [75.3318786, 33.4946673], [75.3326082, 33.493021], [75.3338527, 33.4893704], [75.3381013, 33.488583], [75.3407621, 33.4880819], [75.3440237, 33.4890483], [75.3466844, 33.4897283], [75.349946, 33.490122], [75.3531217, 33.4901936], [75.3541517, 33.4901578], [75.3545808, 33.4880103], [75.3547525, 33.4853975], [75.3545808, 33.4835005], [75.3544092, 33.4820687], [75.3526496, 33.4811739], [75.350933, 33.4806728], [75.350461, 33.4798495], [75.352478, 33.4788114], [75.3543663, 33.4777376], [75.3553962, 33.4765921], [75.3554391, 33.4758404], [75.3556537, 33.4743011], [75.3549242, 33.4728692], [75.3520917, 33.4725112], [75.3508901, 33.4713299], [75.3479719, 33.466139], [75.3452253, 33.4645279], [75.3434228, 33.4636329], [75.3424358, 33.4627021], [75.3415346, 33.461091], [75.3408908, 33.4596231], [75.3408908, 33.4582267], [75.3419637, 33.4567588], [75.3434658, 33.455792], [75.3442382, 33.4546105], [75.3427362, 33.4494544], [75.3425216, 33.4477714], [75.3426075, 33.4465897], [75.3468132, 33.4433669], [75.3520059, 33.4352735], [75.3546667, 33.4292925], [75.3563833, 33.4234901], [75.3573274, 33.4182963], [75.3568553, 33.393541], [75.3548812, 33.3879155], [75.3543234, 33.3838304], [75.3558469, 33.3827733], [75.357027, 33.3822179], [75.3584862, 33.3816624], [75.3620052, 33.3822179], [75.3634, 33.3825404], [75.3645372, 33.3812861], [75.365653, 33.3800498], [75.3668332, 33.3796198], [75.3682279, 33.3795302], [75.3696012, 33.3794227], [75.3739571, 33.3788493], [75.377841, 33.3784909], [75.3772187, 33.3761077], [75.3776479, 33.3747459], [75.3780556, 33.3734378], [75.3782272, 33.3715204], [75.3768968, 33.3695671], [75.3767895, 33.3685457], [75.3772831, 33.3676497], [75.3778195, 33.3668253], [75.3786778, 33.366001], [75.3793001, 33.36532], [75.3810917, 33.363725], [75.3818965, 33.3642447], [75.3824544, 33.3647286], [75.383935, 33.3651587], [75.3851151, 33.3655171], [75.3884411, 33.365983], [75.3918528, 33.3674525], [75.3933978, 33.3669149], [75.3945136, 33.3662339], [75.39608, 33.3655171], [75.3982687, 33.3663235], [75.401659, 33.3677751], [75.4038691, 33.3692087], [75.4077315, 33.3734378], [75.4116797, 33.3775233], [75.4161215, 33.3802111], [75.4190826, 33.381107], [75.4216361, 33.3815907], [75.4240608, 33.3815549], [75.425992, 33.3810174], [75.430026, 33.3795839], [75.432086, 33.379351], [75.4329228, 33.3794764], [75.4338884, 33.3801752], [75.4360986, 33.3804977], [75.4385233, 33.3797631], [75.4405403, 33.3791181], [75.4427933, 33.3788493], [75.4453683, 33.3818057], [75.4463339, 33.3829704], [75.4466128, 33.3844575], [75.4466128, 33.3860163], [75.4471493, 33.3876109], [75.4494881, 33.391839], [75.4501748, 33.3939531], [75.4510331, 33.3954937], [75.4521274, 33.397321], [75.4544663, 33.3983422], [75.4571485, 33.400868], [75.4590797, 33.4016025], [75.4606676, 33.4027669], [75.4626202, 33.4040566], [75.4647016, 33.4053463], [75.4660105, 33.4046119], [75.4683065, 33.4026773], [75.4735528, 33.3991573], [75.4726839, 33.4210186], [75.4722547, 33.4339484], [75.472083, 33.4404304], [75.4733705, 33.4437608], [75.4749155, 33.4462316], [75.4759454, 33.448595], [75.4761171, 33.451567], [75.475645, 33.4562933], [75.4724264, 33.4633107], [75.4706239, 33.4715089], [75.4671049, 33.479062], [75.4634141, 33.4832499], [75.4617405, 33.4853259], [75.4603672, 33.489263], [75.4581785, 33.4972798], [75.4575777, 33.4991765], [75.4588651, 33.5013237], [75.4634141, 33.5069777], [75.4648304, 33.5098404], [75.4662895, 33.5119515], [75.4700231, 33.5126313], [75.4758167, 33.5126671], [75.479207, 33.5145635], [75.4817819, 33.5185351], [75.481224, 33.5204671], [75.4805374, 33.5222917], [75.4801511, 33.5237586], [75.4804086, 33.5254043], [75.4818248, 33.5257979], [75.4883909, 33.5254043], [75.4985618, 33.5258694], [75.508089, 33.5289461], [75.5122947, 33.530377], [75.5125093, 33.5320584], [75.5124235, 33.5345983], [75.5119943, 33.5376031], [75.508089, 33.5435051], [75.5004501, 33.546438], [75.4979181, 33.5489059], [75.4954719, 33.5503724], [75.4937124, 33.5518745], [75.493927, 33.5534124], [75.4957294, 33.5551291], [75.4983472, 33.5565954], [75.5009222, 33.5588842], [75.5044073, 33.5641314], [75.5064204, 33.5671646], [75.5072736, 33.5684321], [75.5089902, 33.5707921], [75.5100631, 33.5731521], [75.5112648, 33.5768706], [75.513668, 33.5800527], [75.515685, 33.5819834], [75.5175733, 33.5841643], [75.5176591, 33.5857373], [75.5178308, 33.5889906], [75.5210065, 33.5956398], [75.524311, 33.5973199], [75.5266285, 33.5985353], [75.5277013, 33.6006085], [75.5274868, 33.6033965], [75.5247831, 33.6065419], [75.5204057, 33.6116172], [75.5204057, 33.6142977], [75.5199337, 33.617943], [75.518732, 33.6216954], [75.5177879, 33.6263409], [75.5170583, 33.6281276], [75.515685, 33.6305932], [75.5131959, 33.6302716], [75.5114793, 33.6290924], [75.5095911, 33.6296642], [75.5092048, 33.631558], [75.5099773, 33.6337376], [75.5110073, 33.6408121], [75.5125093, 33.6449207], [75.5145692, 33.6481718], [75.5147409, 33.6557094], [75.5149555, 33.6605675], [75.5140113, 33.6663896], [75.5127668, 33.6786399], [75.512681, 33.6828181], [75.5104065, 33.687639], [75.5093336, 33.6984223], [75.5097198, 33.7059556], [75.5152988, 33.709954], [75.5189895, 33.7124886], [75.5203628, 33.7145948], [75.5199337, 33.7162369], [75.5174875, 33.7179146], [75.5143547, 33.7183787], [75.5118227, 33.7199136], [75.5091619, 33.7224122], [75.5054712, 33.7263742], [75.4998493, 33.7325131], [75.4937553, 33.7391512], [75.483284, 33.7453963], [75.480709, 33.7473946], [75.4783058, 33.7491788], [75.4768896, 33.7517122], [75.4747009, 33.7540315], [75.4703664, 33.7561367], [75.4664611, 33.7572071], [75.4647016, 33.7575996], [75.4544448, 33.7569574], [75.4451751, 33.752747], [75.4419135, 33.7476801], [75.4340171, 33.7413281], [75.4077529, 33.7259102], [75.3976249, 33.7211273], [75.3839778, 33.7150589], [75.3748798, 33.7117033], [75.3620051, 33.7029924], [75.3484439, 33.6934236], [75.3410625, 33.686782], [75.3303336, 33.680497], [75.3227805, 33.6749257], [75.3108501, 33.6692827], [75.2988338, 33.6647824], [75.2916884, 33.6606032], [75.2905297, 33.658835], [75.2892637, 33.6580849], [75.2875685, 33.6574598], [75.2856374, 33.6570847], [75.2828479, 33.6569239], [75.2796078, 33.6561559], [75.2754664, 33.655888], [75.2725696, 33.6568346], [75.2643299, 33.6570668], [75.2632355, 33.6569775], [75.2620125, 33.6568168], [75.2613258, 33.6573705], [75.2606392, 33.6588529], [75.2605104, 33.6600674], [75.2599954, 33.6604782], [75.2585792, 33.6604603], [75.2569699, 33.6599959], [75.2555322, 33.659353], [75.2529359, 33.6586921], [75.2506399, 33.6581027], [75.2501249, 33.6597995], [75.2510905, 33.6618891], [75.2519917, 33.6629964], [75.2518415, 33.6642287], [75.2497816, 33.6651038], [75.2476358, 33.6660324], [75.2468204, 33.6671933], [75.2440953, 33.6693184], [75.2423358, 33.6702649], [75.2413487, 33.6714614], [75.2408981, 33.6729614], [75.2405119, 33.6746221], [75.2402329, 33.6761935], [75.2398467, 33.6780149], [75.239203, 33.6793898], [75.2372932, 33.6810862], [75.2317571, 33.6783899], [75.2286243, 33.6768185], [75.2266931, 33.67539], [75.2253627, 33.67414], [75.2272939, 33.6721043], [75.2288818, 33.6705328], [75.2299547, 33.6692827], [75.2307272, 33.6678898], [75.2299547, 33.6657467], [75.228281, 33.6649252], [75.2257919, 33.6656396], [75.2250623, 33.666854], [75.223732, 33.6688541], [75.2225732, 33.6703185], [75.220685, 33.6724257], [75.2193975, 33.6732471], [75.2182388, 33.6737114], [75.2147626, 33.6740686], [75.2131748, 33.67289], [75.2119731, 33.6721043], [75.2093124, 33.67264], [75.2063512, 33.6750329], [75.2025747, 33.6784613], [75.1994848, 33.6794256], [75.1982402, 33.6809612], [75.1972103, 33.6828181], [75.1953649, 33.6833538], [75.1891422, 33.6834252], [75.1896572, 33.6809612], [75.1908159, 33.6785685], [75.1916742, 33.67614], [75.1932621, 33.67439], [75.1975107, 33.6728543], [75.1989269, 33.6723185], [75.200901, 33.6712114], [75.2038621, 33.665961], [75.2054929, 33.6622106], [75.2056646, 33.6607818], [75.2060508, 33.6589958], [75.2062225, 33.6574955], [75.2057933, 33.6562095], [75.2043986, 33.6560666]]]]}}, {"type": "Feature", "properties": {"tehsil": "Shangus tehsil", "district": "Anantnag"}, "geometry": {"type": "MultiPolygon", "coordinates": [[[[75.2372932, 33.6810862], [75.239203, 33.6793898], [75.2398467, 33.6780149], [75.2402329, 33.6761935], [75.2405119, 33.6746221], [75.2408981, 33.6729614], [75.2413487, 33.6714614], [75.2423358, 33.6702649], [75.2440953, 33.6693184], [75.2468204, 33.6671933], [75.2476358, 33.6660324], [75.2497816, 33.6651038], [75.2518415, 33.6642287], [75.2519917, 33.6629964], [75.2510905, 33.6618891], [75.2501249, 33.6597995], [75.2506399, 33.6581027], [75.2529359, 33.6586921], [75.2555322, 33.659353], [75.2569699, 33.6599959], [75.2585792, 33.6604603], [75.2599954, 33.6604782], [75.2605104, 33.6600674], [75.2606392, 33.6588529], [75.2613258, 33.6573705], [75.2620125, 33.6568168], [75.2632355, 33.6569775], [75.2643299, 33.6570668], [75.2725696, 33.6568346], [75.2754664, 33.655888], [75.2796078, 33.6561559], [75.2828479, 33.6569239], [75.2856374, 33.6570847], [75.2875685, 33.6574598], [75.2892637, 33.6580849], [75.2905297, 33.658835], [75.2916884, 33.6606032], [75.2988338, 33.6647824], [75.3108501, 33.6692827], [75.3227805, 33.6749257], [75.3303336, 33.680497], [75.3410625, 33.686782], [75.3484439, 33.6934236], [75.3620051, 33.7029924], [75.3748798, 33.7117033], [75.3839778, 33.7150589], [75.3976249, 33.7211273], [75.4077529, 33.7259102], [75.4340171, 33.7413281], [75.4419135, 33.7476801], [75.4451751, 33.752747], [75.4544448, 33.7569574], [75.4647016, 33.7575996], [75.4655599, 33.7650563], [75.4659462, 33.7674109], [75.4669332, 33.7708], [75.4714822, 33.7741533], [75.4748296, 33.776258], [75.4784774, 33.7795041], [75.4814386, 33.7828214], [75.4805374, 33.7849972], [75.4775762, 33.7869946], [75.4731988, 33.7902402], [75.4689073, 33.7914529], [75.4654741, 33.7920948], [75.4623842, 33.7933431], [75.460968, 33.7950193], [75.4602961, 33.7961959], [75.4585647, 33.7992276], [75.4572928, 33.8013821], [75.4545076, 33.8060998], [75.4541015, 33.8067877], [75.4527711, 33.8089985], [75.4532003, 33.8115659], [75.4537153, 33.8134557], [75.4525566, 33.8156663], [75.4494237, 33.817877], [75.4453468, 33.8201945], [75.4425573, 33.8235815], [75.441699, 33.8254354], [75.4420852, 33.8276457], [75.4417419, 33.8295708], [75.4393816, 33.830569], [75.4365491, 33.8312107], [75.4329443, 33.8290717], [75.4302406, 33.8271823], [75.4279232, 33.8256493], [75.4263353, 33.8246154], [75.4225158, 33.8219415], [75.4201984, 33.8200162], [75.4174518, 33.8184831], [75.4142332, 33.8162725], [75.4116153, 33.8149176], [75.4092979, 33.8137409], [75.4062509, 33.8125286], [75.402646, 33.8113163], [75.3960371, 33.8088559], [75.3923893, 33.8073582], [75.389471, 33.806645], [75.3865528, 33.8058605], [75.3837633, 33.804969], [75.3802871, 33.8035783], [75.3768968, 33.8022588], [75.374794, 33.801189], [75.3729486, 33.8000835], [75.3673696, 33.7941991], [75.3623914, 33.7910249], [75.3577137, 33.7881716], [75.3551387, 33.7871372], [75.3527355, 33.7869946], [75.3429508, 33.7868162], [75.3420066, 33.7840698], [75.3415775, 33.7824647], [75.3415775, 33.7801461], [75.3406333, 33.778648], [75.339818, 33.7769358], [75.3375005, 33.7761153], [75.3353548, 33.7748668], [75.3321361, 33.7731545], [75.3307199, 33.7706217], [75.3263855, 33.7715492], [75.3236389, 33.7711211], [75.3226947, 33.7698011], [75.3219223, 33.7679817], [75.3217077, 33.7665547], [75.3228664, 33.7637719], [75.3213214, 33.7615242], [75.3193473, 33.7587413], [75.3183603, 33.7566719], [75.3142404, 33.7529968], [75.3124809, 33.7506774], [75.3116226, 33.749036], [75.3101635, 33.7481083], [75.3081893, 33.7471091], [75.3069019, 33.7465025], [75.304327, 33.7459672], [75.3014516, 33.7462527], [75.3014516, 33.7485721], [75.301752, 33.7515338], [75.3011083, 33.7526756], [75.2994346, 33.7536034], [75.2983617, 33.7542099], [75.2976751, 33.7552447], [75.2972459, 33.7568146], [75.2961301, 33.7580991], [75.2942848, 33.7583488], [75.2833414, 33.7584202], [75.2802515, 33.7570287], [75.2771186, 33.7564935], [75.2749729, 33.7567789], [75.2724409, 33.7575996], [75.2705526, 33.7580277], [75.2672052, 33.7582418], [75.2658319, 33.7575639], [75.264244, 33.7562794], [75.2629137, 33.7549592], [75.2626562, 33.7531395], [75.2626562, 33.7517479], [75.2633857, 33.7421846], [75.2646732, 33.7385088], [75.2636861, 33.7368672], [75.2608966, 33.736546], [75.2593088, 33.7378308], [75.2584075, 33.7401861], [75.2584505, 33.7428983], [75.2587938, 33.7452535], [75.2579784, 33.7471091], [75.2565622, 33.7483937], [75.2548885, 33.7497854], [75.2524423, 33.7499281], [75.2511119, 33.7488219], [75.2494382, 33.7463597], [75.2484512, 33.7445398], [75.246005, 33.7392583], [75.2460908, 33.7364032], [75.2473783, 33.7331198], [75.2484512, 33.7304431], [75.2496957, 33.7281945], [75.2509832, 33.7271237], [75.2539873, 33.7290511], [75.2565622, 33.7314067], [75.258193, 33.7330128], [75.2611541, 33.7332983], [75.2639865, 33.7328343], [75.2666044, 33.7322276], [75.2702522, 33.7314067], [75.270853, 33.7303717], [75.2694797, 33.7286228], [75.2685356, 33.7242683], [75.267806, 33.7222338], [75.2662181, 33.7199493], [75.2637291, 33.7190569], [75.2608966, 33.7178432], [75.2584075, 33.7143806], [75.2579355, 33.7127385], [75.2596521, 33.7110607], [75.2606391, 33.7091686], [75.2618837, 33.7068124], [75.2618837, 33.7035636], [75.2613258, 33.700993], [75.2611112, 33.699065], [75.2603387, 33.6982795], [75.2557039, 33.6982795], [75.2526998, 33.6978511], [75.2499103, 33.6980296], [75.2471208, 33.6987794], [75.2453184, 33.6980653], [75.2445888, 33.6964586], [75.2445459, 33.6833538], [75.2404689, 33.6821396], [75.2372932, 33.6810862]]]]}}, {"type": "Feature", "properties": {"tehsil": "Anantnag", "district": "Anantnag"}, "geometry": {"type": "MultiPolygon", "coordinates": [[[[75.1204292, 33.7508027], [75.1220655, 33.7442008], [75.1214111, 33.7396508], [75.124619, 33.7370278], [75.1250696, 33.7345117], [75.1191902, 33.7342976], [75.1171732, 33.7300862], [75.1117229, 33.7285157], [75.1154136, 33.7198779], [75.1170659, 33.7193424], [75.1185679, 33.721038], [75.1225376, 33.7187535], [75.1253056, 33.7152731], [75.1301121, 33.7151838], [75.1304769, 33.7130241], [75.1245117, 33.713274], [75.1244902, 33.7097042], [75.1240396, 33.706027], [75.127902, 33.7021712], [75.1309919, 33.7008859], [75.133996, 33.698101], [75.1323223, 33.6919596], [75.1229238, 33.6900314], [75.1284275, 33.6838875], [75.1309919, 33.6846037], [75.1316785, 33.6847108], [75.1334381, 33.684068], [75.1351118, 33.6837466], [75.1373863, 33.6830681], [75.1387167, 33.6821039], [75.1394891, 33.6805683], [75.1411199, 33.6794613], [75.1418495, 33.6807826], [75.1421928, 33.6822111], [75.1438665, 33.6821039], [75.1470422, 33.6814611], [75.1519775, 33.681104], [75.1539516, 33.6810326], [75.1566124, 33.6799612], [75.1583719, 33.6800684], [75.160861, 33.6812826], [75.161848, 33.6823896], [75.1637363, 33.6829967], [75.1664829, 33.6828896], [75.1678991, 33.6821753], [75.1687574, 33.6807112], [75.1693153, 33.6783899], [75.1712894, 33.6754614], [75.1756239, 33.6727828], [75.1773405, 33.6715328], [75.1790142, 33.6712114], [75.181117, 33.6699613], [75.1836919, 33.6686755], [75.184679, 33.6677826], [75.185709, 33.6653181], [75.1868677, 33.664068], [75.1880264, 33.6631036], [75.1898288, 33.6623892], [75.1925754, 33.6612462], [75.1954937, 33.6606389], [75.1984119, 33.6603532], [75.2008581, 33.6588172], [75.2015447, 33.6575669], [75.203433, 33.656281], [75.2043986, 33.6560666], [75.2057933, 33.6562095], [75.2062225, 33.6574955], [75.2060508, 33.6589958], [75.2056646, 33.6607818], [75.2054929, 33.6622106], [75.2038621, 33.665961], [75.200901, 33.6712114], [75.1989269, 33.6723185], [75.1975107, 33.6728543], [75.1932621, 33.67439], [75.1916742, 33.67614], [75.1908159, 33.6785685], [75.1896572, 33.6809612], [75.1891422, 33.6834252], [75.1953649, 33.6833538], [75.1972103, 33.6828181], [75.1982402, 33.6809612], [75.1994848, 33.6794256], [75.2025747, 33.6784613], [75.2063512, 33.6750329], [75.2093124, 33.67264], [75.2119731, 33.6721043], [75.2131748, 33.67289], [75.2147626, 33.6740686], [75.2182388, 33.6737114], [75.2193975, 33.6732471], [75.220685, 33.6724257], [75.2225732, 33.6703185], [75.223732, 33.6688541], [75.2250623, 33.666854], [75.2257919, 33.6656396], [75.228281, 33.6649252], [75.2299547, 33.6657467], [75.2307272, 33.6678898], [75.2299547, 33.6692827], [75.2288818, 33.6705328], [75.2272939, 33.6721043], [75.2253627, 33.67414], [75.2266931, 33.67539], [75.2286243, 33.6768185], [75.2317571, 33.6783899], [75.2372932, 33.6810862], [75.2404689, 33.6821396], [75.2445459, 33.6833538], [75.2445888, 33.6964586], [75.2453184, 33.6980653], [75.2471208, 33.6987794], [75.2499103, 33.6980296], [75.2526998, 33.6978511], [75.2557039, 33.6982795], [75.2603387, 33.6982795], [75.2611112, 33.699065], [75.2613258, 33.700993], [75.2618837, 33.7035636], [75.2618837, 33.7068124], [75.2606391, 33.7091686], [75.2596521, 33.7110607], [75.2579355, 33.7127385], [75.2584075, 33.7143806], [75.2608966, 33.7178432], [75.2637291, 33.7190569], [75.2662181, 33.7199493], [75.267806, 33.7222338], [75.2685356, 33.7242683], [75.2694797, 33.7286228], [75.270853, 33.7303717], [75.2702522, 33.7314067], [75.2666044, 33.7322276], [75.2639865, 33.7328343], [75.2611541, 33.7332983], [75.258193, 33.7330128], [75.2565622, 33.7314067], [75.2539873, 33.7290511], [75.2509832, 33.7271237], [75.2496957, 33.7281945], [75.2484512, 33.7304431], [75.2473783, 33.7331198], [75.2460908, 33.7364032], [75.246005, 33.7392583], [75.2484512, 33.7445398], [75.2494382, 33.7463597], [75.2511119, 33.7488219], [75.2524423, 33.7499281], [75.2548885, 33.7497854], [75.2565622, 33.7483937], [75.2579784, 33.7471091], [75.2587938, 33.7452535], [75.2584505, 33.7428983], [75.2584075, 33.7401861], [75.2593088, 33.7378308], [75.2608966, 33.736546], [75.2636861, 33.7368672], [75.2646732, 33.7385088], [75.2633857, 33.7421846], [75.2626562, 33.7517479], [75.2626562, 33.7531395], [75.2629137, 33.7549592], [75.264244, 33.7562794], [75.2658319, 33.7575639], [75.2672052, 33.7582418], [75.2705526, 33.7580277], [75.2724409, 33.7575996], [75.2749729, 33.7567789], [75.2771186, 33.7564935], [75.2802515, 33.7570287], [75.2833414, 33.7584202], [75.2942848, 33.7583488], [75.2961301, 33.7580991], [75.2972459, 33.7568146], [75.2976751, 33.7552447], [75.2983617, 33.7542099], [75.2994346, 33.7536034], [75.3011083, 33.7526756], [75.301752, 33.7515338], [75.3014516, 33.7485721], [75.3014516, 33.7462527], [75.304327, 33.7459672], [75.3069019, 33.7465025], [75.3081893, 33.7471091], [75.3101635, 33.7481083], [75.3116226, 33.749036], [75.3124809, 33.7506774], [75.3142404, 33.7529968], [75.3183603, 33.7566719], [75.3193473, 33.7587413], [75.3213214, 33.7615242], [75.3228664, 33.7637719], [75.3217077, 33.7665547], [75.3219223, 33.7679817], [75.3226947, 33.7698011], [75.3236389, 33.7711211], [75.3263855, 33.7715492], [75.3307199, 33.7706217], [75.3321361, 33.7731545], [75.3353548, 33.7748668], [75.3375005, 33.7761153], [75.339818, 33.7769358], [75.3406333, 33.778648], [75.3415775, 33.7801461], [75.3415775, 33.7824647], [75.3420066, 33.7840698], [75.3429508, 33.7868162], [75.3527355, 33.7869946], [75.3551387, 33.7871372], [75.3577137, 33.7881716], [75.3623914, 33.7910249], [75.3673696, 33.7941991], [75.3729486, 33.8000835], [75.374794, 33.801189], [75.3768968, 33.8022588], [75.3802871, 33.8035783], [75.3837633, 33.804969], [75.3865528, 33.8058605], [75.389471, 33.806645], [75.3923893, 33.8073582], [75.3960371, 33.8088559], [75.402646, 33.8113163], [75.4062509, 33.8125286], [75.4092979, 33.8137409], [75.4116153, 33.8149176], [75.4142332, 33.8162725], [75.4174518, 33.8184831], [75.4201984, 33.8200162], [75.4225158, 33.8219415], [75.4263353, 33.8246154], [75.4279232, 33.8256493], [75.4302406, 33.8271823], [75.4329443, 33.8290717], [75.4365491, 33.8312107], [75.4374075, 33.8364153], [75.4336738, 33.8353815], [75.4298973, 33.8349181], [75.426979, 33.8350964], [75.4243183, 33.8342052], [75.4218292, 33.8314246], [75.4184389, 33.8299986], [75.4154348, 33.8293926], [75.4130315, 33.8290361], [75.4106712, 33.8289648], [75.4090833, 33.8281448], [75.4056072, 33.827111], [75.4039764, 33.8276101], [75.3993415, 33.8298917], [75.39505, 33.8293569], [75.3918314, 33.8266475], [75.3894281, 33.8257562], [75.3855657, 33.8251145], [75.3824329, 33.8244728], [75.3796005, 33.8239024], [75.3766822, 33.8229754], [75.3708028, 33.8203371], [75.3671121, 33.8220484], [75.3653955, 33.8225119], [75.3635501, 33.8217632], [75.3618764, 33.8201945], [75.360074, 33.8185187], [75.3558254, 33.8160942], [75.352993, 33.8149176], [75.3510618, 33.813527], [75.3490877, 33.8133131], [75.3452253, 33.8147036], [75.3412342, 33.8157377], [75.336256, 33.8152741], [75.3357839, 33.8121364], [75.3358268, 33.8091055], [75.3347969, 33.8078931], [75.3331661, 33.8071799], [75.3300762, 33.8065024], [75.3265571, 33.805183], [75.3254413, 33.8032573], [75.3259563, 33.8017952], [75.3272438, 33.8001548], [75.3282308, 33.7983004], [75.3284025, 33.7965885], [75.3273725, 33.7942704], [75.3256559, 33.7930221], [75.3208494, 33.7918452], [75.3162574, 33.7935928], [75.3129959, 33.7934501], [75.3111076, 33.7924158], [75.3089189, 33.7912745], [75.306344, 33.7885639], [75.3020954, 33.7867449], [75.2983617, 33.7867449], [75.2956581, 33.7871016], [75.2934265, 33.7872799], [75.291109, 33.7879219], [75.2859163, 33.7890276], [75.282526, 33.7892772], [75.2805519, 33.7905612], [75.2792644, 33.7917382], [75.2788353, 33.7938424], [75.2786636, 33.7969452], [75.2785778, 33.7979081], [75.2755308, 33.798229], [75.2690935, 33.7981221], [75.2650165, 33.7979437], [75.2639436, 33.7965172], [75.2622699, 33.7966955], [75.261197, 33.7982647], [75.2599096, 33.7999408], [75.2593517, 33.8019022], [75.2598667, 33.8033287], [75.260725, 33.8050047], [75.2608108, 33.8104961], [75.2578067, 33.8143114], [75.2565622, 33.8160229], [75.2545452, 33.8168073], [75.2539873, 33.8167717], [75.2516269, 33.8160229], [75.2459621, 33.811031], [75.2420997, 33.8086063], [75.2405977, 33.8071443], [75.2393961, 33.8062884], [75.2391969, 33.8061869], [75.2380657, 33.8056109], [75.236907, 33.8056466], [75.2363061, 33.8074295], [75.2357053, 33.8091768], [75.234847, 33.8112093], [75.2341604, 33.8129921], [75.2339029, 33.8147036], [75.2340745, 33.8160942], [75.2361774, 33.8209075], [75.2378082, 33.8237954], [75.2382803, 33.8251858], [75.2386236, 33.8270753], [75.2364349, 33.8281448], [75.2345466, 33.8276457], [75.2329158, 33.8265406], [75.2318, 33.8253641], [75.230298, 33.8234389], [75.2289247, 33.8215849], [75.2278089, 33.8189466], [75.2277231, 33.8170926], [75.2243328, 33.8053613], [75.2231311, 33.7963746], [75.2198267, 33.7849258], [75.2169513, 33.7766504], [75.2154064, 33.7751165], [75.2136468, 33.7759726], [75.2130031, 33.7771141], [75.2118444, 33.7786836], [75.2085828, 33.7795754], [75.206995, 33.7795041], [75.1995277, 33.7797538], [75.200386, 33.7828214], [75.1978969, 33.7842481], [75.1957082, 33.7850685], [75.1961803, 33.7874582], [75.1982402, 33.7895626], [75.1972103, 33.7924515], [75.196352, 33.7955186], [75.1965236, 33.7970878], [75.1959228, 33.798229], [75.194807, 33.7996912], [75.1928329, 33.8007611], [75.1913309, 33.8016169], [75.1898717, 33.8027938], [75.1871681, 33.8025085], [75.1848936, 33.8005828], [75.1834344, 33.7996912], [75.1818895, 33.7983717], [75.1808595, 33.7972305], [75.1798296, 33.7959823], [75.1791, 33.7950193], [75.1778554, 33.7939851], [75.1757526, 33.7953047], [75.1735639, 33.7962676], [75.1711607, 33.7966242], [75.1692295, 33.7954116], [75.1676416, 33.7933431], [75.1666545, 33.7908109], [75.1656246, 33.7886352], [75.1644229, 33.7860315], [75.1624488, 33.782429], [75.1600027, 33.7806099], [75.1583719, 33.779183], [75.1579856, 33.7776135], [75.1585006, 33.7762223], [75.1616764, 33.7744387], [75.1625776, 33.7738323], [75.1638221, 33.7720129], [75.163865, 33.7702292], [75.1629209, 33.769052], [75.1604318, 33.7682671], [75.1570844, 33.7674466], [75.1473426, 33.7644498], [75.1437378, 33.7634152], [75.1427507, 33.7619167], [75.1415491, 33.7596333], [75.1427936, 33.7580278], [75.1451968, 33.7556729], [75.1439952, 33.7536034], [75.1415919, 33.7521761], [75.1380729, 33.7516766], [75.1346397, 33.7512484], [75.1303481, 33.7500352], [75.1204292, 33.7508027]]]]}}, {"type": "Feature", "properties": {"tehsil": "Bijbehara", "district": "Anantnag"}, "geometry": {"type": "MultiPolygon", "coordinates": [[[[75.0285476, 33.7811895], [75.0430154, 33.7795397], [75.0573062, 33.7790404], [75.0591516, 33.7689449], [75.0730562, 33.7686239], [75.0741505, 33.7690341], [75.0780129, 33.7633081], [75.0818109, 33.7507845], [75.0804376, 33.739294], [75.0819397, 33.7276591], [75.0817251, 33.7142022], [75.0823688, 33.7001361], [75.0862741, 33.6976011], [75.085845, 33.6898172], [75.0928831, 33.6892458], [75.0923681, 33.7037064], [75.0876474, 33.7058485], [75.0852012, 33.7067231], [75.0844717, 33.7084189], [75.0859737, 33.7227335], [75.0853729, 33.7352255], [75.0847292, 33.7468593], [75.0839567, 33.7571357], [75.079751, 33.7660195], [75.0749659, 33.7732436], [75.0711036, 33.7783626], [75.071361, 33.7816443], [75.078206, 33.7840341], [75.0915098, 33.7770428], [75.0919604, 33.7651455], [75.1036334, 33.7624697], [75.1175379, 33.7711389], [75.1214003, 33.7639325], [75.1204292, 33.7508027], [75.1303481, 33.7500352], [75.1346397, 33.7512484], [75.1380729, 33.7516766], [75.1415919, 33.7521761], [75.1439952, 33.7536034], [75.1451968, 33.7556729], [75.1427936, 33.7580278], [75.1415491, 33.7596333], [75.1427507, 33.7619167], [75.1437378, 33.7634152], [75.1473426, 33.7644498], [75.1570844, 33.7674466], [75.1604318, 33.7682671], [75.1629209, 33.769052], [75.163865, 33.7702292], [75.1638221, 33.7720129], [75.1625776, 33.7738323], [75.1616764, 33.7744387], [75.1585006, 33.7762223], [75.1579856, 33.7776135], [75.1583719, 33.779183], [75.1600027, 33.7806099], [75.1624488, 33.782429], [75.1644229, 33.7860315], [75.1656246, 33.7886352], [75.1666545, 33.7908109], [75.1676416, 33.7933431], [75.1692295, 33.7954116], [75.1711607, 33.7966242], [75.1735639, 33.7962676], [75.1757526, 33.7953047], [75.1778554, 33.7939851], [75.1791, 33.7950193], [75.1798296, 33.7959823], [75.1808595, 33.7972305], [75.1818895, 33.7983717], [75.1834344, 33.7996912], [75.1848936, 33.8005828], [75.1871681, 33.8025085], [75.1898717, 33.8027938], [75.1913309, 33.8016169], [75.1928329, 33.8007611], [75.194807, 33.7996912], [75.1992702, 33.8063954], [75.2021026, 33.808428], [75.2055358, 33.8090342], [75.2083253, 33.8100326], [75.2111578, 33.8115659], [75.2123594, 33.8128495], [75.213561, 33.814561], [75.2139043, 33.8156307], [75.2133464, 33.8173421], [75.2114152, 33.8178413], [75.2092266, 33.8182335], [75.2066087, 33.8190535], [75.2043342, 33.8215493], [75.2030897, 33.8235458], [75.2018022, 33.8253641], [75.2010726, 33.8273962], [75.2008152, 33.8294282], [75.2012872, 33.8307473], [75.2026176, 33.8318524], [75.2034759, 33.8328862], [75.2035188, 33.8337774], [75.202918, 33.8354172], [75.1989269, 33.8353459], [75.1970386, 33.8347399], [75.1949787, 33.8341695], [75.1924896, 33.8338487], [75.188713, 33.8338487], [75.186181, 33.8353459], [75.1844644, 33.8363797], [75.1849365, 33.8384115], [75.1871252, 33.8401581], [75.1907301, 33.8413344], [75.1926183, 33.8423681], [75.1947212, 33.8435444], [75.1962232, 33.844578], [75.1971244, 33.846182], [75.1972532, 33.8475364], [75.196824, 33.8488551], [75.1935195, 33.8539517], [75.1933479, 33.8574443], [75.1941633, 33.863075], [75.1940774, 33.8738006], [75.1952791, 33.8769005], [75.1950216, 33.8796083], [75.194292, 33.881746], [75.1926612, 33.8923268], [75.1932191, 33.8957822], [75.193777, 33.8974208], [75.1942062, 33.8997362], [75.1926183, 33.9026926], [75.1896143, 33.9025145], [75.1866102, 33.9029776], [75.1847648, 33.9024077], [75.1791429, 33.8994868], [75.1731777, 33.8987032], [75.1702594, 33.8987032], [75.166912, 33.8992019], [75.1646804, 33.8989525], [75.1630067, 33.8966728], [75.1606464, 33.8953904], [75.1601743, 33.8911156], [75.1570844, 33.8869119], [75.1531362, 33.8827792], [75.1515483, 33.8808909], [75.1494026, 33.878682], [75.1474285, 33.8761522], [75.1447248, 33.8740144], [75.142107, 33.8727317], [75.1393175, 33.8709501], [75.1366138, 33.8715202], [75.134468, 33.8723041], [75.1318073, 33.8728386], [75.1290607, 33.8720903], [75.1275157, 33.8704512], [75.1235246, 33.8659258], [75.1213359, 33.8645004], [75.1194047, 33.8642153], [75.1178169, 33.8648567], [75.1152849, 33.8654269], [75.1114654, 33.8668523], [75.109148, 33.8680282], [75.1063156, 33.8683132], [75.1038694, 33.8685983], [75.102024, 33.868919], [75.1000928, 33.8691684], [75.100007, 33.8683489], [75.0995349, 33.866389], [75.0988054, 33.8645004], [75.0970029, 33.8628255], [75.094428, 33.8616851], [75.0922823, 33.8608655], [75.0896644, 33.8598677], [75.0867462, 33.8562683], [75.0844287, 33.8541656], [75.0819397, 33.8523479], [75.0794076, 33.8518846], [75.0770473, 33.8515639], [75.075159, 33.8518133], [75.0728845, 33.8524905], [75.0710821, 33.8528469], [75.0687217, 33.8528825], [75.0667476, 33.8520272], [75.0659322, 33.8503521], [75.0637006, 33.8504233], [75.0618982, 33.8508867], [75.0598812, 33.8513856], [75.0573062, 33.8516708], [75.05692, 33.8548427], [75.0561046, 33.8561257], [75.0546455, 33.8562326], [75.0524139, 33.8551635], [75.048294, 33.8524549], [75.0505256, 33.8508867], [75.0546455, 33.8471087], [75.0583791, 33.8454691], [75.0606536, 33.8442572], [75.0627565, 33.8423325], [75.0647735, 33.8401225], [75.0658035, 33.8385541], [75.0658035, 33.8372708], [75.0648593, 33.835845], [75.0617265, 33.8345616], [75.0589799, 33.8345973], [75.0560188, 33.8337774], [75.0557184, 33.831995], [75.0561046, 33.8302838], [75.0567054, 33.8283231], [75.0582075, 33.8237954], [75.0580787, 33.822298], [75.0570058, 33.8208362], [75.0553321, 33.8202658], [75.0522852, 33.8163438], [75.0511694, 33.8150959], [75.0492596, 33.8148997], [75.0468778, 33.815078], [75.0435519, 33.8155772], [75.0429726, 33.8153098], [75.0427472, 33.8148373], [75.042125, 33.8130545], [75.0418246, 33.8122701], [75.0428331, 33.8117709], [75.0452042, 33.8102376], [75.0468349, 33.8091322], [75.0484764, 33.8080803], [75.049088, 33.8075721], [75.0494206, 33.8068144], [75.0496137, 33.8056822], [75.0491738, 33.8033732], [75.0487661, 33.800342], [75.0470602, 33.7985322], [75.0453758, 33.7970343], [75.0440991, 33.7969808], [75.0422001, 33.7972305], [75.0410843, 33.7972126], [75.0396144, 33.7966777], [75.0366425, 33.7959198], [75.0349903, 33.795269], [75.0343466, 33.7950817], [75.0333595, 33.7950461], [75.0321793, 33.7945735], [75.0313532, 33.7939048], [75.0294113, 33.7928349], [75.0286817, 33.7914261], [75.0283921, 33.7897944], [75.0282204, 33.7879843], [75.0286817, 33.7864238], [75.0286817, 33.7840876], [75.0286496, 33.7821882], [75.0285476, 33.7811895]]]]}}, {"type": "Feature", "properties": {"tehsil": "Pahalgam", "district": "Anantnag"}, "geometry": {"type": "MultiPolygon", "coordinates": [[[[75.1034626, 34.1683878], [75.1033783, 34.167648], [75.1036803, 34.165478], [75.1049425, 34.1635634], [75.1064124, 34.1613703], [75.1067505, 34.1602709], [75.1069025, 34.1596928], [75.1064885, 34.1590012], [75.1021655, 34.1568611], [75.0974106, 34.1545561], [75.1036548, 34.1510934], [75.1108646, 34.1520878], [75.1117308, 34.1516789], [75.1358412, 34.1402962], [75.1388025, 34.1328366], [75.1437378, 34.1265489], [75.1458404, 34.1215398], [75.142107, 34.1167433], [75.1404299, 34.1080046], [75.1402383, 34.107006], [75.1400976, 34.1062727], [75.1400041, 34.1056942], [75.1424074, 34.0949965], [75.1430393, 34.0943916], [75.1466542, 34.0944626], [75.1504796, 34.0949912], [75.1521398, 34.0931618], [75.1519089, 34.0918168], [75.1509852, 34.0902925], [75.1505856, 34.0883279], [75.1525992, 34.0860187], [75.1532835, 34.0826591], [75.155239, 34.0771187], [75.1616763, 34.0791804], [75.1739501, 34.0715023], [75.1835631, 34.0716445], [75.1902579, 34.0686583], [75.2036475, 34.0682317], [75.2061581, 34.0606771], [75.2088832, 34.059166], [75.210514, 34.0572105], [75.2105999, 34.055575], [75.210514, 34.0539395], [75.2096128, 34.0519483], [75.2123168, 34.0513773], [75.2146126, 34.0512914], [75.2154814, 34.0513883], [75.2153635, 34.0499927], [75.2159643, 34.047148], [75.2173805, 34.0444811], [75.2177238, 34.0422052], [75.2176809, 34.040036], [75.2178096, 34.0381512], [75.2186279, 34.0364917], [75.2207919, 34.0350809], [75.220931, 34.0349434], [75.2229646, 34.0342006], [75.2258548, 34.0337295], [75.2301527, 34.0324827], [75.2307488, 34.0323725], [75.2327213, 34.0320078], [75.233119, 34.0315387], [75.2338823, 34.0303608], [75.2344853, 34.0294302], [75.2350605, 34.0266946], [75.2346228, 34.0242312], [75.2339029, 34.0213641], [75.2336005, 34.0211454], [75.2320867, 34.0200509], [75.2318859, 34.0199057], [75.2287101, 34.0188742], [75.2256439, 34.0180316], [75.2245206, 34.0172101], [75.2234287, 34.0158388], [75.2230979, 34.0154433], [75.22303, 34.0153621], [75.2236515, 34.0132235], [75.2240986, 34.0116851], [75.2252291, 34.0097075], [75.223709, 34.0053232], [75.2222976, 34.002814], [75.2222595, 34.0003806], [75.2217577, 33.9967012], [75.2225447, 33.9936557], [75.2227437, 33.9912116], [75.2230397, 33.9895449], [75.2215215, 33.9839496], [75.2209139, 33.9779654], [75.2206929, 33.9734344], [75.2216534, 33.9711888], [75.2247619, 33.9640779], [75.2260494, 33.9600557], [75.2264785, 33.9569589], [75.2255773, 33.9544671], [75.2244186, 33.9510141], [75.2208995, 33.9463505], [75.2172517, 33.9412594], [75.2103853, 33.932109], [75.203948, 33.9233492], [75.2013731, 33.9200018], [75.1990985, 33.9168323], [75.1978111, 33.9150516], [75.1974678, 33.9125229], [75.1982402, 33.9112408], [75.1973819, 33.9093175], [75.195837, 33.9078929], [75.1947212, 33.9057558], [75.1926183, 33.9026926], [75.1942062, 33.8997362], [75.193777, 33.8974208], [75.1932191, 33.8957822], [75.1926612, 33.8923268], [75.194292, 33.881746], [75.1950216, 33.8796083], [75.1952791, 33.8769005], [75.1940774, 33.8738006], [75.1941633, 33.863075], [75.1933479, 33.8574443], [75.1935195, 33.8539517], [75.196824, 33.8488551], [75.1972532, 33.8475364], [75.1971244, 33.846182], [75.1962232, 33.844578], [75.1947212, 33.8435444], [75.1926183, 33.8423681], [75.1907301, 33.8413344], [75.1871252, 33.8401581], [75.1849365, 33.8384115], [75.1844644, 33.8363797], [75.186181, 33.8353459], [75.188713, 33.8338487], [75.1924896, 33.8338487], [75.1949787, 33.8341695], [75.1970386, 33.8347399], [75.1989269, 33.8353459], [75.202918, 33.8354172], [75.2035188, 33.8337774], [75.2034759, 33.8328862], [75.2026176, 33.8318524], [75.2012872, 33.8307473], [75.2008152, 33.8294282], [75.2010726, 33.8273962], [75.2018022, 33.8253641], [75.2030897, 33.8235458], [75.2043342, 33.8215493], [75.2066087, 33.8190535], [75.2092266, 33.8182335], [75.2114152, 33.8178413], [75.2133464, 33.8173421], [75.2139043, 33.8156307], [75.213561, 33.814561], [75.2123594, 33.8128495], [75.2111578, 33.8115659], [75.2083253, 33.8100326], [75.2055358, 33.8090342], [75.2021026, 33.808428], [75.1992702, 33.8063954], [75.194807, 33.7996912], [75.1959228, 33.798229], [75.1965236, 33.7970878], [75.196352, 33.7955186], [75.1972103, 33.7924515], [75.1982402, 33.7895626], [75.1961803, 33.7874582], [75.1957082, 33.7850685], [75.1978969, 33.7842481], [75.200386, 33.7828214], [75.1995277, 33.7797538], [75.206995, 33.7795041], [75.2085828, 33.7795754], [75.2118444, 33.7786836], [75.2130031, 33.7771141], [75.2136468, 33.7759726], [75.2154064, 33.7751165], [75.2169513, 33.7766504], [75.2198267, 33.7849258], [75.2231311, 33.7963746], [75.2243328, 33.8053613], [75.2277231, 33.8170926], [75.2278089, 33.8189466], [75.2289247, 33.8215849], [75.230298, 33.8234389], [75.2318, 33.8253641], [75.2329158, 33.8265406], [75.2345466, 33.8276457], [75.2364349, 33.8281448], [75.2386236, 33.8270753], [75.2382803, 33.8251858], [75.2378082, 33.8237954], [75.2361774, 33.8209075], [75.2340745, 33.8160942], [75.2339029, 33.8147036], [75.2341604, 33.8129921], [75.234847, 33.8112093], [75.2357053, 33.8091768], [75.2363061, 33.8074295], [75.236907, 33.8056466], [75.2380657, 33.8056109], [75.2391969, 33.8061869], [75.2393961, 33.8062884], [75.2405977, 33.8071443], [75.2420997, 33.8086063], [75.2459621, 33.811031], [75.2516269, 33.8160229], [75.2539873, 33.8167717], [75.2545452, 33.8168073], [75.2565622, 33.8160229], [75.2578067, 33.8143114], [75.2608108, 33.8104961], [75.260725, 33.8050047], [75.2598667, 33.8033287], [75.2593517, 33.8019022], [75.2599096, 33.7999408], [75.261197, 33.7982647], [75.2622699, 33.7966955], [75.2639436, 33.7965172], [75.2650165, 33.7979437], [75.2690935, 33.7981221], [75.2755308, 33.798229], [75.2785778, 33.7979081], [75.2786636, 33.7969452], [75.2788353, 33.7938424], [75.2792644, 33.7917382], [75.2805519, 33.7905612], [75.282526, 33.7892772], [75.2859163, 33.7890276], [75.291109, 33.7879219], [75.2934265, 33.7872799], [75.2956581, 33.7871016], [75.2983617, 33.7867449], [75.3020954, 33.7867449], [75.306344, 33.7885639], [75.3089189, 33.7912745], [75.3111076, 33.7924158], [75.3129959, 33.7934501], [75.3162574, 33.7935928], [75.3208494, 33.7918452], [75.3256559, 33.7930221], [75.3273725, 33.7942704], [75.3284025, 33.7965885], [75.3282308, 33.7983004], [75.3272438, 33.8001548], [75.3259563, 33.8017952], [75.3254413, 33.8032573], [75.3265571, 33.805183], [75.3300762, 33.8065024], [75.3331661, 33.8071799], [75.3347969, 33.8078931], [75.3358268, 33.8091055], [75.3357839, 33.8121364], [75.336256, 33.8152741], [75.3412342, 33.8157377], [75.3452253, 33.8147036], [75.3490877, 33.8133131], [75.3510618, 33.813527], [75.352993, 33.8149176], [75.3558254, 33.8160942], [75.360074, 33.8185187], [75.3618764, 33.8201945], [75.3635501, 33.8217632], [75.3653955, 33.8225119], [75.3671121, 33.8220484], [75.3708028, 33.8203371], [75.3766822, 33.8229754], [75.3796005, 33.8239024], [75.3824329, 33.8244728], [75.3855657, 33.8251145], [75.3894281, 33.8257562], [75.3918314, 33.8266475], [75.39505, 33.8293569], [75.3993415, 33.8298917], [75.4039764, 33.8276101], [75.4056072, 33.827111], [75.4090833, 33.8281448], [75.4106712, 33.8289648], [75.4130315, 33.8290361], [75.4154348, 33.8293926], [75.4184389, 33.8299986], [75.4218292, 33.8314246], [75.4243183, 33.8342052], [75.426979, 33.8350964], [75.4298973, 33.8349181], [75.4336738, 33.8353815], [75.4374075, 33.8364153], [75.43612, 33.8376273], [75.4320001, 33.8384828], [75.4302406, 33.8404433], [75.4298544, 33.8430097], [75.4275798, 33.8453978], [75.4265499, 33.8481423], [75.4268074, 33.8503164], [75.4274511, 33.8523123], [75.4275798, 33.8547002], [75.4250907, 33.8580145], [75.4179668, 33.8678856], [75.4160356, 33.8771143], [75.4129886, 33.886235], [75.4079675, 33.892505], [75.4055213, 33.8934312], [75.4022598, 33.8923268], [75.401659, 33.8923981], [75.3998136, 33.8950342], [75.3980112, 33.895996], [75.3968095, 33.8977058], [75.3961658, 33.9004842], [75.3941059, 33.9027639], [75.3918743, 33.904901], [75.3913164, 33.9082847], [75.3920459, 33.910386], [75.3932476, 33.9123093], [75.3927326, 33.9141612], [75.3908443, 33.915016], [75.3896856, 33.9168679], [75.3901577, 33.9190046], [75.392518, 33.921355], [75.3954792, 33.9267678], [75.3956079, 33.9299725], [75.3949642, 33.9327855], [75.3928613, 33.9339605], [75.3908872, 33.9352423], [75.3901147, 33.9368801], [75.3912305, 33.9385892], [75.3942775, 33.9413306], [75.3939771, 33.9551435], [75.3944921, 33.9637576], [75.3993845, 33.966427], [75.4115295, 33.9768194], [75.4187393, 33.9811255], [75.4226446, 33.9828336], [75.4252624, 33.9843282], [75.4286527, 33.9855736], [75.4281807, 33.9901995], [75.4307127, 33.9916584], [75.4318714, 33.9937221], [75.4329872, 33.9968888], [75.4345321, 34.000162], [75.4371929, 34.0040044], [75.4358196, 34.0079533], [75.4354333, 34.0105858], [75.4344463, 34.0136096], [75.4329443, 34.0154949], [75.432558, 34.0174869], [75.4326868, 34.0205104], [75.4368496, 34.022858], [75.4392099, 34.0242807], [75.4411411, 34.0261658], [75.4419994, 34.0279798], [75.4431152, 34.0312163], [75.4459905, 34.0342037], [75.4468917, 34.0359108], [75.4468059, 34.0385068], [75.4479217, 34.0407117], [75.4512262, 34.0404627], [75.4530286, 34.0389336], [75.4544448, 34.0372977], [75.4578781, 34.0370132], [75.4596805, 34.0398226], [75.4607963, 34.0418852], [75.464015, 34.0430231], [75.4667186, 34.0415296], [75.470066, 34.0415296], [75.4738235, 34.0407433], [75.4763746, 34.0397871], [75.477345, 34.0391529], [75.4786491, 34.0387558], [75.4804682, 34.0390363], [75.4811668, 34.0403047], [75.4820132, 34.0419286], [75.4824602, 34.0427999], [75.4829072, 34.0435921], [75.4836424, 34.0436919], [75.4845207, 34.0437126], [75.4861342, 34.0439517], [75.4884553, 34.0447261], [75.4919767, 34.0440228], [75.4922559, 34.0439936], [75.4945612, 34.0437522], [75.4952382, 34.0434815], [75.4952978, 34.0426685], [75.4953575, 34.0419148], [75.4951787, 34.0412797], [75.4953277, 34.0407448], [75.4956197, 34.040447], [75.496571, 34.0396448], [75.4971647, 34.0391391], [75.4982078, 34.039065], [75.4992747, 34.0393268], [75.4998887, 34.0397268], [75.5007887, 34.0395737], [75.5027664, 34.0390265], [75.504601, 34.0387163], [75.5064582, 34.0393603], [75.5078482, 34.0400498], [75.5096399, 34.0403748], [75.5110502, 34.0408184], [75.5131854, 34.0412328], [75.5149471, 34.0419224], [75.5158577, 34.0431493], [75.5183458, 34.0454768], [75.519811, 34.0457846], [75.5212286, 34.0464085], [75.5214939, 34.0480188], [75.5211871, 34.04955], [75.5215498, 34.0507117], [75.5222378, 34.0517236], [75.5242252, 34.0529439], [75.5257678, 34.0535079], [75.5270243, 34.0542694], [75.5266285, 34.0561084], [75.5280017, 34.0590949], [75.5300967, 34.0610588], [75.5312633, 34.0621525], [75.5316495, 34.0648189], [75.5319929, 34.0699736], [75.5318641, 34.0736351], [75.5308342, 34.0762656], [75.5298471, 34.0783984], [75.5289888, 34.090092], [75.5288171, 34.0930774], [75.5269718, 34.096347], [75.5294609, 34.1016064], [75.5315208, 34.1029212], [75.5338382, 34.1045203], [75.5352974, 34.1072564], [75.5364131, 34.1119467], [75.5331945, 34.1155353], [75.5324649, 34.1173473], [75.5329799, 34.1207936], [75.5343532, 34.123245], [75.5362415, 34.1245595], [75.5391597, 34.1271528], [75.540061, 34.1329077], [75.540061, 34.1352522], [75.5407476, 34.1370282], [75.5435371, 34.1385911], [75.545082, 34.1406868], [75.5459404, 34.1437059], [75.5462068, 34.145161], [75.5465841, 34.1472221], [75.547657, 34.1512709], [75.5507898, 34.154041], [75.5592012, 34.1554261], [75.5640506, 34.1560298], [75.5686426, 34.156598], [75.5716466, 34.1572017], [75.5738782, 34.1580895], [75.5758094, 34.1624219], [75.5776977, 34.1710505], [75.5798434, 34.1724707], [75.5831908, 34.1735359], [75.5865382, 34.1756662], [75.5866241, 34.1781515], [75.5866241, 34.1810627], [75.5870532, 34.1845419], [75.5877399, 34.1875239], [75.5899715, 34.1903639], [75.5928898, 34.194517], [75.5947001, 34.1976303], [75.5928941, 34.199777], [75.5931173, 34.2008779], [75.5904701, 34.2021486], [75.5882905, 34.2041436], [75.5869031, 34.2054671], [75.5855083, 34.2083241], [75.5845642, 34.2101164], [75.5839634, 34.2114295], [75.5830836, 34.2122813], [75.5802941, 34.2137896], [75.5779981, 34.2130266], [75.5745435, 34.2115715], [75.5725693, 34.2110391], [75.5702734, 34.210631], [75.5685568, 34.2104181], [75.5667758, 34.2103648], [75.5640936, 34.2102406], [75.5545234, 34.2113053], [75.5522275, 34.2122458], [75.5504465, 34.2136299], [75.5455112, 34.2178884], [75.5412411, 34.2214193], [75.5401253, 34.22275], [75.5357051, 34.2229096], [75.5341816, 34.2230871], [75.5330658, 34.223921], [75.5325079, 34.2250565], [75.5319285, 34.2261032], [75.530684, 34.2261387], [75.527122, 34.2266355], [75.5252123, 34.2275403], [75.5236888, 34.2281967], [75.521822, 34.2277887], [75.5200195, 34.2272209], [75.5150199, 34.2265468], [75.5133033, 34.2272564], [75.5119514, 34.2280193], [75.5104279, 34.2285161], [75.5091405, 34.2291725], [75.5066299, 34.2312836], [75.5047416, 34.2332883], [75.5027246, 34.2338915], [75.5009866, 34.2339447], [75.499506, 34.2337496], [75.4955896, 34.2335145], [75.4910087, 34.2241516], [75.4774475, 34.2212419], [75.4692506, 34.2152801], [75.4671808, 34.2112007], [75.4668888, 34.2096218], [75.4665841, 34.209131], [75.4660584, 34.2090647], [75.4654298, 34.209254], [75.4637146, 34.2097083], [75.4610881, 34.2113338], [75.4600367, 34.2114018], [75.4587907, 34.2112048], [75.456665, 34.2108676], [75.4552173, 34.2114307], [75.4541738, 34.2122677], [75.4533591, 34.2125936], [75.4520959, 34.2127912], [75.4506648, 34.2134522], [75.4493493, 34.2146129], [75.4481649, 34.2157432], [75.4466829, 34.2163719], [75.4440164, 34.2172319], [75.4420058, 34.2182521], [75.4407548, 34.2194676], [75.4380941, 34.2217387], [75.4337854, 34.2258289], [75.4320004, 34.2271911], [75.4308092, 34.2274519], [75.4299384, 34.2278831], [75.4284782, 34.2294481], [75.4264723, 34.2306462], [75.422656, 34.2318064], [75.4174787, 34.2333858], [75.4155046, 34.2341386], [75.4126825, 34.2360096], [75.4119917, 34.2368021], [75.4111864, 34.2375], [75.4108143, 34.2377753], [75.4105672, 34.2377193], [75.4101599, 34.2374174], [75.4101006, 34.2370405], [75.409395, 34.2354552], [75.4092655, 34.2349689], [75.4091359, 34.2347287], [75.4086578, 34.2345089], [75.4072337, 34.2340807], [75.4060864, 34.2331996], [75.4050708, 34.2315675], [75.4039678, 34.2290264], [75.4038005, 34.2274019], [75.4032096, 34.2252244], [75.4032383, 34.2235822], [75.4032184, 34.2226902], [75.4031526, 34.2217414], [75.4032583, 34.2208326], [75.4036451, 34.2201409], [75.4039758, 34.2197193], [75.404295, 34.2192599], [75.4041302, 34.2182834], [75.4032215, 34.2171934], [75.4020953, 34.2163967], [75.4003796, 34.2157628], [75.3936553, 34.213967], [75.3921224, 34.2133488], [75.3906123, 34.212617], [75.3884391, 34.210718], [75.3862197, 34.2098874], [75.3823323, 34.2082547], [75.3815679, 34.2078511], [75.3809409, 34.2074948], [75.3804408, 34.2069585], [75.3797806, 34.2065736], [75.3793499, 34.2061889], [75.3783913, 34.2062488], [75.3767385, 34.20643], [75.3751773, 34.2068761], [75.3701137, 34.2099346], [75.3680206, 34.2108048], [75.3660648, 34.2119779], [75.3649804, 34.2125634], [75.3642282, 34.2127533], [75.3635226, 34.2127663], [75.3626682, 34.2126184], [75.3618024, 34.2123286], [75.3607992, 34.2120956], [75.3597618, 34.2118531], [75.3586785, 34.2117241], [75.3554935, 34.2119867], [75.3543648, 34.2119903], [75.3527669, 34.2119465], [75.3514951, 34.2121299], [75.3502463, 34.2127108], [75.3493077, 34.2129768], [75.3491536, 34.2129903], [75.3473192, 34.2131505], [75.3451246, 34.2132296], [75.3448897, 34.2132243], [75.343484, 34.2131924], [75.3416211, 34.213457], [75.3369815, 34.213682], [75.3350795, 34.2140883], [75.3336811, 34.2145325], [75.3326947, 34.2152418], [75.3317541, 34.2159511], [75.3309056, 34.2166025], [75.3306759, 34.2169377], [75.3306293, 34.2172729], [75.3306497, 34.2178138], [75.3306756, 34.2185005], [75.3306924, 34.2186521], [75.3307388, 34.2190718], [75.3307104, 34.219643], [75.3305407, 34.2198441], [75.3302993, 34.2201301], [75.3289784, 34.2212714], [75.32818, 34.2217248], [75.3279747, 34.2218414], [75.3271542, 34.2222221], [75.3264881, 34.2223721], [75.3247808, 34.2227565], [75.3220494, 34.2237764], [75.3214072, 34.2242226], [75.3189144, 34.226758], [75.3184909, 34.2271081], [75.3175869, 34.2280165], [75.317358, 34.228518], [75.3171405, 34.2294547], [75.3166828, 34.2299467], [75.3159275, 34.2304009], [75.3153095, 34.2309213], [75.3148975, 34.231366], [75.3143596, 34.2318391], [75.3137553, 34.2321524], [75.3135128, 34.2322554], [75.312849, 34.2325203], [75.3121249, 34.2328826], [75.3115504, 34.2330701], [75.3109165, 34.233278], [75.310303, 34.233556], [75.3096997, 34.2337886], [75.3081102, 34.2341434], [75.307775, 34.2342143], [75.3072204, 34.2342215], [75.3069579, 34.2342129], [75.3066659, 34.2341637], [75.3064898, 34.2342568], [75.3063628, 34.2343417], [75.3059962, 34.2345123], [75.3055307, 34.2347286], [75.3049925, 34.2348399], [75.3036362, 34.2350233], [75.3022377, 34.2352967], [75.3015045, 34.235476], [75.3002875, 34.235528], [75.2990863, 34.2357865], [75.2980258, 34.2359592], [75.2975273, 34.2358916], [75.2969743, 34.2356438], [75.2964286, 34.2356895], [75.2954814, 34.2358898], [75.2943821, 34.2360257], [75.2939323, 34.2361463], [75.2935915, 34.236432], [75.2926082, 34.2366089], [75.2920155, 34.2369624], [75.291827, 34.2371883], [75.2908401, 34.2381975], [75.2894559, 34.2394833], [75.2888095, 34.2402396], [75.2887518, 34.2403547], [75.2883921, 34.2410717], [75.28758, 34.2430008], [75.2874899, 34.2437079], [75.2874715, 34.2438518], [75.2873565, 34.2442163], [75.2872816, 34.2443051], [75.2870497, 34.2444647], [75.2871269, 34.2448286], [75.2875037, 34.2454033], [75.2876574, 34.2456475], [75.2878491, 34.2460634], [75.2880408, 34.2464282], [75.2880241, 34.2468761], [75.287655, 34.2473258], [75.2871603, 34.2476165], [75.2862664, 34.2479698], [75.2857351, 34.2482215], [75.2849938, 34.2486195], [75.2842017, 34.2488965], [75.2836202, 34.249127], [75.2830635, 34.2492655], [75.2825337, 34.2489966], [75.2822441, 34.2489235], [75.2820534, 34.2485439], [75.2819745, 34.2481551], [75.2819737, 34.2479769], [75.2818238, 34.247879], [75.2815442, 34.2479244], [75.2814506, 34.2480728], [75.2808972, 34.2483885], [75.2807293, 34.2484478], [75.2799773, 34.2483706], [75.2790063, 34.2482374], [75.2780352, 34.2482556], [75.2779004, 34.2482719], [75.2767901, 34.2484061], [75.2756824, 34.2488593], [75.2729602, 34.2503976], [75.272275, 34.251022], [75.2710418, 34.2516641], [75.2704839, 34.2517847], [75.2696284, 34.2520566], [75.2681464, 34.2530546], [75.2674828, 34.2534377], [75.2665692, 34.2539651], [75.26637, 34.2540783], [75.2656328, 34.2543641], [75.2646796, 34.2544949], [75.2643531, 34.2545754], [75.2633814, 34.2542361], [75.2612133, 34.2513989], [75.2603581, 34.249356], [75.2594571, 34.2476158], [75.2590084, 34.2470359], [75.2588781, 34.2469862], [75.2499317, 34.243577], [75.2402973, 34.2399406], [75.2349114, 34.2340158], [75.2342155, 34.2340331], [75.2234744, 34.2342996], [75.2187433, 34.2303741], [75.2170174, 34.2293893], [75.2148913, 34.2286935], [75.2070551, 34.2290746], [75.2061366, 34.2291193], [75.2044662, 34.2241548], [75.2029609, 34.2196805], [75.1934951, 34.2127115], [75.1932339, 34.2122452], [75.1923365, 34.2059796], [75.1941204, 34.2039941], [75.1921462, 34.1987411], [75.1870822, 34.1961854], [75.1837731, 34.1944446], [75.1802157, 34.1959014], [75.1711177, 34.2024325], [75.1611655, 34.2032771], [75.1562857, 34.2050341], [75.1539516, 34.2052009], [75.1513905, 34.2029683], [75.1476001, 34.199664], [75.1361956, 34.1989276], [75.1347456, 34.198965], [75.1332442, 34.1991298], [75.1308805, 34.197711], [75.1285413, 34.1961435], [75.1280189, 34.1943511], [75.1373862, 34.1834769], [75.1330947, 34.1747431], [75.1279457, 34.1678335], [75.1278231, 34.1678115], [75.1231728, 34.1686014], [75.1173727, 34.1688421], [75.111435, 34.1700404], [75.1054972, 34.1704443], [75.104896, 34.1700573], [75.1042642, 34.169645], [75.1037096, 34.1688781], [75.1034626, 34.1683878]]]]}}, {"type": "Feature", "properties": {"tehsil": "Shopian", "district": "Shopian"}, "geometry": {"type": "MultiPolygon", "coordinates": [[[[74.5661937, 33.6921382], [74.5664406, 33.6917453], [74.5691013, 33.6892101], [74.5706677, 33.6886388], [74.5735215, 33.6885496], [74.5757532, 33.6881567], [74.5782208, 33.6872104], [74.5801735, 33.6872997], [74.5814824, 33.6877461], [74.5822334, 33.688121], [74.5834994, 33.6871926], [74.5856666, 33.6863356], [74.5871472, 33.6859428], [74.5895076, 33.6856749], [74.5913529, 33.6853178], [74.5932197, 33.6845858], [74.5944857, 33.6841394], [74.5951724, 33.6837287], [74.5961165, 33.6825146], [74.5969963, 33.6815325], [74.5979619, 33.6812647], [74.5995712, 33.6809611], [74.600966, 33.6807826], [74.6017813, 33.6810861], [74.6030259, 33.6822646], [74.6036589, 33.6832645], [74.6041953, 33.684184], [74.6048498, 33.6848358], [74.6054721, 33.6852732], [74.6060622, 33.6856749], [74.6066522, 33.6858088], [74.6074569, 33.6864695], [74.6074575, 33.6865387], [74.6074676, 33.6876836], [74.6073174, 33.689951], [74.6071565, 33.6910044], [74.6074247, 33.6918525], [74.6078753, 33.6925487], [74.6083152, 33.6929861], [74.6088838, 33.6933343], [74.6101177, 33.6940752], [74.6122956, 33.6942359], [74.6136582, 33.694343], [74.6146238, 33.694468], [74.6147858, 33.6945636], [74.615289, 33.6948607], [74.615922, 33.6951196], [74.6164584, 33.6952535], [74.6168822, 33.6953187], [74.6183145, 33.6955391], [74.620868, 33.6954945], [74.6218336, 33.6955391], [74.6226168, 33.6954499], [74.623793, 33.6951159], [74.6239686, 33.695066], [74.6253419, 33.6947804], [74.6259856, 33.6944501], [74.627059, 33.693557], [74.6271765, 33.6934593], [74.6285707, 33.6922301], [74.6286142, 33.6921917], [74.6293437, 33.6920399], [74.630599, 33.6918525], [74.631747, 33.6918525], [74.6327555, 33.6918525], [74.6337912, 33.6917519], [74.634043, 33.6917275], [74.6374226, 33.6912722], [74.6386254, 33.690926], [74.6391284, 33.6907812], [74.6423149, 33.6898082], [74.6451044, 33.6896475], [74.6461161, 33.6896475], [74.6490097, 33.6896475], [74.649471, 33.6898082], [74.6525395, 33.6917721], [74.6530223, 33.6922631], [74.6546209, 33.6923613], [74.6556401, 33.6923702], [74.655996, 33.6923317], [74.6564662, 33.6922809], [74.6574104, 33.6920578], [74.6588373, 33.6916829], [74.6611743, 33.6914192], [74.6613693, 33.6913972], [74.6626246, 33.6914775], [74.6640086, 33.6917007], [74.6654677, 33.6920131], [74.6666586, 33.6930308], [74.6679354, 33.6939949], [74.6684074, 33.6946286], [74.6687078, 33.6953427], [74.6689653, 33.6960479], [74.6697166, 33.696867], [74.6698987, 33.6970655], [74.6710575, 33.6982884], [74.6715617, 33.6990293], [74.6718621, 33.6994666], [74.6722054, 33.6998147], [74.673289, 33.7001004], [74.6745336, 33.7003949], [74.6747726, 33.7004842], [74.675585, 33.7007877], [74.676733, 33.701234], [74.6777308, 33.7017695], [74.6786749, 33.702305], [74.6796298, 33.7027424], [74.6804881, 33.7024657], [74.6806566, 33.7023255], [74.6812498, 33.701832], [74.6815285, 33.7015574], [74.6843984, 33.6987293], [74.6845651, 33.6985651], [74.685241, 33.6986722], [74.6867323, 33.6987615], [74.6879339, 33.6988329], [74.6887989, 33.698684], [74.6888673, 33.6986722], [74.6898329, 33.6978332], [74.6908843, 33.6965032], [74.6914422, 33.6960301], [74.6923113, 33.6956373], [74.6928477, 33.6954499], [74.6934271, 33.6953785], [74.6945321, 33.6955748], [74.6956801, 33.6960301], [74.696238, 33.6961372], [74.6970749, 33.6961104], [74.6978044, 33.6958783], [74.6982014, 33.695432], [74.698813, 33.6947], [74.699088, 33.6942609], [74.6992099, 33.6940663], [74.6993601, 33.6938967], [74.6996498, 33.6937628], [74.6999395, 33.6937092], [74.7002292, 33.6936735], [74.7021711, 33.6943162], [74.7036731, 33.6946465], [74.7048496, 33.6948028], [74.7049498, 33.6948161], [74.7075999, 33.6948429], [74.7080076, 33.6950482], [74.7084904, 33.6953517], [74.7094221, 33.6954319], [74.7096939, 33.6954097], [74.7107327, 33.6954409], [74.7113013, 33.6952267], [74.7168326, 33.6908851], [74.719065, 33.6889657], [74.7205925, 33.6879157], [74.7210967, 33.6876925], [74.722136, 33.6874323], [74.7231296, 33.687327], [74.7237241, 33.6871195], [74.7245328, 33.686953], [74.7254744, 33.6866778], [74.7259462, 33.6865766], [74.7263372, 33.6863634], [74.7271241, 33.6861465], [74.7279096, 33.6858803], [74.7289952, 33.6856954], [74.7296691, 33.6848179], [74.7299266, 33.6843269], [74.7301519, 33.6839966], [74.7302806, 33.6838894], [74.731847, 33.6839698], [74.7323191, 33.6827378], [74.7327268, 33.6820057], [74.7331667, 33.6813272], [74.7334027, 33.6808629], [74.7336817, 33.6804433], [74.7325551, 33.6807469], [74.7319007, 33.6809433], [74.7310853, 33.6811754], [74.730581, 33.6812468], [74.7298407, 33.6813093], [74.7292507, 33.6812736], [74.7282851, 33.6809969], [74.7276842, 33.6806933], [74.7271693, 33.6803987], [74.7275984, 33.6792291], [74.7278559, 33.6786131], [74.7278881, 33.6782649], [74.7277808, 33.6778988], [74.7268152, 33.6775953], [74.7264504, 33.677256], [74.7261822, 33.6769971], [74.7266114, 33.6741935], [74.7269118, 33.6735507], [74.7283065, 33.6709167], [74.730742, 33.6689434], [74.7320938, 33.6675951], [74.7333276, 33.6672468], [74.734422, 33.6667379], [74.735012, 33.6664968], [74.7361278, 33.6658181], [74.7377801, 33.6679165], [74.7401512, 33.6677558], [74.7408807, 33.6674165], [74.7419, 33.6671575], [74.7426188, 33.6672558], [74.7438848, 33.6675683], [74.7456336, 33.6677201], [74.7471249, 33.6685594], [74.7511804, 33.6697381], [74.7540235, 33.6705238], [74.7558796, 33.6714792], [74.7571349, 33.6719971], [74.7580147, 33.6720149], [74.7603321, 33.6729614], [74.7631431, 33.6739168], [74.7656536, 33.6748543], [74.7672844, 33.6757471], [74.7684324, 33.6762828], [74.7704172, 33.6765507], [74.7724557, 33.6773006], [74.7744298, 33.6777738], [74.7761571, 33.6781935], [74.7774231, 33.6788184], [74.778142, 33.6786666], [74.7792256, 33.6786041], [74.7810066, 33.6786131], [74.7830772, 33.6788809], [74.784708, 33.6786756], [74.7852552, 33.6784256], [74.785856, 33.6780863], [74.7864246, 33.6777381], [74.7867894, 33.6774078], [74.7868967, 33.6766132], [74.7871542, 33.6755417], [74.7871005, 33.6745685], [74.7869933, 33.6738721], [74.7869074, 33.6734525], [74.7863066, 33.6735685], [74.7854483, 33.6738007], [74.7850191, 33.6738543], [74.784075, 33.672506], [74.7842789, 33.671756], [74.7843325, 33.6710685], [74.7849655, 33.6695773], [74.7850835, 33.6688184], [74.7847831, 33.6673897], [74.7846115, 33.6667111], [74.7842896, 33.6663896], [74.7837102, 33.6662914], [74.7831094, 33.6664075], [74.7821545, 33.6665593], [74.7813392, 33.6667557], [74.7804487, 33.6673093], [74.7795796, 33.6676754], [74.7790646, 33.668104], [74.778378, 33.6684612], [74.7779167, 33.6686487], [74.7772944, 33.6685416], [74.7769511, 33.6683362], [74.7765541, 33.6678629], [74.7762322, 33.6673272], [74.7749126, 33.6655592], [74.774698, 33.6644876], [74.7745693, 33.6638268], [74.774462, 33.6631303], [74.7743654, 33.662532], [74.7746229, 33.6620409], [74.7755027, 33.6613622], [74.7755027, 33.6591118], [74.7746336, 33.6572633], [74.774301, 33.6555397], [74.7743654, 33.6532624], [74.7748804, 33.6509047], [74.7760284, 33.6489309], [74.7767794, 33.64735], [74.777981, 33.6458228], [74.7784209, 33.6450279], [74.7791612, 33.6452869], [74.7807813, 33.6466087], [74.7813606, 33.6473143], [74.7826588, 33.6501544], [74.7832811, 33.65203], [74.7837746, 33.6527087], [74.7860598, 33.6555754], [74.7865856, 33.6560666], [74.7878086, 33.6558255], [74.7887742, 33.6558076], [74.7892141, 33.6555576], [74.7900295, 33.6547717], [74.7909844, 33.6530838], [74.7922611, 33.6521193], [74.7931409, 33.6519496], [74.7950506, 33.6517084], [74.7974324, 33.6516191], [74.801327, 33.6513423], [74.8025393, 33.6513691], [74.8042881, 33.6517531], [74.8065948, 33.6520746], [74.8079789, 33.6523872], [74.8090732, 33.6524318], [74.8100173, 33.6525212], [74.810543, 33.6524318], [74.8115194, 33.6521996], [74.8135471, 33.6521282], [74.8151028, 33.6523783], [74.8159504, 33.6526998], [74.8172486, 33.6531017], [74.8197484, 33.6543698], [74.8205209, 33.6539858], [74.8210573, 33.6536464], [74.8220873, 33.6541823], [74.8234069, 33.6549414], [74.8254025, 33.6548699], [74.8266685, 33.6547717], [74.828074, 33.6543341], [74.8294151, 33.6539501], [74.8302519, 33.6537], [74.8311639, 33.6534053], [74.8319793, 33.6530749], [74.8331702, 33.6516191], [74.833771, 33.6510833], [74.8351228, 33.6499401], [74.836818, 33.6491006], [74.8377085, 33.6487344], [74.8376655, 33.6477609], [74.8380625, 33.6471], [74.8400259, 33.6455727], [74.8416245, 33.644742], [74.8422253, 33.6443312], [74.845444, 33.6419643], [74.8475468, 33.6396955], [74.8482871, 33.6387934], [74.849242, 33.6386683], [74.849478, 33.6382396], [74.8496389, 33.6378465], [74.8508406, 33.6373106], [74.8529112, 33.6362298], [74.8538446, 33.6358457], [74.8543918, 33.6354794], [74.8568165, 33.6329604], [74.8593593, 33.6309237], [74.8619127, 33.6284224], [74.8632538, 33.6275737], [74.8666012, 33.6254565], [74.8681784, 33.6245452], [74.8690367, 33.6241075], [74.870249, 33.6238573], [74.8705172, 33.623768], [74.8711073, 33.6239824], [74.8730171, 33.6249115], [74.8736286, 33.6254922], [74.8743045, 33.6257424], [74.8750555, 33.6259121], [74.8763966, 33.6262426], [74.8781133, 33.626466], [74.8796046, 33.6268323], [74.8816967, 33.6275201], [74.8832738, 33.6287887], [74.8841429, 33.6299232], [74.8850226, 33.6312989], [74.8870826, 33.6340859], [74.8874152, 33.6347648], [74.8893893, 33.6355598], [74.8909879, 33.6369712], [74.8918033, 33.6379269], [74.8928654, 33.6391239], [74.8947644, 33.6408478], [74.8958373, 33.6416606], [74.8985624, 33.6434827], [74.8998821, 33.6441258], [74.9010515, 33.6443848], [74.9019098, 33.6444652], [74.9029934, 33.6444741], [74.9031222, 33.6454655], [74.9030149, 33.6463676], [74.9026716, 33.6469571], [74.9022102, 33.6474394], [74.901588, 33.6479484], [74.9011803, 33.6483771], [74.9007726, 33.6492881], [74.9009979, 33.6498061], [74.9018669, 33.6505206], [74.9042916, 33.6508153], [74.9059117, 33.650994], [74.9072099, 33.6513601], [74.9088621, 33.6519942], [74.9094387, 33.6523398], [74.9107396, 33.6531195], [74.9116731, 33.6542448], [74.9121344, 33.654995], [74.912349, 33.6558612], [74.9124133, 33.6570758], [74.9122095, 33.6574151], [74.9113083, 33.6582367], [74.9107826, 33.6588618], [74.9097955, 33.6605496], [74.9088514, 33.6621034], [74.9078751, 33.6635768], [74.9074566, 33.6642287], [74.9067163, 33.6653984], [74.9084651, 33.665577], [74.9098277, 33.6655056], [74.9115229, 33.665452], [74.9124884, 33.6655502], [74.9132287, 33.6657199], [74.9158573, 33.6669075], [74.9175846, 33.6676397], [74.9183893, 33.667988], [74.9198162, 33.6683898], [74.9221873, 33.6686844], [74.9255991, 33.6686844], [74.927144, 33.6683362], [74.9286353, 33.6679344], [74.9291181, 33.6676933], [74.9306095, 33.6657913], [74.9313497, 33.663425], [74.931221, 33.6627285], [74.9311459, 33.6617373], [74.9314463, 33.6602192], [74.9321222, 33.6590761], [74.9341714, 33.6573705], [74.9348366, 33.6567721], [74.9350941, 33.6562631], [74.9364459, 33.6572008], [74.9368215, 33.657683], [74.9372613, 33.6597012], [74.9373042, 33.6615676], [74.9373901, 33.664827], [74.9375188, 33.6663539], [74.9391925, 33.667854], [74.9401796, 33.6689255], [74.9430013, 33.6705327], [74.9439239, 33.6705595], [74.9450076, 33.6705685], [74.9453187, 33.6707381], [74.9473572, 33.6717024], [74.9480975, 33.6725328], [74.9493205, 33.6736757], [74.9503183, 33.6745418], [74.9522173, 33.6755685], [74.9536121, 33.6766132], [74.9550283, 33.6775685], [74.9569273, 33.6781042], [74.9555641, 33.6790142], [74.9555191, 33.6794088], [74.9568801, 33.6797048], [74.9572214, 33.6807079], [74.9571552, 33.6811118], [74.9574665, 33.6817447], [74.957775, 33.6818702], [74.9577867, 33.6823144], [74.9578071, 33.6824878], [74.9578392, 33.6842019], [74.9577427, 33.6867551], [74.9581611, 33.6898618], [74.9582577, 33.692156], [74.958719, 33.6932718], [74.9600923, 33.6942716], [74.9604571, 33.6944947], [74.9609828, 33.6940395], [74.9615192, 33.6932093], [74.96212, 33.6925309], [74.962914, 33.6917275], [74.9635899, 33.6912276], [74.9640727, 33.6909776], [74.964534, 33.6909776], [74.9651563, 33.6913347], [74.9653387, 33.6918792], [74.9654889, 33.692522], [74.9655747, 33.6932361], [74.9655855, 33.693736], [74.9654782, 33.6941912], [74.9654138, 33.6945929], [74.9633753, 33.6975118], [74.9609077, 33.7006895], [74.9598992, 33.7024568], [74.9597597, 33.7044829], [74.9591911, 33.7050898], [74.9590409, 33.7057235], [74.9593091, 33.7060984], [74.9599528, 33.7065536], [74.9598455, 33.7087224], [74.9594593, 33.7102307], [74.9585152, 33.7125332], [74.9578714, 33.7131847], [74.9570882, 33.7133811], [74.9566698, 33.7136667], [74.9566376, 33.7141664], [74.9559832, 33.7163618], [74.9553287, 33.7198957], [74.9551141, 33.721618], [74.9552965, 33.7220553], [74.9554145, 33.7226978], [74.9553931, 33.7232689], [74.9540734, 33.7274985], [74.9542022, 33.7291938], [74.9547493, 33.7302824], [74.9551892, 33.7308624], [74.9552321, 33.7312818], [74.954921, 33.7317101], [74.9538052, 33.7330395], [74.9513161, 33.7362515], [74.9506724, 33.7373757], [74.9508011, 33.7394278], [74.9513912, 33.7405251], [74.9527001, 33.7411853], [74.9541056, 33.7415154], [74.9552965, 33.7416939], [74.9563587, 33.7418455], [74.958483, 33.7399095], [74.9616909, 33.7398292], [74.9631286, 33.7394278], [74.9642336, 33.7388122], [74.9667656, 33.73792], [74.9694049, 33.7372865], [74.9714541, 33.7370813], [74.9725056, 33.7370991], [74.97419, 33.7389906], [74.9756491, 33.7405341], [74.9754989, 33.7420507], [74.9760461, 33.7426752], [74.976486, 33.743041], [74.9773657, 33.7433265], [74.978739, 33.7434514], [74.9795973, 33.7434871], [74.9823224, 33.7434692], [74.9847901, 33.7431035], [74.987129, 33.7424433], [74.9910021, 33.7411407], [74.99318, 33.7404181], [74.9948215, 33.740088], [74.9959695, 33.7400612], [74.9969673, 33.7400523], [74.9984908, 33.7403289], [74.9997997, 33.7409266], [75.0011408, 33.7421578], [75.0013983, 33.7427198], [75.0013661, 33.7431035], [75.0009262, 33.7436744], [75.0004005, 33.7439778], [74.9998212, 33.7441651], [74.9940276, 33.7440759], [74.9934482, 33.7466363], [74.9960017, 33.7496426], [74.9974501, 33.7505079], [74.9988449, 33.7506507], [75.0005615, 33.7504812], [75.0016987, 33.7501957], [75.002675, 33.7497497], [75.004102, 33.7488665], [75.0047457, 33.74859], [75.0053143, 33.7485186], [75.0068056, 33.748813], [75.0068486, 33.7483491], [75.007031, 33.7479298], [75.0076854, 33.7475997], [75.0083184, 33.7473054], [75.0086295, 33.7470734], [75.0089729, 33.7467255], [75.0090158, 33.7460564], [75.0091982, 33.7453516], [75.0098741, 33.7432373], [75.0101101, 33.7420775], [75.0110972, 33.7412924], [75.0123095, 33.7396954], [75.0127172, 33.7384999], [75.0130498, 33.7370456], [75.0141549, 33.73734], [75.0162148, 33.7382322], [75.0174379, 33.7388478], [75.0180709, 33.7394278], [75.01894, 33.740882], [75.0203025, 33.7431213], [75.0227594, 33.7456817], [75.0241005, 33.7477246], [75.024358, 33.7485989], [75.0243366, 33.7510342], [75.0256348, 33.7537015], [75.0265574, 33.7551109], [75.028671, 33.7575014], [75.0292504, 33.7589464], [75.0294649, 33.760989], [75.0294542, 33.7651098], [75.0301516, 33.7676874], [75.030967, 33.7682136], [75.0318146, 33.7686863], [75.0325441, 33.7690341], [75.0333488, 33.7690698], [75.0344324, 33.7689806], [75.0350976, 33.7688468], [75.0356018, 33.7687933], [75.037297, 33.7714154], [75.0364494, 33.7716294], [75.0351298, 33.772111], [75.0338101, 33.772664], [75.0320184, 33.773529], [75.031203, 33.7741176], [75.028789, 33.7763026], [75.0287568, 33.7779345], [75.0290573, 33.7789779], [75.0286388, 33.7797805], [75.0285476, 33.7811895], [75.0286496, 33.7821882], [75.0286817, 33.7840876], [75.0286817, 33.7864238], [75.0282204, 33.7879843], [75.0283921, 33.7897944], [75.0286817, 33.7914261], [75.0294113, 33.7928349], [75.0313532, 33.7939048], [75.0321793, 33.7945735], [75.0333595, 33.7950461], [75.0343466, 33.7950817], [75.0349903, 33.795269], [75.0366425, 33.7959198], [75.0396144, 33.7966777], [75.0410843, 33.7972126], [75.0422001, 33.7972305], [75.0440991, 33.7969808], [75.0453758, 33.7970343], [75.0470602, 33.7985322], [75.0487661, 33.800342], [75.0491738, 33.8033732], [75.0496137, 33.8056822], [75.0494206, 33.8068144], [75.049088, 33.8075721], [75.0484764, 33.8080803], [75.0468349, 33.8091322], [75.0452042, 33.8102376], [75.0428331, 33.8117709], [75.0418246, 33.8122701], [75.042125, 33.8130545], [75.0427472, 33.8148373], [75.0429726, 33.8153098], [75.0435519, 33.8155772], [75.0427633, 33.8160496], [75.0416958, 33.8169811], [75.041036, 33.8174714], [75.0406659, 33.8176318], [75.0400597, 33.8177878], [75.0390083, 33.8180374], [75.0384664, 33.8180552], [75.0381339, 33.817975], [75.0378871, 33.8177388], [75.0378442, 33.8174223], [75.037989, 33.8170881], [75.0381768, 33.8167271], [75.0384074, 33.8162368], [75.0387937, 33.8143471], [75.0390565, 33.8132506], [75.0390512, 33.8121765], [75.0388151, 33.8116416], [75.0383323, 33.8109953], [75.0378925, 33.8107368], [75.0376081, 33.8106343], [75.0372219, 33.8106075], [75.0366372, 33.8107234], [75.0362563, 33.8108839], [75.0356179, 33.8111201], [75.0350547, 33.8113029], [75.0346792, 33.811294], [75.0342661, 33.8112048], [75.0315142, 33.8104515], [75.0311065, 33.8106298], [75.030967, 33.8111558], [75.030849, 33.8115213], [75.0304627, 33.8115748], [75.0300765, 33.811441], [75.0293362, 33.8113162], [75.0285315, 33.8112538], [75.0276625, 33.8113162], [75.0272012, 33.8113876], [75.026418, 33.8114678], [75.0254738, 33.8115748], [75.0247657, 33.8116461], [75.0242185, 33.8115926], [75.0225878, 33.8111023], [75.0215471, 33.8105674], [75.0208282, 33.8101039], [75.0203133, 33.8097295], [75.0197232, 33.8094353], [75.0193262, 33.8093907], [75.0188756, 33.809462], [75.0162899, 33.8104783], [75.0154531, 33.810719], [75.0146806, 33.8105763], [75.0140691, 33.8103981], [75.0133181, 33.8101306], [75.0127602, 33.8099167], [75.0115371, 33.8095779], [75.0105929, 33.809364], [75.0100136, 33.8094888], [75.0092733, 33.8097295], [75.0088012, 33.8100771], [75.0085115, 33.810505], [75.0082862, 33.8107814], [75.0078785, 33.8109686], [75.0073206, 33.8112806], [75.0053251, 33.812279], [75.0035334, 33.8128138], [75.0025892, 33.8129565], [75.0019026, 33.8129119], [75.0011408, 33.8128227], [75.0007117, 33.8125642], [75.0004649, 33.8122166], [75.000422, 33.8115837], [75.0004005, 33.8112271], [75.0001216, 33.8109597], [74.9999177, 33.8108349], [74.9996388, 33.8104426], [74.9991345, 33.8087845], [74.9990165, 33.8079822], [74.9990487, 33.8074028], [74.999274, 33.8067966], [74.9995959, 33.8061904], [74.9999392, 33.8056465], [75.0001645, 33.8046926], [74.999789, 33.8041488], [74.9992847, 33.8037031], [74.9986946, 33.8029185], [74.9985552, 33.8023836], [74.9983942, 33.800663], [74.9982655, 33.8001102], [74.9976861, 33.7998071], [74.9971819, 33.7995842], [74.9966347, 33.799397], [74.9961948, 33.7993167], [74.9956155, 33.7993702], [74.9950683, 33.7995218], [74.9943817, 33.7997447], [74.9933946, 33.8000924], [74.9919033, 33.8005649], [74.9906373, 33.8017863], [74.9899185, 33.802348], [74.9897361, 33.8026065], [74.9888778, 33.803079], [74.9883199, 33.8036585], [74.9875903, 33.8043182], [74.9865925, 33.8050582], [74.9855947, 33.806021], [74.9838567, 33.8074919], [74.9828911, 33.8081605], [74.9821079, 33.8086241], [74.9814963, 33.8089717], [74.9811745, 33.8093105], [74.9801981, 33.8095066], [74.9798012, 33.8085528], [74.9785995, 33.8075989], [74.9764109, 33.8055039], [74.9749625, 33.8038903], [74.971497, 33.8001013], [74.9690401, 33.7976495], [74.9670124, 33.7960179], [74.9656069, 33.795376], [74.9643195, 33.7950906], [74.9627852, 33.7949123], [74.9617338, 33.7945824], [74.9597919, 33.7939583], [74.9564659, 33.7933609], [74.9526358, 33.7928616], [74.9510264, 33.7926387], [74.9454474, 33.7917827], [74.9423575, 33.7916133], [74.9403191, 33.7919165], [74.9395144, 33.7922196], [74.938463, 33.7928527], [74.9374437, 33.7936284], [74.9360382, 33.7949747], [74.9346864, 33.7959287], [74.9350405, 33.7971324], [74.9351156, 33.7977476], [74.9350083, 33.7986213], [74.9351585, 33.7993881], [74.9353945, 33.8001637], [74.9362314, 33.8006006], [74.9369609, 33.8010374], [74.9375617, 33.8015367], [74.9380231, 33.8019914], [74.9383449, 33.8023301], [74.9380875, 33.8030344], [74.9376798, 33.8032662], [74.9370789, 33.8034356], [74.9363708, 33.803498], [74.9357593, 33.8034445], [74.9349546, 33.8032127], [74.934268, 33.8028294], [74.9330234, 33.8020894], [74.9317253, 33.8014832], [74.9301696, 33.8003866], [74.9287641, 33.7996734], [74.9276483, 33.7993791], [74.9270582, 33.7993613], [74.9265218, 33.799495], [74.9261463, 33.7998784], [74.9258459, 33.8003064], [74.9253952, 33.8005738], [74.925009, 33.8009037], [74.9246871, 33.8014029], [74.9246549, 33.8020092], [74.924773, 33.8024728], [74.9252128, 33.803079], [74.9262857, 33.8037031], [74.9295151, 33.8057446], [74.9308562, 33.8066361], [74.9315107, 33.8070551], [74.931854, 33.807688], [74.9317896, 33.8082051], [74.9315858, 33.8083923], [74.9309635, 33.8085528], [74.9300408, 33.808526], [74.9294078, 33.8084101], [74.9281418, 33.8083656], [74.9272942, 33.8084101], [74.925921, 33.8086865], [74.9251056, 33.8090787], [74.9245477, 33.8095601], [74.9243331, 33.8098454], [74.9242151, 33.8103624], [74.9243867, 33.810924], [74.9250305, 33.811753], [74.9250626, 33.812591], [74.9247193, 33.8130545], [74.9237966, 33.8131526], [74.9230134, 33.8129921], [74.922241, 33.8127871], [74.9215758, 33.8127336], [74.9209535, 33.8127069], [74.9196982, 33.8126623], [74.9191081, 33.812377], [74.9181318, 33.8120294], [74.9174237, 33.8114232], [74.9169624, 33.8108349], [74.9155676, 33.8094977], [74.9130034, 33.8074652], [74.9111152, 33.8058783], [74.9098277, 33.8050938], [74.9090123, 33.8047907], [74.9079502, 33.8046124], [74.906652, 33.8048085], [74.9052358, 33.8055128], [74.9046671, 33.8058605], [74.9042916, 33.8062795], [74.9040234, 33.806752], [74.903841, 33.8071353], [74.9037981, 33.8074563], [74.9036372, 33.8081516], [74.9032402, 33.8086062], [74.9025535, 33.8089272], [74.9019098, 33.8088469], [74.9016738, 33.8087667], [74.9011373, 33.8084814], [74.8986268, 33.8069659], [74.8948073, 33.8044519], [74.8917711, 33.8021429], [74.8884559, 33.8000121], [74.8895931, 33.799076], [74.8909342, 33.7983628], [74.8912775, 33.79781], [74.8890674, 33.7954205], [74.8886275, 33.7951976], [74.8879409, 33.7951709], [74.8871899, 33.795269], [74.8865783, 33.7956256], [74.8860204, 33.7959198], [74.8852801, 33.796223], [74.8846257, 33.7964904], [74.8840248, 33.7963745], [74.8820937, 33.7949658], [74.8812675, 33.7941901], [74.88042, 33.7926922], [74.8794758, 33.7909], [74.8785746, 33.7898835], [74.8777056, 33.7890275], [74.8764825, 33.7888492], [74.8755062, 33.7892683], [74.8748088, 33.7896606], [74.8742938, 33.7900708], [74.8740256, 33.7906147], [74.8736286, 33.7914974], [74.87306, 33.7926922], [74.8726416, 33.7937532], [74.8720729, 33.7942615], [74.8715258, 33.7943328], [74.8705172, 33.7942615], [74.8687255, 33.7938959], [74.8682642, 33.7938424], [74.8657536, 33.7938513], [74.8637688, 33.7942525], [74.8632645, 33.7942525], [74.8626959, 33.7942258], [74.8620844, 33.7940475], [74.861623, 33.7935482], [74.8611832, 33.7931826], [74.8606467, 33.7930845], [74.8593807, 33.7936284], [74.8586833, 33.7940742], [74.8579538, 33.7943595], [74.857192, 33.7946983], [74.8567414, 33.7952066], [74.8562372, 33.795688], [74.8559046, 33.7964013], [74.8554325, 33.7971859], [74.8553896, 33.7979259], [74.8555505, 33.7986302], [74.8557329, 33.7990136], [74.8591125, 33.8014743], [74.861505, 33.8031949], [74.8635006, 33.8050849], [74.866333, 33.806538], [74.8710322, 33.8091857], [74.8736822, 33.8100237], [74.8744333, 33.8104248], [74.8752272, 33.8107992], [74.8761499, 33.8118333], [74.8764074, 33.8131169], [74.8767722, 33.8142757], [74.8766971, 33.8150513], [74.8761284, 33.81539], [74.8743904, 33.8155059], [74.8730707, 33.8153365], [74.8704851, 33.8147125], [74.8668694, 33.8139281], [74.865582, 33.8135448], [74.8644555, 33.8133665], [74.8630285, 33.8132685], [74.862138, 33.8131347], [74.8607004, 33.8130902], [74.8602497, 33.8132952], [74.8596811, 33.8138835], [74.8587692, 33.8142936], [74.8572993, 33.8141153], [74.856559, 33.814142], [74.8556685, 33.8143292], [74.8549712, 33.8145075], [74.8545313, 33.8146769], [74.8542738, 33.8150334], [74.8541558, 33.8155504], [74.853791, 33.816014], [74.8529649, 33.8167716], [74.8505294, 33.8192496], [74.8495638, 33.8194011], [74.8490918, 33.8193388], [74.8480189, 33.8187237], [74.8440385, 33.8162101], [74.8432338, 33.815595], [74.8432338, 33.8151137], [74.8433947, 33.8145521], [74.8442101, 33.8130189], [74.8448646, 33.8121096], [74.8451435, 33.8118689], [74.8457658, 33.8116104], [74.846077, 33.8113697], [74.8460448, 33.808633], [74.8456049, 33.8080357], [74.845401, 33.8074741], [74.8451328, 33.8069838], [74.8448861, 33.8066361], [74.8434591, 33.8050225], [74.8406052, 33.8016526], [74.838717, 33.79929], [74.8353696, 33.7952066], [74.8323226, 33.7918719], [74.8292971, 33.7883053], [74.8267007, 33.7854965], [74.8260677, 33.7843105], [74.8250162, 33.7835615], [74.8239219, 33.782643], [74.8230421, 33.7825984], [74.8225486, 33.7827233], [74.8220444, 33.7830264], [74.8217547, 33.7835169], [74.8213148, 33.7842659], [74.8198879, 33.7865576], [74.8190081, 33.7867449], [74.8184287, 33.7867627], [74.8176026, 33.7867538], [74.8168838, 33.7870124], [74.8164654, 33.78769], [74.81565, 33.7891078], [74.8142552, 33.7908109], [74.8129785, 33.7919165], [74.8118412, 33.792826], [74.8111117, 33.7936195], [74.8105216, 33.7940564], [74.8086011, 33.7949569], [74.8073137, 33.7954919], [74.8064983, 33.7958307], [74.8058116, 33.7959287], [74.8050713, 33.796009], [74.8044491, 33.7961516], [74.8038483, 33.79633], [74.8024428, 33.7965618], [74.7986555, 33.7969987], [74.7969174, 33.7971324], [74.7957909, 33.7970611], [74.7954368, 33.7970165], [74.7925722, 33.7958753], [74.7889674, 33.7941634], [74.785577, 33.7922642], [74.7818005, 33.7904542], [74.7766399, 33.7882875], [74.7763717, 33.7889919], [74.7758782, 33.7899103], [74.7756314, 33.7903294], [74.7743225, 33.7911675], [74.7734856, 33.7916044], [74.7725522, 33.792077], [74.7719943, 33.792184], [74.7711682, 33.7922821], [74.7705245, 33.7923801], [74.769752, 33.7924426], [74.769119, 33.7924247], [74.7687006, 33.7925495], [74.7682714, 33.7930132], [74.7672307, 33.7937978], [74.7660291, 33.7946627], [74.7652352, 33.7950728], [74.7648811, 33.7955632], [74.7645593, 33.796116], [74.7643447, 33.796963], [74.7642374, 33.7985232], [74.7634542, 33.7999497], [74.7626388, 33.8012514], [74.7621024, 33.8019379], [74.7619629, 33.8031949], [74.7614372, 33.8040062], [74.7607183, 33.8048977], [74.7602034, 33.8053702], [74.7596347, 33.8055217], [74.7588515, 33.8056287], [74.7541094, 33.8055485], [74.7523606, 33.8052632], [74.7501933, 33.8046392], [74.7490561, 33.8044876], [74.7462451, 33.8040418], [74.7451079, 33.8034178], [74.7443676, 33.8029542], [74.7435093, 33.8025708], [74.7428226, 33.8023301], [74.7412348, 33.8019557], [74.7395289, 33.8011355], [74.7390139, 33.8007878], [74.7388422, 33.8003598], [74.7387028, 33.7995396], [74.7386062, 33.7990493], [74.7382843, 33.7986035], [74.7378659, 33.7984163], [74.7369754, 33.798131], [74.7329092, 33.79781], [74.7314608, 33.7976317], [74.7304523, 33.797489], [74.7297013, 33.7972215], [74.7292614, 33.7967401], [74.7277486, 33.7955186], [74.7273838, 33.7952957], [74.7265041, 33.7950371], [74.7253346, 33.79452], [74.7224593, 33.7937443], [74.7205925, 33.793138], [74.7193158, 33.7925852], [74.7180068, 33.7923801], [74.7165155, 33.7920413], [74.7155392, 33.7916847], [74.714992, 33.7913815], [74.7146273, 33.7909535], [74.7137368, 33.7903829], [74.7130501, 33.7905077], [74.7127068, 33.7907841], [74.7122025, 33.7913726], [74.7120201, 33.7916044], [74.7119558, 33.7934947], [74.7120523, 33.7955186], [74.7122455, 33.7979972], [74.7125029, 33.7990849], [74.7129428, 33.8005916], [74.7132325, 33.8014119], [74.7132862, 33.8018398], [74.7134899, 33.8027761], [74.7111511, 33.8024015], [74.7077822, 33.8027759], [74.701066, 33.8046838], [74.6944999, 33.8063954], [74.6896505, 33.8062528], [74.6868717, 33.8046124], [74.6864641, 33.8037298], [74.6870327, 33.8022588], [74.6857452, 33.8005471], [74.6759176, 33.7921305], [74.6691263, 33.788546], [74.6659291, 33.7859156], [74.6649527, 33.7855857], [74.6633005, 33.7850239], [74.6596527, 33.7827678], [74.6569168, 33.7810289], [74.6542025, 33.7782288], [74.6525931, 33.7758834], [74.6509087, 33.7736004], [74.6472931, 33.7700152], [74.6464348, 33.7685347], [74.6443534, 33.7646638], [74.6416712, 33.7614707], [74.6389246, 33.759107], [74.6338606, 33.7547719], [74.6307707, 33.7524615], [74.625932, 33.7502225], [74.6244192, 33.7483848], [74.6249771, 33.747002], [74.6252775, 33.7450572], [74.6256423, 33.74247], [74.625653, 33.7397846], [74.6233892, 33.7394724], [74.6206534, 33.7385267], [74.6175742, 33.7382322], [74.6107077, 33.7357341], [74.6093237, 33.7339496], [74.6044099, 33.7287566], [74.6013307, 33.7249732], [74.597801, 33.7235276], [74.592179, 33.7219393], [74.584347, 33.7199493], [74.5808387, 33.7189587], [74.5787573, 33.7168348], [74.5782101, 33.714684], [74.5779258, 33.7134257], [74.577797, 33.7118862], [74.5764989, 33.7098424], [74.5758283, 33.7093203], [74.5739186, 33.7077495], [74.572776, 33.7064063], [74.5710593, 33.7037599], [74.5698684, 33.7016691], [74.569541, 33.7002969], [74.5691121, 33.6985294], [74.5678675, 33.6971816], [74.5681572, 33.6955927], [74.5671607, 33.6931814], [74.5661937, 33.6921382]]]]}}, {"type": "Feature", "properties": {"tehsil": "Damhal Hanjipora", "district": "Kulgam"}, "geometry": {"type": "MultiPolygon", "coordinates": [[[[74.5401281, 33.680238], [74.541893, 33.6797113], [74.5427084, 33.6780328], [74.5430517, 33.6745329], [74.5422363, 33.6726757], [74.5409059, 33.6700685], [74.5390605, 33.6672469], [74.5367002, 33.6639965], [74.5354127, 33.6622106], [74.5340395, 33.6609247], [74.5324516, 33.6597102], [74.5313358, 33.6587457], [74.5316791, 33.6571026], [74.5320653, 33.6559238], [74.5314216, 33.6543163], [74.5303487, 33.6529588], [74.5292759, 33.6504224], [74.5292759, 33.6487076], [74.5290184, 33.6471], [74.5293589, 33.6451969], [74.529071, 33.643181], [74.5267803, 33.6424098], [74.5251316, 33.6420348], [74.5234469, 33.6415998], [74.5232783, 33.641601], [74.5217557, 33.6416121], [74.5203183, 33.6413771], [74.5197277, 33.6399558], [74.5193195, 33.637918], [74.5193202, 33.6377996], [74.519341, 33.6344165], [74.519577, 33.6322369], [74.5192122, 33.6292711], [74.5192551, 33.6290209], [74.5196444, 33.6282593], [74.5196843, 33.6281812], [74.5208215, 33.6266983], [74.521389, 33.6260503], [74.5215726, 33.6258406], [74.5224094, 33.6251259], [74.5232461, 33.6243988], [74.5246441, 33.6239902], [74.524675, 33.6239033], [74.524809, 33.6235263], [74.5248341, 33.6230712], [74.5248929, 33.6226223], [74.5249629, 33.6220884], [74.5251989, 33.6208198], [74.5262503, 33.6189615], [74.5264095, 33.6186474], [74.5268297, 33.6178179], [74.526965, 33.6171256], [74.5269799, 33.6170495], [74.5267458, 33.6161561], [74.5267224, 33.6160667], [74.5250058, 33.6150124], [74.5246809, 33.6147238], [74.5240402, 33.6141547], [74.522577, 33.6124864], [74.5207357, 33.6104735], [74.5203066, 33.6096336], [74.5206022, 33.6079099], [74.5206284, 33.6077571], [74.5205211, 33.6066134], [74.5202777, 33.6061573], [74.5199203, 33.6054875], [74.5191049, 33.6046297], [74.5174056, 33.6033006], [74.5173454, 33.6032535], [74.5158989, 33.6024187], [74.5152097, 33.6019962], [74.5141832, 33.6010986], [74.5141268, 33.6010195], [74.5141053, 33.5991787], [74.5141444, 33.5990648], [74.5143628, 33.598428], [74.5147061, 33.597588], [74.5149207, 33.5969624], [74.5150494, 33.5959079], [74.5149421, 33.5946567], [74.5153069, 33.5928515], [74.515411, 33.5925334], [74.5157575, 33.5914752], [74.5162511, 33.589938], [74.5172596, 33.5889012], [74.5194697, 33.5871316], [74.5204568, 33.5862021], [74.5208645, 33.583914], [74.5210336, 33.5832282], [74.5211863, 33.5826091], [74.5217228, 33.5820549], [74.5219352, 33.5818618], [74.5226669, 33.5811968], [74.5235568, 33.5804555], [74.5236325, 33.5803924], [74.5240187, 33.5791768], [74.5241689, 33.5781041], [74.5232463, 33.5761198], [74.5229163, 33.5755608], [74.5226025, 33.5750292], [74.5219159, 33.5737063], [74.5226455, 33.5729018], [74.5238471, 33.5717218], [74.5267767, 33.569089], [74.5268512, 33.5690221], [74.5275593, 33.5675381], [74.5271945, 33.5664654], [74.5251775, 33.5650171], [74.5224738, 33.5630861], [74.5214224, 33.5622457], [74.5200705, 33.5614411], [74.5187187, 33.5606543], [74.5172381, 33.5595994], [74.5161652, 33.5577934], [74.5160833, 33.5572441], [74.5157361, 33.5549145], [74.5161363, 33.554262], [74.5162296, 33.5541098], [74.5170021, 33.5533766], [74.5178604, 33.5526255], [74.5186758, 33.5517672], [74.519577, 33.5509446], [74.5197057, 33.5509149], [74.5205855, 33.5507121], [74.5225167, 33.5504975], [74.5251131, 33.5497464], [74.5256495, 33.549049], [74.5261431, 33.5481012], [74.5268512, 33.547976], [74.5280313, 33.5474574], [74.5291407, 33.5465659], [74.529233, 33.5464917], [74.5302294, 33.5449345], [74.5302629, 33.5448821], [74.530456, 33.5437197], [74.53022, 33.5419849], [74.5302509, 33.541872], [74.5307135, 33.5401785], [74.5312928, 33.5386055], [74.5313787, 33.5383721], [74.5326233, 33.5357429], [74.5331168, 33.5332389], [74.5339536, 33.5318795], [74.5346035, 33.531161], [74.5350051, 33.5307169], [74.5362621, 33.5298187], [74.5363569, 33.529751], [74.5377533, 33.5276833], [74.5380687, 33.5274882], [74.5407729, 33.5270535], [74.5440992, 33.527679], [74.5441976, 33.5276975], [74.5459957, 33.5283629], [74.5467853, 33.5291678], [74.5471029, 33.5294256], [74.5476222, 33.5295935], [74.5477785, 33.529557], [74.547974, 33.5295113], [74.5482016, 33.5294684], [74.5491886, 33.5292144], [74.5508408, 33.5288208], [74.5519137, 33.5285883], [74.5529376, 33.5284045], [74.5533085, 33.5283379], [74.5546603, 33.5278728], [74.5556688, 33.5272467], [74.5560121, 33.5264776], [74.5567972, 33.5253322], [74.5568704, 33.5252254], [74.5580292, 33.5247603], [74.5581545, 33.5247603], [74.5603251, 33.5247603], [74.562149, 33.5246888], [74.5640373, 33.5245993], [74.5656681, 33.5241879], [74.5662689, 33.5232935], [74.5666551, 33.5224527], [74.5668471, 33.5219525], [74.5669985, 33.5215583], [74.5673203, 33.5206817], [74.5675349, 33.5197157], [74.5681143, 33.5184456], [74.5690369, 33.5180341], [74.5704531, 33.5178731], [74.5716762, 33.5174259], [74.572384, 33.5165267], [74.5725775, 33.5162809], [74.5739031, 33.5135992], [74.5739615, 33.5134811], [74.5742941, 33.5130696], [74.5747232, 33.5124077], [74.5749271, 33.5119157], [74.5749039, 33.5118501], [74.574734, 33.51137], [74.5743799, 33.5107438], [74.5738113, 33.5101266], [74.5731568, 33.509402], [74.573508, 33.5085606], [74.573535, 33.5084958], [74.5750318, 33.5071717], [74.5750975, 33.5071135], [74.5751095, 33.5071029], [74.5765257, 33.5075502], [74.5797014, 33.5083911], [74.5821047, 33.5087311], [74.5850658, 33.5087848], [74.5886922, 33.5087669], [74.5887565, 33.5080691], [74.5886063, 33.5072461], [74.5884347, 33.5062083], [74.5883918, 33.5052422], [74.5884561, 33.5040076], [74.5907092, 33.5026299], [74.5916131, 33.5021777], [74.5916748, 33.5021468], [74.5928335, 33.501771], [74.594129, 33.5014166], [74.5942068, 33.5013953], [74.5954728, 33.5015563], [74.5965886, 33.5022362], [74.5981335, 33.5028088], [74.5991421, 33.5018963], [74.5991937, 33.5018646], [74.5998716, 33.501449], [74.6006226, 33.501109], [74.6006447, 33.501109], [74.6018672, 33.501109], [74.6029615, 33.501449], [74.6030108, 33.5014393], [74.6041417, 33.5012163], [74.6046567, 33.5002143], [74.6051297, 33.4983964], [74.6051502, 33.4983176], [74.6052789, 33.4974229], [74.6056652, 33.4959914], [74.6057475, 33.4955965], [74.6075987, 33.4962298], [74.6135309, 33.4982137], [74.6153379, 33.4985119], [74.6164867, 33.4986334], [74.6176354, 33.4983707], [74.6186769, 33.4979051], [74.6199486, 33.4972474], [74.6214795, 33.4974521], [74.6215406, 33.497452], [74.6232614, 33.4974465], [74.6264206, 33.4972188], [74.6289252, 33.4981746], [74.6298265, 33.4992839], [74.6299045, 33.4994399], [74.6304703, 33.5005722], [74.6307707, 33.5015026], [74.6321869, 33.5011985], [74.6344717, 33.5012978], [74.6346545, 33.5013058], [74.6363497, 33.5016816], [74.6380663, 33.5018784], [74.6402764, 33.5025583], [74.6403544, 33.5026565], [74.6414137, 33.5039897], [74.641755, 33.5046501], [74.641726, 33.5049597], [74.6416368, 33.5059096], [74.641643, 33.5068793], [74.6415639, 33.5078544], [74.6415853, 33.5088384], [74.6420359, 33.5091426], [74.6433234, 33.5091068], [74.6446323, 33.509733], [74.6455121, 33.5108601], [74.6455605, 33.5109408], [74.6458339, 33.5113969], [74.6463489, 33.5122198], [74.6464129, 33.5122703], [74.6483016, 33.5137584], [74.649117, 33.5145814], [74.6497822, 33.5145098], [74.6506834, 33.5137584], [74.6513915, 33.5128281], [74.6517992, 33.5121662], [74.6521854, 33.511218], [74.6521854, 33.511102], [74.6521854, 33.5103234], [74.6521425, 33.5094646], [74.6522589, 33.5094203], [74.6531296, 33.5090889], [74.6540093, 33.5087848], [74.6548676, 33.5073355], [74.6553182, 33.5063157], [74.6558332, 33.5057789], [74.6573138, 33.5060831], [74.6589875, 33.5067093], [74.6609504, 33.5066193], [74.6613264, 33.506602], [74.6628293, 33.5063742], [74.6641588, 33.5061726], [74.6654033, 33.5057968], [74.6666264, 33.5055821], [74.6695661, 33.5060831], [74.6709609, 33.5058684], [74.6710956, 33.5058166], [74.6734285, 33.5049201], [74.6735393, 33.5049072], [74.6755743, 33.5046696], [74.6774196, 33.5046517], [74.6785784, 33.5046338], [74.6797176, 33.5049464], [74.6800685, 33.5050427], [74.6806383, 33.5054569], [74.6811318, 33.5062262], [74.6818614, 33.5074787], [74.6818728, 33.5075114], [74.6820116, 33.5079081], [74.6831488, 33.5104129], [74.6832849, 33.5107447], [74.6837067, 33.5117726], [74.684093, 33.5137226], [74.6843391, 33.514228], [74.6868771, 33.5150214], [74.6883887, 33.5157854], [74.6884489, 33.5158158], [74.6895647, 33.5168176], [74.6904444, 33.5178016], [74.6908274, 33.51818], [74.6916032, 33.5189465], [74.6933273, 33.5203666], [74.6933841, 33.5204134], [74.6957874, 33.5210037], [74.6971178, 33.521612], [74.6981583, 33.5221888], [74.7014093, 33.5239911], [74.702847, 33.524653], [74.7040879, 33.5249827], [74.7047996, 33.5251718], [74.7089839, 33.525619], [74.7091507, 33.5255824], [74.7118807, 33.5243131], [74.7134685, 33.5232577], [74.7145843, 33.5216835], [74.7157216, 33.520163], [74.7170949, 33.5187676], [74.7194501, 33.5177017], [74.720099, 33.517408], [74.7227597, 33.5163346], [74.725399, 33.5156548], [74.7272658, 33.5149034], [74.7294116, 33.5141699], [74.7323942, 33.5125955], [74.7326946, 33.5111464], [74.7329736, 33.5099477], [74.7332525, 33.5083911], [74.7341323, 33.5072103], [74.7346902, 33.5067093], [74.7356343, 33.5063694], [74.7379088, 33.5061189], [74.7397542, 33.5056716], [74.7417927, 33.5045623], [74.7445607, 33.5018784], [74.7468567, 33.4996417], [74.7473717, 33.4974408], [74.7481012, 33.4961525], [74.7495603, 33.4947388], [74.7506976, 33.4937189], [74.7524142, 33.4930389], [74.7539806, 33.4924841], [74.7567701, 33.4909273], [74.7582078, 33.4892093], [74.7592377, 33.4887261], [74.7614264, 33.4885114], [74.7628641, 33.4879387], [74.7651601, 33.4872945], [74.766705, 33.4868829], [74.7684431, 33.4864713], [74.7695589, 33.4861849], [74.7704816, 33.4860239], [74.772799, 33.4862565], [74.775052, 33.4870797], [74.7778201, 33.488404], [74.7797727, 33.4883503], [74.781425, 33.4879745], [74.7829914, 33.487724], [74.7847509, 33.4873661], [74.786253, 33.4867934], [74.7895789, 33.4847532], [74.7933554, 33.4814602], [74.7941923, 33.4797063], [74.7943854, 33.478883], [74.7940206, 33.4778807], [74.7933769, 33.4771648], [74.7923469, 33.4767174], [74.7914886, 33.4760909], [74.7894072, 33.4736746], [74.788785, 33.4727081], [74.7888279, 33.4720995], [74.7898364, 33.470954], [74.790523, 33.4697905], [74.7934627, 33.4669624], [74.7949862, 33.4667655], [74.7978401, 33.4667655], [74.8001146, 33.4667834], [74.8016381, 33.4670698], [74.8031401, 33.4677679], [74.805243, 33.4684481], [74.8071098, 33.4685018], [74.8083758, 33.4684481], [74.8096847, 33.4683049], [74.8104572, 33.4683586], [74.8125386, 33.4693073], [74.8159504, 33.4685018], [74.8177743, 33.4676068], [74.8197698, 33.4673025], [74.822216, 33.4670877], [74.8254561, 33.4660853], [74.8280525, 33.4660853], [74.8300051, 33.4665328], [74.8309922, 33.4670698], [74.8321938, 33.4679648], [74.8332453, 33.4696115], [74.8342109, 33.4709182], [74.8354339, 33.4720458], [74.8359275, 33.4726365], [74.8365497, 33.4741221], [74.8373008, 33.4768069], [74.8392749, 33.4753392], [74.8413992, 33.4748023], [74.8446822, 33.4746591], [74.8468065, 33.4747128], [74.8523855, 33.4747665], [74.8543167, 33.4729408], [74.8552179, 33.472368], [74.8572993, 33.4726007], [74.8585653, 33.4737999], [74.8595738, 33.474677], [74.8619342, 33.4763415], [74.8630285, 33.4780418], [74.8635006, 33.4791515], [74.8637795, 33.4800284], [74.8639512, 33.4823372], [74.8661184, 33.482534], [74.8680067, 33.4826235], [74.8694014, 33.4828562], [74.8707962, 33.4834289], [74.8726415, 33.4840374], [74.8746586, 33.4835721], [74.8763537, 33.4827667], [74.8777699, 33.4821403], [74.8795295, 33.4815676], [74.8810529, 33.4814244], [74.8837781, 33.4819076], [74.8881984, 33.4814423], [74.8920393, 33.4809412], [74.8932624, 33.481854], [74.8942494, 33.482194], [74.8952579, 33.4821582], [74.8960733, 33.4827309], [74.8970818, 33.4841447], [74.8976397, 33.4856122], [74.8988628, 33.4863281], [74.8996138, 33.4866144], [74.9007726, 33.4869545], [74.9012017, 33.4874555], [74.9016523, 33.4881893], [74.9024248, 33.4900683], [74.9039483, 33.4908557], [74.9057293, 33.4910167], [74.907403, 33.4907304], [74.9085617, 33.4904441], [74.9100423, 33.490283], [74.9109435, 33.4907841], [74.9115443, 33.4917683], [74.9131107, 33.4938978], [74.9146986, 33.4961167], [74.9166727, 33.4968682], [74.9189472, 33.4970293], [74.9207282, 33.4969398], [74.9224877, 33.4964388], [74.924097, 33.4962062], [74.9270582, 33.4957051], [74.9294615, 33.4949715], [74.9311352, 33.4941841], [74.9327874, 33.4933073], [74.9371862, 33.4915894], [74.9391818, 33.4915357], [74.940598, 33.4921262], [74.9420571, 33.4927168], [74.9433231, 33.4932715], [74.9452972, 33.4945062], [74.9485588, 33.4962598], [74.9506187, 33.4964388], [74.9514556, 33.4971545], [74.9518418, 33.4987471], [74.9516916, 33.5076576], [74.9536228, 33.5106276], [74.9543953, 33.5122914], [74.9569058, 33.5127208], [74.9587297, 33.5127208], [74.9605751, 33.5125777], [74.9641585, 33.5127745], [74.9655962, 33.5137405], [74.9679994, 33.5135974], [74.9717974, 33.513508], [74.9749946, 33.5130965], [74.9814963, 33.5129534], [74.9830413, 33.5134185], [74.9845004, 33.5129176], [74.9858093, 33.5128281], [74.9871182, 33.512846], [74.9888992, 33.512846], [74.9919891, 33.5126492], [74.9923539, 33.5105202], [74.9928045, 33.5093036], [74.9929762, 33.5086058], [74.9944138, 33.5078902], [74.9961519, 33.5071745], [74.99789, 33.5061726], [74.9998855, 33.5050811], [75.0016022, 33.5046875], [75.00319, 33.5047233], [75.0042844, 33.5048664], [75.0054002, 33.5053853], [75.0068164, 33.5081407], [75.0085544, 33.5096256], [75.0099277, 33.5102161], [75.0118589, 33.5104129], [75.013597, 33.5104486], [75.0149917, 33.5094288], [75.0197339, 33.5051348], [75.0245189, 33.5010016], [75.0273513, 33.5027909], [75.0304198, 33.5041686], [75.0341105, 33.5045265], [75.039196, 33.5039897], [75.0436806, 33.5029162], [75.0493669, 33.5023257], [75.0535726, 33.5016816], [75.056405, 33.5002501], [75.0582504, 33.4992123], [75.0613403, 33.4989976], [75.0634431, 33.4989618], [75.0657606, 33.4982819], [75.0683355, 33.4976735], [75.0703954, 33.4976377], [75.0735712, 33.4969935], [75.0773906, 33.4958483], [75.0803089, 33.4949178], [75.082283, 33.4945241], [75.0832057, 33.4951683], [75.0850403, 33.4964746], [75.0907802, 33.4993913], [75.0961875, 33.503113], [75.0976038, 33.5051527], [75.0960159, 33.5063694], [75.093956, 33.5074071], [75.0930118, 33.5083017], [75.0924539, 33.509733], [75.0922393, 33.5110927], [75.0920248, 33.5122377], [75.0914239, 33.5145993], [75.0879478, 33.5158874], [75.0861024, 33.5165314], [75.0848579, 33.5174975], [75.0845575, 33.519036], [75.0844717, 33.5208606], [75.0834846, 33.5221486], [75.0820255, 33.5230431], [75.0764465, 33.5268353], [75.071125, 33.531021], [75.0703954, 33.5335251], [75.0706529, 33.5363511], [75.0699663, 33.5384616], [75.0685072, 33.5425393], [75.0664901, 33.5458658], [75.07164, 33.5512307], [75.0833559, 33.5591703], [75.0881624, 33.562049], [75.0846004, 33.5632113], [75.0765323, 33.5661793], [75.0687432, 33.5686645], [75.0648165, 33.5691651], [75.059731, 33.5694333], [75.0538087, 33.5694512], [75.04323, 33.5711497], [75.0369215, 33.571686], [75.0296259, 33.5724906], [75.0254202, 33.5727587], [75.0236392, 33.5731163], [75.0206566, 33.5747968], [75.0131678, 33.5795343], [75.0084686, 33.5824303], [75.0083184, 33.5835744], [75.0044775, 33.585934], [75.0002289, 33.5878287], [74.9951005, 33.5901525], [74.9896073, 33.5926727], [74.9876332, 33.593209], [74.9849081, 33.5936916], [74.9801445, 33.5940848], [74.9695873, 33.594192], [74.9643516, 33.5946746], [74.9579572, 33.594764], [74.9545669, 33.5947997], [74.9532151, 33.5951036], [74.9516487, 33.5955862], [74.9506831, 33.5961581], [74.9501037, 33.5971411], [74.9495673, 33.598428], [74.948945, 33.5998399], [74.9439668, 33.6042901], [74.9378943, 33.6092225], [74.9352336, 33.6110989], [74.9300837, 33.6141726], [74.9303198, 33.6165849], [74.9316931, 33.6215345], [74.9321651, 33.6247686], [74.9315643, 33.625787], [74.9310279, 33.6268233], [74.9307704, 33.6284492], [74.9323368, 33.6296105], [74.9345255, 33.6316651], [74.9354052, 33.6330944], [74.9354052, 33.6337912], [74.9347615, 33.6357564], [74.9345469, 33.6366496], [74.9339247, 33.6377036], [74.9328089, 33.6381324], [74.9319076, 33.6376322], [74.9306416, 33.6375964], [74.9297404, 33.6379359], [74.9275088, 33.6384004], [74.9258566, 33.6397759], [74.9242902, 33.6398117], [74.9224019, 33.6400796], [74.9220586, 33.6412051], [74.9240327, 33.6422233], [74.9256205, 33.6446527], [74.9270797, 33.6450993], [74.9277448, 33.6458317], [74.9279809, 33.646707], [74.9272942, 33.6474394], [74.9271226, 33.648136], [74.9272299, 33.6530124], [74.9245691, 33.6532446], [74.9231958, 33.6529409], [74.9216509, 33.6523336], [74.921093, 33.6518513], [74.9201274, 33.6499222], [74.9188185, 33.6497794], [74.9179816, 33.649958], [74.9160075, 33.6505831], [74.9136257, 33.6511726], [74.912467, 33.6512798], [74.9107075, 33.6516191], [74.9094387, 33.6523398], [74.9088621, 33.6519942], [74.9072099, 33.6513601], [74.9059117, 33.650994], [74.9042916, 33.6508153], [74.9018669, 33.6505206], [74.9009979, 33.6498061], [74.9007726, 33.6492881], [74.9011803, 33.6483771], [74.901588, 33.6479484], [74.9022102, 33.6474394], [74.9026716, 33.6469571], [74.9030149, 33.6463676], [74.9031222, 33.6454655], [74.9029934, 33.6444741], [74.9019098, 33.6444652], [74.9010515, 33.6443848], [74.8998821, 33.6441258], [74.8985624, 33.6434827], [74.8958373, 33.6416606], [74.8947644, 33.6408478], [74.8928654, 33.6391239], [74.8918033, 33.6379269], [74.8909879, 33.6369712], [74.8893893, 33.6355598], [74.8874152, 33.6347648], [74.8870826, 33.6340859], [74.8850226, 33.6312989], [74.8841429, 33.6299232], [74.8832738, 33.6287887], [74.8816967, 33.6275201], [74.8796046, 33.6268323], [74.8781133, 33.626466], [74.8763966, 33.6262426], [74.8750555, 33.6259121], [74.8743045, 33.6257424], [74.8736286, 33.6254922], [74.8730171, 33.6249115], [74.8711073, 33.6239824], [74.8705172, 33.623768], [74.870249, 33.6238573], [74.8690367, 33.6241075], [74.8681784, 33.6245452], [74.8666012, 33.6254565], [74.8632538, 33.6275737], [74.8619127, 33.6284224], [74.8593593, 33.6309237], [74.8568165, 33.6329604], [74.8543918, 33.6354794], [74.8538446, 33.6358457], [74.8529112, 33.6362298], [74.8508406, 33.6373106], [74.8496389, 33.6378465], [74.849478, 33.6382396], [74.849242, 33.6386683], [74.8482871, 33.6387934], [74.8475468, 33.6396955], [74.845444, 33.6419643], [74.8422253, 33.6443312], [74.8416245, 33.644742], [74.8400259, 33.6455727], [74.8380625, 33.6471], [74.8376655, 33.6477609], [74.8377085, 33.6487344], [74.836818, 33.6491006], [74.8351228, 33.6499401], [74.833771, 33.6510833], [74.8331702, 33.6516191], [74.8319793, 33.6530749], [74.8311639, 33.6534053], [74.8302519, 33.6537], [74.8294151, 33.6539501], [74.828074, 33.6543341], [74.8266685, 33.6547717], [74.8254025, 33.6548699], [74.8234069, 33.6549414], [74.8220873, 33.6541823], [74.8210573, 33.6536464], [74.8205209, 33.6539858], [74.8197484, 33.6543698], [74.8172486, 33.6531017], [74.8159504, 33.6526998], [74.8151028, 33.6523783], [74.8135471, 33.6521282], [74.8115194, 33.6521996], [74.810543, 33.6524318], [74.8100173, 33.6525212], [74.8090732, 33.6524318], [74.8079789, 33.6523872], [74.8065948, 33.6520746], [74.8042881, 33.6517531], [74.8025393, 33.6513691], [74.801327, 33.6513423], [74.7974324, 33.6516191], [74.7950506, 33.6517084], [74.7931409, 33.6519496], [74.7922611, 33.6521193], [74.7909844, 33.6530838], [74.7900295, 33.6547717], [74.7892141, 33.6555576], [74.7887742, 33.6558076], [74.7878086, 33.6558255], [74.7865856, 33.6560666], [74.7860598, 33.6555754], [74.7837746, 33.6527087], [74.7832811, 33.65203], [74.7826588, 33.6501544], [74.7813606, 33.6473143], [74.7807813, 33.6466087], [74.7791612, 33.6452869], [74.7784209, 33.6450279], [74.777981, 33.6458228], [74.7767794, 33.64735], [74.7760284, 33.6489309], [74.7748804, 33.6509047], [74.7743654, 33.6532624], [74.774301, 33.6555397], [74.7746336, 33.6572633], [74.7755027, 33.6591118], [74.7755027, 33.6613622], [74.7746229, 33.6620409], [74.7743654, 33.662532], [74.774462, 33.6631303], [74.7745693, 33.6638268], [74.774698, 33.6644876], [74.7749126, 33.6655592], [74.7762322, 33.6673272], [74.7765541, 33.6678629], [74.7769511, 33.6683362], [74.7772944, 33.6685416], [74.7779167, 33.6686487], [74.778378, 33.6684612], [74.7790646, 33.668104], [74.7795796, 33.6676754], [74.7804487, 33.6673093], [74.7813392, 33.6667557], [74.7821545, 33.6665593], [74.7831094, 33.6664075], [74.7837102, 33.6662914], [74.7842896, 33.6663896], [74.7846115, 33.6667111], [74.7847831, 33.6673897], [74.7850835, 33.6688184], [74.7849655, 33.6695773], [74.7843325, 33.6710685], [74.7842789, 33.671756], [74.784075, 33.672506], [74.7850191, 33.6738543], [74.7854483, 33.6738007], [74.7863066, 33.6735685], [74.7869074, 33.6734525], [74.7869933, 33.6738721], [74.7871005, 33.6745685], [74.7871542, 33.6755417], [74.7868967, 33.6766132], [74.7867894, 33.6774078], [74.7864246, 33.6777381], [74.785856, 33.6780863], [74.7852552, 33.6784256], [74.784708, 33.6786756], [74.7830772, 33.6788809], [74.7810066, 33.6786131], [74.7792256, 33.6786041], [74.778142, 33.6786666], [74.7774231, 33.6788184], [74.7761571, 33.6781935], [74.7744298, 33.6777738], [74.7724557, 33.6773006], [74.7704172, 33.6765507], [74.7684324, 33.6762828], [74.7672844, 33.6757471], [74.7656536, 33.6748543], [74.7631431, 33.6739168], [74.7603321, 33.6729614], [74.7580147, 33.6720149], [74.7571349, 33.6719971], [74.7558796, 33.6714792], [74.7540235, 33.6705238], [74.7511804, 33.6697381], [74.7471249, 33.6685594], [74.7456336, 33.6677201], [74.7438848, 33.6675683], [74.7426188, 33.6672558], [74.7419, 33.6671575], [74.7408807, 33.6674165], [74.7401512, 33.6677558], [74.7377801, 33.6679165], [74.7361278, 33.6658181], [74.735012, 33.6664968], [74.734422, 33.6667379], [74.7333276, 33.6672468], [74.7320938, 33.6675951], [74.730742, 33.6689434], [74.7283065, 33.6709167], [74.7269118, 33.6735507], [74.7266114, 33.6741935], [74.7261822, 33.6769971], [74.7264504, 33.677256], [74.7268152, 33.6775953], [74.7277808, 33.6778988], [74.7278881, 33.6782649], [74.7278559, 33.6786131], [74.7275984, 33.6792291], [74.7271693, 33.6803987], [74.7276842, 33.6806933], [74.7282851, 33.6809969], [74.7292507, 33.6812736], [74.7298407, 33.6813093], [74.730581, 33.6812468], [74.7310853, 33.6811754], [74.7319007, 33.6809433], [74.7325551, 33.6807469], [74.7336817, 33.6804433], [74.7334027, 33.6808629], [74.7331667, 33.6813272], [74.7327268, 33.6820057], [74.7323191, 33.6827378], [74.731847, 33.6839698], [74.7302806, 33.6838894], [74.7301519, 33.6839966], [74.7299266, 33.6843269], [74.7296691, 33.6848179], [74.7289952, 33.6856954], [74.7279096, 33.6858803], [74.7271241, 33.6861465], [74.7263372, 33.6863634], [74.7259462, 33.6865766], [74.7254744, 33.6866778], [74.7245328, 33.686953], [74.7237241, 33.6871195], [74.7231296, 33.687327], [74.722136, 33.6874323], [74.7210967, 33.6876925], [74.7205925, 33.6879157], [74.719065, 33.6889657], [74.7168326, 33.6908851], [74.7113013, 33.6952267], [74.7107327, 33.6954409], [74.7096939, 33.6954097], [74.7094221, 33.6954319], [74.7084904, 33.6953517], [74.7080076, 33.6950482], [74.7075999, 33.6948429], [74.7049498, 33.6948161], [74.7048496, 33.6948028], [74.7036731, 33.6946465], [74.7021711, 33.6943162], [74.7002292, 33.6936735], [74.6999395, 33.6937092], [74.6996498, 33.6937628], [74.6993601, 33.6938967], [74.6992099, 33.6940663], [74.699088, 33.6942609], [74.698813, 33.6947], [74.6982014, 33.695432], [74.6978044, 33.6958783], [74.6970749, 33.6961104], [74.696238, 33.6961372], [74.6956801, 33.6960301], [74.6945321, 33.6955748], [74.6934271, 33.6953785], [74.6928477, 33.6954499], [74.6923113, 33.6956373], [74.6914422, 33.6960301], [74.6908843, 33.6965032], [74.6898329, 33.6978332], [74.6888673, 33.6986722], [74.6887989, 33.698684], [74.6879339, 33.6988329], [74.6867323, 33.6987615], [74.685241, 33.6986722], [74.6845651, 33.6985651], [74.6843984, 33.6987293], [74.6815285, 33.7015574], [74.6812498, 33.701832], [74.6806566, 33.7023255], [74.6804881, 33.7024657], [74.6796298, 33.7027424], [74.6786749, 33.702305], [74.6777308, 33.7017695], [74.676733, 33.701234], [74.675585, 33.7007877], [74.6747726, 33.7004842], [74.6745336, 33.7003949], [74.673289, 33.7001004], [74.6722054, 33.6998147], [74.6718621, 33.6994666], [74.6715617, 33.6990293], [74.6710575, 33.6982884], [74.6698987, 33.6970655], [74.6697166, 33.696867], [74.6689653, 33.6960479], [74.6687078, 33.6953427], [74.6684074, 33.6946286], [74.6679354, 33.6939949], [74.6666586, 33.6930308], [74.6654677, 33.6920131], [74.6640086, 33.6917007], [74.6626246, 33.6914775], [74.6613693, 33.6913972], [74.6611743, 33.6914192], [74.6588373, 33.6916829], [74.6574104, 33.6920578], [74.6564662, 33.6922809], [74.655996, 33.6923317], [74.6556401, 33.6923702], [74.6546209, 33.6923613], [74.6530223, 33.6922631], [74.6525395, 33.6917721], [74.649471, 33.6898082], [74.6490097, 33.6896475], [74.6461161, 33.6896475], [74.6451044, 33.6896475], [74.6423149, 33.6898082], [74.6391284, 33.6907812], [74.6386254, 33.690926], [74.6374226, 33.6912722], [74.634043, 33.6917275], [74.6337912, 33.6917519], [74.6327555, 33.6918525], [74.631747, 33.6918525], [74.630599, 33.6918525], [74.6293437, 33.6920399], [74.6286142, 33.6921917], [74.6285707, 33.6922301], [74.6271765, 33.6934593], [74.627059, 33.693557], [74.6259856, 33.6944501], [74.6253419, 33.6947804], [74.6239686, 33.695066], [74.623793, 33.6951159], [74.6226168, 33.6954499], [74.6218336, 33.6955391], [74.620868, 33.6954945], [74.6183145, 33.6955391], [74.6168822, 33.6953187], [74.6164584, 33.6952535], [74.615922, 33.6951196], [74.615289, 33.6948607], [74.6147858, 33.6945636], [74.6146238, 33.694468], [74.6136582, 33.694343], [74.6122956, 33.6942359], [74.6101177, 33.6940752], [74.6088838, 33.6933343], [74.6083152, 33.6929861], [74.6078753, 33.6925487], [74.6074247, 33.6918525], [74.6071565, 33.6910044], [74.6073174, 33.689951], [74.6074676, 33.6876836], [74.6074575, 33.6865387], [74.6074569, 33.6864695], [74.6066522, 33.6858088], [74.6060622, 33.6856749], [74.6054721, 33.6852732], [74.6048498, 33.6848358], [74.6041953, 33.684184], [74.6036589, 33.6832645], [74.6030259, 33.6822646], [74.6017813, 33.6810861], [74.600966, 33.6807826], [74.5995712, 33.6809611], [74.5979619, 33.6812647], [74.5969963, 33.6815325], [74.5961165, 33.6825146], [74.5951724, 33.6837287], [74.5944857, 33.6841394], [74.5932197, 33.6845858], [74.5913529, 33.6853178], [74.5895076, 33.6856749], [74.5871472, 33.6859428], [74.5856666, 33.6863356], [74.5834994, 33.6871926], [74.5822334, 33.688121], [74.5814824, 33.6877461], [74.5801735, 33.6872997], [74.5782208, 33.6872104], [74.5757532, 33.6881567], [74.5735215, 33.6885496], [74.5706677, 33.6886388], [74.5691013, 33.6892101], [74.5664406, 33.6917453], [74.5661937, 33.6921382], [74.5598316, 33.6901028], [74.5582437, 33.6859606], [74.5401281, 33.680238]]]]}}, {"type": "Feature", "properties": {"tehsil": "Kulgam", "district": "Kulgam"}, "geometry": {"type": "MultiPolygon", "coordinates": [[[[74.9094387, 33.6523398], [74.9107075, 33.6516191], [74.912467, 33.6512798], [74.9136257, 33.6511726], [74.9160075, 33.6505831], [74.9179816, 33.649958], [74.9188185, 33.6497794], [74.9201274, 33.6499222], [74.921093, 33.6518513], [74.9216509, 33.6523336], [74.9231958, 33.6529409], [74.9245691, 33.6532446], [74.9272299, 33.6530124], [74.9271226, 33.648136], [74.9272942, 33.6474394], [74.9279809, 33.646707], [74.9277448, 33.6458317], [74.9270797, 33.6450993], [74.9256205, 33.6446527], [74.9240327, 33.6422233], [74.9220586, 33.6412051], [74.9224019, 33.6400796], [74.9242902, 33.6398117], [74.9258566, 33.6397759], [74.9275088, 33.6384004], [74.9297404, 33.6379359], [74.9306416, 33.6375964], [74.9319076, 33.6376322], [74.9328089, 33.6381324], [74.9339247, 33.6377036], [74.9345469, 33.6366496], [74.9347615, 33.6357564], [74.9354052, 33.6337912], [74.9354052, 33.6330944], [74.9345255, 33.6316651], [74.9323368, 33.6296105], [74.9307704, 33.6284492], [74.9310279, 33.6268233], [74.9315643, 33.625787], [74.9321651, 33.6247686], [74.9316931, 33.6215345], [74.9303198, 33.6165849], [74.9300837, 33.6141726], [74.9352336, 33.6110989], [74.9378943, 33.6092225], [74.9439668, 33.6042901], [74.948945, 33.5998399], [74.9495673, 33.598428], [74.9501037, 33.5971411], [74.9506831, 33.5961581], [74.9516487, 33.5955862], [74.9532151, 33.5951036], [74.9545669, 33.5947997], [74.9579572, 33.594764], [74.9643516, 33.5946746], [74.9695873, 33.594192], [74.9801445, 33.5940848], [74.9849081, 33.5936916], [74.9876332, 33.593209], [74.9896073, 33.5926727], [74.9951005, 33.5901525], [75.0002289, 33.5878287], [75.0044775, 33.585934], [75.0083184, 33.5835744], [75.0084686, 33.5824303], [75.0131678, 33.5795343], [75.0206566, 33.5747968], [75.0236392, 33.5731163], [75.0254202, 33.5727587], [75.0296259, 33.5724906], [75.0369215, 33.571686], [75.04323, 33.5711497], [75.0538087, 33.5694512], [75.059731, 33.5694333], [75.0648165, 33.5691651], [75.0687432, 33.5686645], [75.0765323, 33.5661793], [75.0846004, 33.5632113], [75.0881624, 33.562049], [75.0938701, 33.5656429], [75.1027965, 33.5720079], [75.102024, 33.575512], [75.1051139, 33.5802673], [75.1074743, 33.5858804], [75.1100921, 33.5925298], [75.1112079, 33.5953538], [75.1116371, 33.5965335], [75.1166582, 33.5941027], [75.1200485, 33.5920293], [75.1221084, 33.5908496], [75.123825, 33.5891336], [75.1239967, 33.5875249], [75.1244258, 33.5864166], [75.1261854, 33.5856301], [75.1288461, 33.5851296], [75.1308631, 33.5843788], [75.1333093, 33.5833777], [75.1351118, 33.582627], [75.1367855, 33.5816616], [75.1382446, 33.5803388], [75.1383733, 33.5784081], [75.137, 33.577693], [75.1355838, 33.577693], [75.1331806, 33.5775857], [75.1308202, 33.5764416], [75.1279878, 33.5747611], [75.1246404, 33.5724369], [75.1255416, 33.570363], [75.1264, 33.5668945], [75.1272583, 33.5653569], [75.1279878, 33.5639265], [75.1291036, 33.5627464], [75.130434, 33.5629252], [75.1300907, 33.5644986], [75.1312494, 33.5651781], [75.1327943, 33.5642126], [75.1330947, 33.5634616], [75.134511, 33.5642126], [75.1353693, 33.5655357], [75.1364851, 33.5669303], [75.1373863, 33.5672879], [75.1406049, 33.5667515], [75.1438236, 33.5672163], [75.1459693, 33.5661793], [75.1474714, 33.5654284], [75.1479005, 33.5641053], [75.1480293, 33.5623173], [75.1481151, 33.5612444], [75.1487588, 33.5599928], [75.152235, 33.5570245], [75.1586508, 33.5631934], [75.1589727, 33.5664297], [75.162642, 33.5726873], [75.1683711, 33.5776037], [75.1686287, 33.5897771], [75.1750231, 33.5900273], [75.1694225, 33.5933877], [75.1635217, 33.5948176], [75.1594019, 33.5873819], [75.1545095, 33.5887046], [75.1515913, 33.5878109], [75.147686, 33.5916718], [75.1414632, 33.5902419], [75.1336527, 33.5889906], [75.1392316, 33.60236], [75.1382445, 33.6070424], [75.1334594, 33.6137438], [75.1214218, 33.614119], [75.1160144, 33.6129754], [75.1124525, 33.6253404], [75.1088905, 33.6262695], [75.1066589, 33.6254118], [75.1055002, 33.6253046], [75.1041269, 33.6246257], [75.1037406, 33.623232], [75.1029253, 33.6215882], [75.1024961, 33.6158702], [75.1018953, 33.6150839], [75.1007366, 33.6133327], [75.1002645, 33.6121176], [75.0997066, 33.610545], [75.0997495, 33.6088652], [75.0992775, 33.6072925], [75.0973463, 33.6065062], [75.0957584, 33.6065777], [75.0943422, 33.6071853], [75.0927543, 33.6075784], [75.0914669, 33.6071853], [75.0903081, 33.6075427], [75.0890636, 33.6090081], [75.0860166, 33.6122605], [75.0839996, 33.6135114], [75.0780344, 33.6153341], [75.0743866, 33.6161561], [75.0701809, 33.6168351], [75.0669193, 33.6172997], [75.0632715, 33.6181932], [75.0613403, 33.6185863], [75.0595808, 33.6180502], [75.0578641, 33.6170853], [75.0586366, 33.619301], [75.0593233, 33.6208377], [75.0593233, 33.6221242], [75.0585079, 33.6234107], [75.058937, 33.626198], [75.0591945, 33.6281276], [75.0582504, 33.6302001], [75.0566196, 33.6329158], [75.0535297, 33.6327728], [75.050826, 33.6332374], [75.0467491, 33.6345594], [75.054903, 33.6383825], [75.0621128, 33.6420983], [75.0699234, 33.6471357], [75.0743007, 33.650994], [75.0755238, 33.6545484], [75.0774765, 33.65846], [75.0798583, 33.6615855], [75.0814032, 33.6633], [75.0844931, 33.6665146], [75.0870144, 33.6690684], [75.0905013, 33.6719882], [75.0933766, 33.6744525], [75.0964773, 33.6768274], [75.0971639, 33.6771756], [75.0977111, 33.6778095], [75.0979042, 33.6783899], [75.098269, 33.6788006], [75.0987625, 33.6789256], [75.0995886, 33.6788452], [75.1010156, 33.678372], [75.102936, 33.6775149], [75.1033544, 33.6784613], [75.1062298, 33.6843894], [75.1084184, 33.6866034], [75.1119375, 33.6868177], [75.1118946, 33.6849608], [75.1150274, 33.6783542], [75.1183104, 33.6759614], [75.1186751, 33.6737471], [75.1215505, 33.6723542], [75.1235032, 33.6768185], [75.1298332, 33.6823182], [75.1284275, 33.6838875], [75.1229238, 33.6900314], [75.1323223, 33.6919596], [75.133996, 33.698101], [75.1309919, 33.7008859], [75.127902, 33.7021712], [75.1240396, 33.706027], [75.1244902, 33.7097042], [75.1245117, 33.713274], [75.1304769, 33.7130241], [75.1301121, 33.7151838], [75.1253056, 33.7152731], [75.1225376, 33.7187535], [75.1185679, 33.721038], [75.1170659, 33.7193424], [75.1154136, 33.7198779], [75.1117229, 33.7285157], [75.1171732, 33.7300862], [75.1191902, 33.7342976], [75.1250696, 33.7345117], [75.124619, 33.7370278], [75.1214111, 33.7396508], [75.1220655, 33.7442008], [75.1204292, 33.7508027], [75.1214003, 33.7639325], [75.1175379, 33.7711389], [75.1036334, 33.7624697], [75.0919604, 33.7651455], [75.0915098, 33.7770428], [75.078206, 33.7840341], [75.071361, 33.7816443], [75.0711036, 33.7783626], [75.0749659, 33.7732436], [75.079751, 33.7660195], [75.0839567, 33.7571357], [75.0847292, 33.7468593], [75.0853729, 33.7352255], [75.0859737, 33.7227335], [75.0844717, 33.7084189], [75.0852012, 33.7067231], [75.0876474, 33.7058485], [75.0923681, 33.7037064], [75.0928831, 33.6892458], [75.085845, 33.6898172], [75.0862741, 33.6976011], [75.0823688, 33.7001361], [75.0817251, 33.7142022], [75.0819397, 33.7276591], [75.0804376, 33.739294], [75.0818109, 33.7507845], [75.0780129, 33.7633081], [75.0741505, 33.7690341], [75.0730562, 33.7686239], [75.0591516, 33.7689449], [75.0573062, 33.7790404], [75.0430154, 33.7795397], [75.0285476, 33.7811895], [75.0286388, 33.7797805], [75.0290573, 33.7789779], [75.0287568, 33.7779345], [75.028789, 33.7763026], [75.031203, 33.7741176], [75.0320184, 33.773529], [75.0338101, 33.772664], [75.0351298, 33.772111], [75.0364494, 33.7716294], [75.037297, 33.7714154], [75.0356018, 33.7687933], [75.0350976, 33.7688468], [75.0344324, 33.7689806], [75.0333488, 33.7690698], [75.0325441, 33.7690341], [75.0318146, 33.7686863], [75.030967, 33.7682136], [75.0301516, 33.7676874], [75.0294542, 33.7651098], [75.0294649, 33.760989], [75.0292504, 33.7589464], [75.028671, 33.7575014], [75.0265574, 33.7551109], [75.0256348, 33.7537015], [75.0243366, 33.7510342], [75.024358, 33.7485989], [75.0241005, 33.7477246], [75.0227594, 33.7456817], [75.0203025, 33.7431213], [75.01894, 33.740882], [75.0180709, 33.7394278], [75.0174379, 33.7388478], [75.0162148, 33.7382322], [75.0141549, 33.73734], [75.0130498, 33.7370456], [75.0127172, 33.7384999], [75.0123095, 33.7396954], [75.0110972, 33.7412924], [75.0101101, 33.7420775], [75.0098741, 33.7432373], [75.0091982, 33.7453516], [75.0090158, 33.7460564], [75.0089729, 33.7467255], [75.0086295, 33.7470734], [75.0083184, 33.7473054], [75.0076854, 33.7475997], [75.007031, 33.7479298], [75.0068486, 33.7483491], [75.0068056, 33.748813], [75.0053143, 33.7485186], [75.0047457, 33.74859], [75.004102, 33.7488665], [75.002675, 33.7497497], [75.0016987, 33.7501957], [75.0005615, 33.7504812], [74.9988449, 33.7506507], [74.9974501, 33.7505079], [74.9960017, 33.7496426], [74.9934482, 33.7466363], [74.9940276, 33.7440759], [74.9998212, 33.7441651], [75.0004005, 33.7439778], [75.0009262, 33.7436744], [75.0013661, 33.7431035], [75.0013983, 33.7427198], [75.0011408, 33.7421578], [74.9997997, 33.7409266], [74.9984908, 33.7403289], [74.9969673, 33.7400523], [74.9959695, 33.7400612], [74.9948215, 33.740088], [74.99318, 33.7404181], [74.9910021, 33.7411407], [74.987129, 33.7424433], [74.9847901, 33.7431035], [74.9823224, 33.7434692], [74.9795973, 33.7434871], [74.978739, 33.7434514], [74.9773657, 33.7433265], [74.976486, 33.743041], [74.9760461, 33.7426752], [74.9754989, 33.7420507], [74.9756491, 33.7405341], [74.97419, 33.7389906], [74.9725056, 33.7370991], [74.9714541, 33.7370813], [74.9694049, 33.7372865], [74.9667656, 33.73792], [74.9642336, 33.7388122], [74.9631286, 33.7394278], [74.9616909, 33.7398292], [74.958483, 33.7399095], [74.9563587, 33.7418455], [74.9552965, 33.7416939], [74.9541056, 33.7415154], [74.9527001, 33.7411853], [74.9513912, 33.7405251], [74.9508011, 33.7394278], [74.9506724, 33.7373757], [74.9513161, 33.7362515], [74.9538052, 33.7330395], [74.954921, 33.7317101], [74.9552321, 33.7312818], [74.9551892, 33.7308624], [74.9547493, 33.7302824], [74.9542022, 33.7291938], [74.9540734, 33.7274985], [74.9553931, 33.7232689], [74.9554145, 33.7226978], [74.9552965, 33.7220553], [74.9551141, 33.721618], [74.9553287, 33.7198957], [74.9559832, 33.7163618], [74.9566376, 33.7141664], [74.9566698, 33.7136667], [74.9570882, 33.7133811], [74.9578714, 33.7131847], [74.9585152, 33.7125332], [74.9594593, 33.7102307], [74.9598455, 33.7087224], [74.9599528, 33.7065536], [74.9593091, 33.7060984], [74.9590409, 33.7057235], [74.9591911, 33.7050898], [74.9597597, 33.7044829], [74.9598992, 33.7024568], [74.9609077, 33.7006895], [74.9633753, 33.6975118], [74.9654138, 33.6945929], [74.9654782, 33.6941912], [74.9655855, 33.693736], [74.9655747, 33.6932361], [74.9654889, 33.692522], [74.9653387, 33.6918792], [74.9651563, 33.6913347], [74.964534, 33.6909776], [74.9640727, 33.6909776], [74.9635899, 33.6912276], [74.962914, 33.6917275], [74.96212, 33.6925309], [74.9615192, 33.6932093], [74.9609828, 33.6940395], [74.9604571, 33.6944947], [74.9600923, 33.6942716], [74.958719, 33.6932718], [74.9582577, 33.692156], [74.9581611, 33.6898618], [74.9577427, 33.6867551], [74.9578392, 33.6842019], [74.9578071, 33.6824878], [74.9577867, 33.6823144], [74.957775, 33.6818702], [74.9574665, 33.6817447], [74.9571552, 33.6811118], [74.9572214, 33.6807079], [74.9568801, 33.6797048], [74.9555191, 33.6794088], [74.9555641, 33.6790142], [74.9569273, 33.6781042], [74.9550283, 33.6775685], [74.9536121, 33.6766132], [74.9522173, 33.6755685], [74.9503183, 33.6745418], [74.9493205, 33.6736757], [74.9480975, 33.6725328], [74.9473572, 33.6717024], [74.9453187, 33.6707381], [74.9450076, 33.6705685], [74.9439239, 33.6705595], [74.9430013, 33.6705327], [74.9401796, 33.6689255], [74.9391925, 33.667854], [74.9375188, 33.6663539], [74.9373901, 33.664827], [74.9373042, 33.6615676], [74.9372613, 33.6597012], [74.9368215, 33.657683], [74.9364459, 33.6572008], [74.9350941, 33.6562631], [74.9348366, 33.6567721], [74.9341714, 33.6573705], [74.9321222, 33.6590761], [74.9314463, 33.6602192], [74.9311459, 33.6617373], [74.931221, 33.6627285], [74.9313497, 33.663425], [74.9306095, 33.6657913], [74.9291181, 33.6676933], [74.9286353, 33.6679344], [74.927144, 33.6683362], [74.9255991, 33.6686844], [74.9221873, 33.6686844], [74.9198162, 33.6683898], [74.9183893, 33.667988], [74.9175846, 33.6676397], [74.9158573, 33.6669075], [74.9132287, 33.6657199], [74.9124884, 33.6655502], [74.9115229, 33.665452], [74.9098277, 33.6655056], [74.9084651, 33.665577], [74.9067163, 33.6653984], [74.9074566, 33.6642287], [74.9078751, 33.6635768], [74.9088514, 33.6621034], [74.9097955, 33.6605496], [74.9107826, 33.6588618], [74.9113083, 33.6582367], [74.9122095, 33.6574151], [74.9124133, 33.6570758], [74.912349, 33.6558612], [74.9121344, 33.654995], [74.9116731, 33.6542448], [74.9107396, 33.6531195], [74.9094387, 33.6523398]]]]}}, {"type": "Feature", "properties": {"tehsil": "Devsar", "district": "Kulgam"}, "geometry": {"type": "MultiPolygon", "coordinates": [[[[75.102936, 33.6775149], [75.1010156, 33.678372], [75.0995886, 33.6788452], [75.0987625, 33.6789256], [75.098269, 33.6788006], [75.0979042, 33.6783899], [75.0977111, 33.6778095], [75.0971639, 33.6771756], [75.0964773, 33.6768274], [75.0933766, 33.6744525], [75.0905013, 33.6719882], [75.0870144, 33.6690684], [75.0844931, 33.6665146], [75.0814032, 33.6633], [75.0798583, 33.6615855], [75.0774765, 33.65846], [75.0755238, 33.6545484], [75.0743007, 33.650994], [75.0699234, 33.6471357], [75.0621128, 33.6420983], [75.054903, 33.6383825], [75.0467491, 33.6345594], [75.050826, 33.6332374], [75.0535297, 33.6327728], [75.0566196, 33.6329158], [75.0582504, 33.6302001], [75.0591945, 33.6281276], [75.058937, 33.626198], [75.0585079, 33.6234107], [75.0593233, 33.6221242], [75.0593233, 33.6208377], [75.0586366, 33.619301], [75.0578641, 33.6170853], [75.0595808, 33.6180502], [75.0613403, 33.6185863], [75.0632715, 33.6181932], [75.0669193, 33.6172997], [75.0701809, 33.6168351], [75.0743866, 33.6161561], [75.0780344, 33.6153341], [75.0839996, 33.6135114], [75.0860166, 33.6122605], [75.0890636, 33.6090081], [75.0903081, 33.6075427], [75.0914669, 33.6071853], [75.0927543, 33.6075784], [75.0943422, 33.6071853], [75.0957584, 33.6065777], [75.0973463, 33.6065062], [75.0992775, 33.6072925], [75.0997495, 33.6088652], [75.0997066, 33.610545], [75.1002645, 33.6121176], [75.1007366, 33.6133327], [75.1018953, 33.6150839], [75.1024961, 33.6158702], [75.1029253, 33.6215882], [75.1037406, 33.623232], [75.1041269, 33.6246257], [75.1055002, 33.6253046], [75.1066589, 33.6254118], [75.1088905, 33.6262695], [75.106058, 33.6300572], [75.1054573, 33.6346666], [75.111165, 33.6441347], [75.1101779, 33.6469929], [75.1091908, 33.6608175], [75.1163148, 33.6583528], [75.1230955, 33.6584957], [75.1264, 33.6606032], [75.1224303, 33.666086], [75.1189112, 33.6704078], [75.1125169, 33.6716399], [75.101745, 33.6725149], [75.102936, 33.6775149]]]]}}, {"type": "Feature", "properties": {"tehsil": "Charar-E-Shrief", "district": "Budgam"}, "geometry": {"type": "MultiPolygon", "coordinates": [[[[74.5203132, 33.7022329], [74.5211434, 33.702189], [74.5221519, 33.7015999], [74.5257997, 33.7006538], [74.5268941, 33.6983687], [74.5265722, 33.6968692], [74.5271516, 33.6953517], [74.5279026, 33.6949946], [74.5290828, 33.6949411], [74.5308637, 33.695316], [74.5310354, 33.6957801], [74.5319152, 33.6960658], [74.5337176, 33.6962979], [74.5352196, 33.6964228], [74.5369148, 33.6960301], [74.5380306, 33.6949946], [74.5388245, 33.6936199], [74.5398545, 33.6926737], [74.5409274, 33.692031], [74.5419359, 33.6914775], [74.5411205, 33.68971], [74.5406055, 33.6884245], [74.5407128, 33.6874425], [74.5411205, 33.6865141], [74.5416784, 33.6856392], [74.5420861, 33.6845679], [74.5414853, 33.6833359], [74.5398759, 33.6817111], [74.5401281, 33.680238], [74.5582437, 33.6859606], [74.5598316, 33.6901028], [74.5661937, 33.6921382], [74.5671607, 33.6931814], [74.5681572, 33.6955927], [74.5678675, 33.6971816], [74.5691121, 33.6985294], [74.569541, 33.7002969], [74.5698684, 33.7016691], [74.5710593, 33.7037599], [74.572776, 33.7064063], [74.5739186, 33.7077495], [74.5758283, 33.7093203], [74.5764989, 33.7098424], [74.577797, 33.7118862], [74.5779258, 33.7134257], [74.5782101, 33.714684], [74.5787573, 33.7168348], [74.5808387, 33.7189587], [74.584347, 33.7199493], [74.592179, 33.7219393], [74.597801, 33.7235276], [74.6013307, 33.7249732], [74.6044099, 33.7287566], [74.6093237, 33.7339496], [74.6107077, 33.7357341], [74.6175742, 33.7382322], [74.6206534, 33.7385267], [74.6233892, 33.7394724], [74.625653, 33.7397846], [74.6256423, 33.74247], [74.6252775, 33.7450572], [74.6249771, 33.747002], [74.6244192, 33.7483848], [74.625932, 33.7502225], [74.6307707, 33.7524615], [74.6338606, 33.7547719], [74.6389246, 33.759107], [74.6416712, 33.7614707], [74.6443534, 33.7646638], [74.6464348, 33.7685347], [74.6472931, 33.7700152], [74.6509087, 33.7736004], [74.6525931, 33.7758834], [74.6542025, 33.7782288], [74.6569168, 33.7810289], [74.6596527, 33.7827678], [74.6633005, 33.7850239], [74.6649527, 33.7855857], [74.6659291, 33.7859156], [74.6691263, 33.788546], [74.6759176, 33.7921305], [74.6857452, 33.8005471], [74.6870327, 33.8022588], [74.6864641, 33.8037298], [74.6868717, 33.8046124], [74.6896505, 33.8062528], [74.6944999, 33.8063954], [74.701066, 33.8046838], [74.7077822, 33.8027759], [74.7111511, 33.8024015], [74.7134899, 33.8027761], [74.7155552, 33.8038479], [74.7162795, 33.805076], [74.7164941, 33.8064667], [74.7172665, 33.8072512], [74.718275, 33.8074473], [74.7191977, 33.8070908], [74.7201633, 33.8063063], [74.7215795, 33.8054683], [74.7227597, 33.8053256], [74.7240686, 33.8057357], [74.7256565, 33.8067698], [74.7273516, 33.8079287], [74.7295189, 33.8091233], [74.7310853, 33.8103713], [74.7352052, 33.8135805], [74.7386384, 33.8173778], [74.7405052, 33.8194279], [74.7426939, 33.8202123], [74.744904, 33.8203192], [74.747715, 33.8202301], [74.7499037, 33.8200875], [74.7511911, 33.8196062], [74.7528219, 33.8191783], [74.7548175, 33.819731], [74.7559118, 33.8195527], [74.7557831, 33.8180552], [74.7556329, 33.8165577], [74.7552037, 33.816112], [74.7562766, 33.8156485], [74.7568559, 33.8152206], [74.7571564, 33.8147571], [74.7565341, 33.8142401], [74.7563195, 33.813527], [74.7566199, 33.8125286], [74.7567701, 33.8113341], [74.7571564, 33.8106388], [74.7581863, 33.8104605], [74.7602463, 33.810514], [74.7620487, 33.810407], [74.7632932, 33.8100682], [74.7642803, 33.8096582], [74.7648167, 33.8083923], [74.7674131, 33.8084458], [74.7697949, 33.8087132], [74.7720909, 33.8089272], [74.7728848, 33.8090163], [74.7735715, 33.8096225], [74.7731852, 33.8110666], [74.7725415, 33.8119937], [74.7718334, 33.812903], [74.771297, 33.8137766], [74.7711468, 33.8145967], [74.771533, 33.8153454], [74.7731852, 33.8162368], [74.7741937, 33.8174669], [74.7745371, 33.8189466], [74.7752023, 33.8196596], [74.7774124, 33.8197666], [74.780631, 33.819927], [74.7863173, 33.8195883], [74.7877121, 33.8204084], [74.7888064, 33.8208184], [74.7895145, 33.8212462], [74.7896433, 33.8225832], [74.7906518, 33.8240806], [74.7915315, 33.8252215], [74.7929477, 33.8250254], [74.7942138, 33.8248649], [74.7949219, 33.8250075], [74.7936988, 33.8261662], [74.7930121, 33.8272179], [74.7931194, 33.8288578], [74.7923898, 33.8307829], [74.7911668, 33.8330109], [74.7907591, 33.8332248], [74.7896647, 33.8334565], [74.7905016, 33.8341517], [74.7917676, 33.8366826], [74.7927117, 33.8375738], [74.7946, 33.838465], [74.7965956, 33.8393026], [74.7974753, 33.8395521], [74.7985053, 33.8398195], [74.7992134, 33.8398551], [74.7994709, 33.8402294], [74.7983551, 33.8412453], [74.7968745, 33.8422968], [74.7967458, 33.8438651], [74.7966814, 33.8455047], [74.7974968, 33.8458077], [74.798634, 33.8462176], [74.7990203, 33.8464849], [74.8006725, 33.8481601], [74.8020458, 33.8498174], [74.803741, 33.8512965], [74.804492, 33.8521163], [74.804964, 33.8530785], [74.8066807, 33.8545219], [74.8072815, 33.8556802], [74.8087191, 33.8566603], [74.8095989, 33.8576225], [74.8104787, 33.8583709], [74.8114657, 33.858852], [74.8126888, 33.8593331], [74.813354, 33.8599924], [74.8142981, 33.861008], [74.81565, 33.8620949], [74.8177528, 33.8638233], [74.8177743, 33.865124], [74.8184609, 33.8667275], [74.8185897, 33.869311], [74.8195123, 33.8723041], [74.8213148, 33.8770073], [74.8215937, 33.8788601], [74.8211646, 33.8811403], [74.8211431, 33.8830998], [74.8208856, 33.8843468], [74.8200917, 33.8857362], [74.8197055, 33.886805], [74.8195338, 33.8878916], [74.8195767, 33.8890494], [74.819684, 33.8904922], [74.8202634, 33.892968], [74.8212504, 33.894856], [74.82198, 33.8968865], [74.8234176, 33.8980976], [74.8243403, 33.899095], [74.8261428, 33.9016418], [74.8279023, 33.9033159], [74.8284784, 33.9039889], [74.8251771, 33.9090682], [74.8240614, 33.9114189], [74.8232889, 33.9151228], [74.8228168, 33.9171884], [74.8214435, 33.9176157], [74.8187398, 33.920536], [74.8159933, 33.9275868], [74.8160362, 33.9290467], [74.8165512, 33.9307559], [74.8187398, 33.9337113], [74.8204994, 33.9354203], [74.8204135, 33.9375566], [74.8198986, 33.9386604], [74.8190403, 33.9403337], [74.8188257, 33.9421851], [74.8183536, 33.9442144], [74.8173236, 33.944606], [74.8157358, 33.9452469], [74.814105, 33.9465997], [74.7991275, 33.9395861], [74.7959089, 33.9376278], [74.7957372, 33.9329279], [74.7947073, 33.926839], [74.7934198, 33.9217824], [74.7915744, 33.9187553], [74.7835064, 33.9112764], [74.7818756, 33.9100299], [74.7842359, 33.9078216], [74.7835064, 33.9069668], [74.7824335, 33.9059339], [74.7819614, 33.9044736], [74.7814464, 33.9026214], [74.7813606, 33.9009473], [74.7805023, 33.8993444], [74.7767257, 33.8987032], [74.7723484, 33.8969578], [74.7717905, 33.8933599], [74.7718763, 33.8891207], [74.7732496, 33.884133], [74.7730779, 33.8799646], [74.7728633, 33.8786463], [74.7723913, 33.8775062], [74.7712755, 33.8767936], [74.7698593, 33.8780406], [74.7692155, 33.8803209], [74.7687435, 33.8824586], [74.7680139, 33.8845606], [74.7667265, 33.8863063], [74.7640228, 33.887945], [74.7617912, 33.8881944], [74.7586155, 33.8840262], [74.7552681, 33.8795727], [74.7514057, 33.8727317], [74.7499895, 33.8702731], [74.7432088, 33.8676718], [74.7372007, 33.8630393], [74.7350549, 33.8627899], [74.7312784, 33.8620771], [74.7256136, 33.858656], [74.7175884, 33.8527043], [74.7134256, 33.8492472], [74.7105932, 33.8492828], [74.7093057, 33.84996], [74.7070312, 33.8503877], [74.7044992, 33.8504946], [74.7045421, 33.8515639], [74.7073745, 33.8552347], [74.709177, 33.8575156], [74.7123527, 33.8601884], [74.7141552, 33.8616495], [74.7162151, 33.8632888], [74.719305, 33.8642866], [74.7212362, 33.8651062], [74.7221803, 33.8664246], [74.7209358, 33.8672086], [74.7184896, 33.8665315], [74.7132539, 33.8650349], [74.7057008, 33.8635738], [74.6950042, 33.8632353], [74.691571, 33.8635382], [74.6899724, 33.8634758], [74.6889853, 33.8638678], [74.6866786, 33.8659435], [74.6845651, 33.8678678], [74.68243, 33.8688032], [74.6813679, 33.8693555], [74.6800482, 33.869792], [74.6795225, 33.8705046], [74.6777415, 33.8709857], [74.6742761, 33.8703443], [74.6716368, 33.8694446], [74.667828, 33.8689992], [74.6675062, 33.8649993], [74.6659612, 33.8617921], [74.6593952, 33.8551991], [74.6544599, 33.8499244], [74.6470356, 33.8432592], [74.6375083, 33.835738], [74.6293973, 33.8306403], [74.6279382, 33.8309612], [74.6269083, 33.8329218], [74.6246767, 33.8345973], [74.6228742, 33.8350964], [74.6200847, 33.8354885], [74.6168232, 33.8354885], [74.6101284, 33.8350251], [74.6074247, 33.8333496], [74.6030473, 33.830569], [74.5975112, 33.8250432], [74.5945072, 33.820551], [74.5899581, 33.8133844], [74.5873832, 33.8101039], [74.5834779, 33.8080357], [74.5801734, 33.8070373], [74.577341, 33.8065024], [74.5739078, 33.8064311], [74.5684146, 33.8044698], [74.5612907, 33.8001192], [74.5536947, 33.794841], [74.5463132, 33.7877079], [74.5424079, 33.7845335], [74.5372581, 33.7774708], [74.5310783, 33.7720843], [74.5290184, 33.7689093], [74.5282598, 33.7676761], [74.5271687, 33.7659024], [74.526478, 33.7647795], [74.5232248, 33.7594906], [74.5206928, 33.7537461], [74.5192766, 33.7472875], [74.5206928, 33.7390085], [74.5222377, 33.7303717], [74.5240831, 33.7224479], [74.5228385, 33.7137024], [74.5208644, 33.7077049], [74.5203132, 33.7022329]]]]}}, {"type": "Feature", "properties": {"tehsil": "Khansahib Tehsil", "district": "Budgam"}, "geometry": {"type": "MultiPolygon", "coordinates": [[[[74.4512384, 33.8029601], [74.4516849, 33.8025441], [74.4517708, 33.8013495], [74.4520926, 33.799816], [74.4547963, 33.7963211], [74.4569421, 33.7936284], [74.4602036, 33.7900084], [74.4636154, 33.7867449], [74.464817, 33.7855322], [74.465611, 33.785122], [74.4668984, 33.784908], [74.4684434, 33.7846405], [74.4691515, 33.7834991], [74.4690227, 33.7820545], [74.4674778, 33.7807703], [74.4644952, 33.7789155], [74.4635081, 33.7783091], [74.4624352, 33.7770249], [74.4624138, 33.7754554], [74.4625854, 33.7719772], [74.4624567, 33.7709784], [74.462049, 33.7704611], [74.4610834, 33.7701044], [74.4596028, 33.7696228], [74.457736, 33.768499], [74.4553971, 33.7668401], [74.4491315, 33.7627729], [74.4491315, 33.7620772], [74.4496465, 33.7610961], [74.4502258, 33.7600079], [74.4509768, 33.7589197], [74.4515776, 33.7575104], [74.451921, 33.755209], [74.4524359, 33.753871], [74.4533157, 33.7528362], [74.4543886, 33.7516765], [74.4557619, 33.7506417], [74.4577789, 33.7495534], [74.4606757, 33.7490003], [74.4624781, 33.7489825], [74.4640231, 33.7490539], [74.4661903, 33.7491074], [74.4660616, 33.748019], [74.4657182, 33.7468236], [74.4655466, 33.7461992], [74.4656753, 33.7452], [74.4662547, 33.7444328], [74.4679713, 33.7432373], [74.4692158, 33.742363], [74.4702887, 33.741453], [74.4714904, 33.7395438], [74.4720483, 33.7376702], [74.4726705, 33.7351363], [74.4731426, 33.7336909], [74.4733572, 33.7326023], [74.4735718, 33.731835], [74.4742369, 33.7309427], [74.474945, 33.730675], [74.4764471, 33.7308], [74.4773698, 33.7310141], [74.4783354, 33.7314245], [74.4791937, 33.7315495], [74.4793224, 33.7305858], [74.4801378, 33.7296935], [74.4813609, 33.729176], [74.4830131, 33.7283373], [74.4844508, 33.728016], [74.486146, 33.7274271], [74.4876909, 33.7268203], [74.4883775, 33.7257853], [74.489665, 33.7233046], [74.4910168, 33.7225728], [74.4920683, 33.7223408], [74.4935059, 33.7220196], [74.4943428, 33.7215734], [74.4950294, 33.7209309], [74.4962525, 33.7204133], [74.4992137, 33.7202705], [74.5011234, 33.7190926], [74.502604, 33.7177718], [74.5033121, 33.7158264], [74.5047498, 33.7141843], [74.506402, 33.7117747], [74.5070886, 33.7107572], [74.5070028, 33.7098648], [74.5066809, 33.7087045], [74.5061445, 33.7069552], [74.5047068, 33.7052058], [74.5047927, 33.7044918], [74.5074749, 33.7052594], [74.5088911, 33.7058306], [74.5117664, 33.7061519], [74.5145774, 33.7056878], [74.5156932, 33.7054915], [74.5164442, 33.7045989], [74.5170235, 33.7034208], [74.5176458, 33.702671], [74.5184612, 33.7022961], [74.5197916, 33.7022604], [74.5203132, 33.7022329], [74.5208644, 33.7077049], [74.5228385, 33.7137024], [74.5240831, 33.7224479], [74.5222377, 33.7303717], [74.5206928, 33.7390085], [74.5192766, 33.7472875], [74.5206928, 33.7537461], [74.5232248, 33.7594906], [74.526478, 33.7647795], [74.5271687, 33.7659024], [74.5282598, 33.7676761], [74.5290184, 33.7689093], [74.5310783, 33.7720843], [74.5372581, 33.7774708], [74.5424079, 33.7845335], [74.5463132, 33.7877079], [74.5536947, 33.794841], [74.5612907, 33.8001192], [74.5684146, 33.8044698], [74.5739078, 33.8064311], [74.577341, 33.8065024], [74.5801734, 33.8070373], [74.5834779, 33.8080357], [74.5873832, 33.8101039], [74.5899581, 33.8133844], [74.5945072, 33.820551], [74.5975112, 33.8250432], [74.6030473, 33.830569], [74.6074247, 33.8333496], [74.6101284, 33.8350251], [74.6168232, 33.8354885], [74.6200847, 33.8354885], [74.6228742, 33.8350964], [74.6246767, 33.8345973], [74.6269083, 33.8329218], [74.6279382, 33.8309612], [74.6293973, 33.8306403], [74.6375083, 33.835738], [74.6470356, 33.8432592], [74.6544599, 33.8499244], [74.6593952, 33.8551991], [74.6659612, 33.8617921], [74.6675062, 33.8649993], [74.667828, 33.8689992], [74.6662187, 33.871057], [74.6662616, 33.876758], [74.6666479, 33.8783257], [74.6683216, 33.8797152], [74.6705102, 33.8802853], [74.6736002, 33.8808553], [74.6765613, 33.8847743], [74.6805954, 33.8876957], [74.6836853, 33.8895125], [74.6869039, 33.8901538], [74.6902513, 33.8948917], [74.6938991, 33.8991663], [74.6992635, 33.9016241], [74.7062587, 33.904153], [74.7222662, 33.9093532], [74.7270727, 33.9108134], [74.7276735, 33.9117394], [74.7278881, 33.9132352], [74.7264289, 33.9142681], [74.7345399, 33.9202867], [74.7348833, 33.9273375], [74.7312355, 33.9300081], [74.7283172, 33.9317529], [74.7269868, 33.9342097], [74.7278022, 33.9381619], [74.7302484, 33.9406186], [74.7336816, 33.9449621], [74.7404193, 33.9485933], [74.7468137, 33.9539688], [74.7581005, 33.9620846], [74.7679074, 33.9706736], [74.7594309, 33.9694523], [74.7567701, 33.9717835], [74.7542596, 33.9736342], [74.7509336, 33.9740969], [74.7481656, 33.974257], [74.7483587, 33.9832072], [74.747715, 33.9838478], [74.746964, 33.9843637], [74.7472214, 33.9848975], [74.7520065, 33.988794], [74.7542381, 33.9913381], [74.7506976, 33.9947361], [74.7501182, 33.9951275], [74.7484875, 33.9954122], [74.7482943, 33.9962305], [74.7469425, 33.9971378], [74.742887, 33.9991658], [74.7406125, 34.0005356], [74.738338, 34.0015673], [74.7351837, 34.001763], [74.7326302, 34.0013717], [74.7311067, 34.0004644], [74.7266221, 33.9980984], [74.7288322, 33.9963017], [74.7309565, 33.9929749], [74.7318363, 33.9916228], [74.7297334, 33.9900572], [74.7231245, 33.9903596], [74.7208071, 33.9909111], [74.7202062, 33.9911246], [74.7182321, 33.9911958], [74.7157216, 33.9910357], [74.714005, 33.9907154], [74.713211, 33.9915338], [74.7126531, 33.9925835], [74.7124171, 33.9923522], [74.7120309, 33.9914271], [74.7110009, 33.9906798], [74.7092843, 33.9902351], [74.7067308, 33.9900038], [74.7058725, 33.989897], [74.7049069, 33.9893989], [74.7039413, 33.9893099], [74.702847, 33.9889897], [74.7019458, 33.988616], [74.7009372, 33.9879578], [74.7002506, 33.9874774], [74.6991563, 33.9868013], [74.6987915, 33.9866412], [74.6978688, 33.9864454], [74.6971392, 33.9868369], [74.6979117, 33.9882068], [74.7016883, 33.9952343], [74.7040486, 34.0015496], [74.7057223, 34.0050005], [74.7032547, 34.0064058], [74.7019672, 34.0074375], [74.7008514, 34.0089672], [74.7007441, 34.0105147], [74.7004008, 34.0114574], [74.6994781, 34.0120799], [74.6990061, 34.0126491], [74.6988129, 34.0184473], [74.697504, 34.0191943], [74.6969247, 34.0193722], [74.6956801, 34.0197279], [74.6955299, 34.0199057], [74.6955728, 34.0207416], [74.6958518, 34.0213641], [74.6957874, 34.0222177], [74.6952081, 34.0233382], [74.6950686, 34.0254811], [74.6949839, 34.0265422], [74.6948427, 34.0272841], [74.6942854, 34.0278552], [74.6928906, 34.0282998], [74.6921396, 34.028371], [74.6912813, 34.0251699], [74.6903801, 34.0220043], [74.6879339, 34.0190876], [74.6857881, 34.0175936], [74.6814107, 34.0158151], [74.6794796, 34.0138942], [74.6771192, 34.0130404], [74.6722698, 34.0116886], [74.6671199, 34.0080956], [74.6642017, 34.0062457], [74.6626138, 34.0045025], [74.6602535, 34.0030082], [74.6587514, 34.0023679], [74.6570348, 34.0020121], [74.6542024, 34.002439], [74.652915, 34.0028304], [74.6498251, 34.0044313], [74.6487522, 34.0027236], [74.6454048, 34.0018698], [74.6439886, 33.9987745], [74.6418857, 33.9959993], [74.6384096, 33.993224], [74.6329593, 33.9903062], [74.6327877, 33.9885271], [74.6307706, 33.9879578], [74.6282386, 33.9869614], [74.6271658, 33.9860718], [74.6266508, 33.9853957], [74.6262645, 33.9842214], [74.6254062, 33.9761788], [74.6254921, 33.9689897], [74.6263074, 33.9634728], [74.6262216, 33.9568165], [74.6248912, 33.9545739], [74.6245479, 33.9534348], [74.6241188, 33.9506937], [74.6233892, 33.9425411], [74.622488, 33.9389452], [74.621458, 33.9382331], [74.6183681, 33.9391944], [74.6154069, 33.9399777], [74.612832, 33.9399065], [74.6108579, 33.9390164], [74.6092701, 33.9377347], [74.6076822, 33.9351711], [74.6050214, 33.93129], [74.6012449, 33.9235273], [74.6000862, 33.9202154], [74.5996999, 33.9180075], [74.5960521, 33.915194], [74.5912027, 33.9100299], [74.585967, 33.9058627], [74.5804309, 33.9013391], [74.5736932, 33.8974208], [74.5660972, 33.8937161], [74.5505619, 33.8850593], [74.5396184, 33.8788601], [74.5306491, 33.8750121], [74.5224523, 33.8725179], [74.5181179, 33.8695604], [74.5039129, 33.8605804], [74.4927549, 33.8523123], [74.4873046, 33.8477146], [74.4838285, 33.8441503], [74.4824552, 33.8462176], [74.4783353, 33.8474295], [74.4739151, 33.8472869], [74.4703102, 33.8462889], [74.4667053, 33.8428315], [74.4634866, 33.838661], [74.4617271, 33.8348825], [74.4595384, 33.8291074], [74.4569635, 33.816736], [74.4543886, 33.8091055], [74.4525432, 33.804969], [74.4512384, 33.8029601]]]]}}, {"type": "Feature", "properties": {"tehsil": "Khag tehsil", "district": "Budgam"}, "geometry": {"type": "MultiPolygon", "coordinates": [[[[74.4185416, 33.9085863], [74.4182673, 33.9048627], [74.4181834, 33.9040338], [74.4172025, 33.9026748], [74.4167518, 33.9022652], [74.4161296, 33.901535], [74.4147777, 33.9008048], [74.4125032, 33.8998787], [74.4113445, 33.897118], [74.4098854, 33.8959247], [74.4082975, 33.8952657], [74.4080186, 33.8944286], [74.4081688, 33.8933599], [74.4103575, 33.8912403], [74.4111728, 33.8905991], [74.4124603, 33.8891385], [74.413104, 33.88766], [74.4128895, 33.8865378], [74.4119024, 33.8860925], [74.4104433, 33.8853265], [74.4069671, 33.8845784], [74.4046497, 33.8844359], [74.4029331, 33.8837589], [74.4014954, 33.882512], [74.4015384, 33.8812472], [74.4022035, 33.8793589], [74.4021821, 33.8761344], [74.4017744, 33.8753505], [74.4009375, 33.8744241], [74.4006586, 33.8733552], [74.4009805, 33.8721794], [74.4021177, 33.8702018], [74.4047999, 33.867458], [74.4053578, 33.8659436], [74.4059586, 33.8642509], [74.4068599, 33.8618811], [74.4102073, 33.8593331], [74.4115805, 33.8586916], [74.4125461, 33.8579076], [74.4129967, 33.8565177], [74.4129109, 33.8551991], [74.4117307, 33.8537557], [74.4103575, 33.851742], [74.4094777, 33.8504946], [74.4089412, 33.8489799], [74.4094562, 33.8459681], [74.4098425, 33.8452196], [74.4099068, 33.844079], [74.4096064, 33.8425463], [74.4109368, 33.8407284], [74.4124818, 33.8395878], [74.4139194, 33.8382333], [74.4152498, 33.836647], [74.4170522, 33.8339021], [74.4181037, 33.8329753], [74.4194555, 33.8317098], [74.4216442, 33.8303195], [74.4235539, 33.8291787], [74.4258284, 33.8282161], [74.4274592, 33.8266653], [74.4287038, 33.8251323], [74.4297981, 33.8239202], [74.431622, 33.8230645], [74.4343042, 33.8229576], [74.4364285, 33.8219593], [74.43748, 33.8223336], [74.4387889, 33.822708], [74.4399905, 33.8229754], [74.4409561, 33.8227436], [74.4415569, 33.8216206], [74.4415355, 33.8204797], [74.4413852, 33.8193922], [74.4405484, 33.8177521], [74.4377374, 33.8159872], [74.4369864, 33.8148462], [74.4372439, 33.8137053], [74.4374585, 33.8114411], [74.4376087, 33.8104961], [74.4380808, 33.8091411], [74.4391751, 33.8089807], [74.4405269, 33.8089272], [74.4416642, 33.8088202], [74.4426727, 33.8078218], [74.4449901, 33.8053613], [74.4472217, 33.8044341], [74.4494748, 33.8035783], [74.4509768, 33.8032038], [74.4512384, 33.8029601], [74.4525432, 33.804969], [74.4543886, 33.8091055], [74.4569635, 33.816736], [74.4595384, 33.8291074], [74.4617271, 33.8348825], [74.4634866, 33.838661], [74.4667053, 33.8428315], [74.4703102, 33.8462889], [74.4739151, 33.8472869], [74.4783353, 33.8474295], [74.4824552, 33.8462176], [74.4838285, 33.8441503], [74.4873046, 33.8477146], [74.4927549, 33.8523123], [74.5039129, 33.8605804], [74.5181179, 33.8695604], [74.5224523, 33.8725179], [74.5306491, 33.8750121], [74.5396184, 33.8788601], [74.5505619, 33.8850593], [74.5660972, 33.8937161], [74.5736932, 33.8974208], [74.5804309, 33.9013391], [74.585967, 33.9058627], [74.5912027, 33.9100299], [74.5960521, 33.915194], [74.5996999, 33.9180075], [74.6000862, 33.9202154], [74.6012449, 33.9235273], [74.6050214, 33.93129], [74.6076822, 33.9351711], [74.6092701, 33.9377347], [74.6108579, 33.9390164], [74.612832, 33.9399065], [74.6154069, 33.9399777], [74.6183681, 33.9391944], [74.621458, 33.9382331], [74.622488, 33.9389452], [74.6233892, 33.9425411], [74.6241188, 33.9506937], [74.6209859, 33.9483441], [74.6184539, 33.9474541], [74.6154499, 33.9470269], [74.6094417, 33.9481661], [74.6018457, 33.9488425], [74.5983696, 33.9504445], [74.5978546, 33.9524024], [74.5962667, 33.9524024], [74.5906019, 33.9522245], [74.5874691, 33.9516905], [74.5861387, 33.9472049], [74.5828342, 33.9419003], [74.574809, 33.9327143], [74.571762, 33.9329635], [74.5684146, 33.9338537], [74.5653677, 33.934815], [74.5636081, 33.9347438], [74.5608186, 33.9334976], [74.5595312, 33.9328211], [74.5580291, 33.9308271], [74.5534801, 33.9315036], [74.5511627, 33.9326075], [74.5490169, 33.9329991], [74.5460987, 33.9301506], [74.5439958, 33.9284414], [74.5425796, 33.9281209], [74.5399618, 33.9287975], [74.5348548, 33.9299013], [74.5315933, 33.9313256], [74.530735, 33.9327143], [74.5206499, 33.9319665], [74.519577, 33.9313968], [74.5194053, 33.9337113], [74.5201349, 33.9381619], [74.5219373, 33.9436804], [74.5277738, 33.9510853], [74.526658, 33.9523668], [74.5271301, 33.9536128], [74.5290184, 33.9588099], [74.5322799, 33.9680643], [74.5301771, 33.968527], [74.5300483, 33.9693812], [74.5306921, 33.9718369], [74.5318079, 33.9755026], [74.5327091, 33.9828336], [74.5323658, 33.9844349], [74.527173, 33.9842214], [74.5218515, 33.9841147], [74.5185041, 33.98383], [74.5178175, 33.9846484], [74.5188045, 33.9869258], [74.5234823, 33.9938288], [74.5209074, 33.9939], [74.5178604, 33.9930105], [74.5161008, 33.9947895], [74.5139551, 33.9978138], [74.5133972, 33.9998774], [74.5141267, 34.0010159], [74.5187616, 34.003364], [74.5232248, 34.0056765], [74.5295763, 34.0080245], [74.5346832, 34.0106214], [74.5346832, 34.0201547], [74.5348119, 34.0240318], [74.5323658, 34.025739], [74.5303917, 34.023925], [74.5258426, 34.0219332], [74.5171308, 34.0182339], [74.5093631, 34.0183406], [74.5071744, 34.0181983], [74.5128393, 34.0222889], [74.5199632, 34.0277308], [74.5252847, 34.0321765], [74.5307779, 34.0359463], [74.5351982, 34.0380801], [74.5367002, 34.0373688], [74.5394468, 34.0358041], [74.5448541, 34.0353773], [74.5503902, 34.034666], [74.5559692, 34.033528], [74.5630931, 34.0295447], [74.5637369, 34.0328167], [74.5659256, 34.0415651], [74.5688438, 34.0478948], [74.5704317, 34.049886], [74.564681, 34.0491037], [74.5584583, 34.0483215], [74.5552396, 34.0485704], [74.5524072, 34.0495304], [74.548974, 34.0511305], [74.5462703, 34.0515572], [74.5438452, 34.0520108], [74.5430624, 34.0508816], [74.541024, 34.0481437], [74.5398009, 34.0489793], [74.5386958, 34.0490326], [74.5362389, 34.0492637], [74.5338464, 34.0504105], [74.5326984, 34.051006], [74.5319474, 34.051495], [74.530617, 34.0507038], [74.5281064, 34.0493704], [74.5275271, 34.0490859], [74.5258427, 34.0504816], [74.5234072, 34.0527305], [74.5201778, 34.0546328], [74.5176136, 34.0541083], [74.5155001, 34.0544728], [74.5105111, 34.0552728], [74.5072603, 34.0554594], [74.5033228, 34.0563217], [74.4989562, 34.0572816], [74.4975507, 34.0575572], [74.4942784, 34.0564994], [74.4941175, 34.0532461], [74.4944394, 34.0518505], [74.4937634, 34.0505794], [74.4930017, 34.0494415], [74.4935489, 34.0467924], [74.4933665, 34.0456012], [74.4931197, 34.0445166], [74.4922936, 34.0432809], [74.4990742, 34.0434676], [74.5030761, 34.0430409], [74.5077538, 34.0419741], [74.5091915, 34.040356], [74.5089555, 34.0372621], [74.5111012, 34.0365687], [74.5115948, 34.0349505], [74.5112729, 34.0332968], [74.5106506, 34.0316786], [74.5085048, 34.0311807], [74.5054149, 34.0307895], [74.5030761, 34.0306294], [74.5011449, 34.0305049], [74.4994283, 34.0308072], [74.4973683, 34.0299003], [74.4962954, 34.0292779], [74.4966388, 34.0268416], [74.494257, 34.0229825], [74.4907164, 34.0203503], [74.4870686, 34.0177715], [74.4837427, 34.0164909], [74.4827986, 34.0150502], [74.4814467, 34.0118843], [74.4749021, 34.004876], [74.4748807, 33.9971378], [74.4769835, 33.996782], [74.4783354, 33.9964084], [74.4800734, 33.9950742], [74.4817257, 33.9934552], [74.4827127, 33.9922277], [74.4833994, 33.990751], [74.4831633, 33.9893811], [74.4825411, 33.9847552], [74.4817686, 33.981161], [74.4799447, 33.9785632], [74.479022, 33.9774066], [74.4780779, 33.9766237], [74.47752, 33.9753425], [74.4776702, 33.9746307], [74.479022, 33.9735986], [74.4810176, 33.9718903], [74.482584, 33.9701286], [74.483056, 33.964772], [74.4832492, 33.9621736], [74.4840431, 33.960732], [74.4854378, 33.9594328], [74.4846439, 33.9581158], [74.4812107, 33.9539865], [74.4786572, 33.9508005], [74.4766402, 33.9490205], [74.4737649, 33.9477923], [74.4712329, 33.9465463], [74.4664264, 33.943805], [74.4648599, 33.9420605], [74.4643419, 33.9411173], [74.4623279, 33.9374498], [74.4604611, 33.9352423], [74.4597959, 33.9346904], [74.455204, 33.9327143], [74.4504404, 33.9289755], [74.445312, 33.9258063], [74.4421792, 33.9250229], [74.4346475, 33.9237765], [74.43012, 33.9229397], [74.4275021, 33.9219248], [74.4243885, 33.919989], [74.4227661, 33.9185961], [74.4228011, 33.9182255], [74.422861, 33.9175895], [74.4235391, 33.9166367], [74.4249601, 33.9152151], [74.425609, 33.9118913], [74.4253586, 33.9111459], [74.4242721, 33.9107737], [74.4226824, 33.9109246], [74.4213236, 33.910423], [74.4203493, 33.9093262], [74.4185416, 33.9085863]]]]}}, {"type": "Feature", "properties": {"tehsil": "Chadoora tehsil", "district": "Budgam"}, "geometry": {"type": "MultiPolygon", "coordinates": [[[[74.667828, 33.8689992], [74.6716368, 33.8694446], [74.6742761, 33.8703443], [74.6777415, 33.8709857], [74.6795225, 33.8705046], [74.6800482, 33.869792], [74.6813679, 33.8693555], [74.68243, 33.8688032], [74.6845651, 33.8678678], [74.6866786, 33.8659435], [74.6889853, 33.8638678], [74.6899724, 33.8634758], [74.691571, 33.8635382], [74.6950042, 33.8632353], [74.7057008, 33.8635738], [74.7132539, 33.8650349], [74.7184896, 33.8665315], [74.7209358, 33.8672086], [74.7221803, 33.8664246], [74.7212362, 33.8651062], [74.719305, 33.8642866], [74.7162151, 33.8632888], [74.7141552, 33.8616495], [74.7123527, 33.8601884], [74.709177, 33.8575156], [74.7073745, 33.8552347], [74.7045421, 33.8515639], [74.7044992, 33.8504946], [74.7070312, 33.8503877], [74.7093057, 33.84996], [74.7105932, 33.8492828], [74.7134256, 33.8492472], [74.7175884, 33.8527043], [74.7256136, 33.858656], [74.7312784, 33.8620771], [74.7350549, 33.8627899], [74.7372007, 33.8630393], [74.7432088, 33.8676718], [74.7499895, 33.8702731], [74.7514057, 33.8727317], [74.7552681, 33.8795727], [74.7586155, 33.8840262], [74.7617912, 33.8881944], [74.7640228, 33.887945], [74.7667265, 33.8863063], [74.7680139, 33.8845606], [74.7687435, 33.8824586], [74.7692155, 33.8803209], [74.7698593, 33.8780406], [74.7712755, 33.8767936], [74.7723913, 33.8775062], [74.7728633, 33.8786463], [74.7730779, 33.8799646], [74.7732496, 33.884133], [74.7718763, 33.8891207], [74.7717905, 33.8933599], [74.7723484, 33.8969578], [74.7767257, 33.8987032], [74.7805023, 33.8993444], [74.7813606, 33.9009473], [74.7814464, 33.9026214], [74.7819614, 33.9044736], [74.7824335, 33.9059339], [74.7835064, 33.9069668], [74.7842359, 33.9078216], [74.7818756, 33.9100299], [74.7835064, 33.9112764], [74.7915744, 33.9187553], [74.7934198, 33.9217824], [74.7947073, 33.926839], [74.7957372, 33.9329279], [74.7959089, 33.9376278], [74.7991275, 33.9395861], [74.814105, 33.9465997], [74.8157358, 33.9452469], [74.8173236, 33.944606], [74.8183536, 33.9442144], [74.8188257, 33.9421851], [74.8190403, 33.9403337], [74.8198986, 33.9386604], [74.8204135, 33.9375566], [74.8204994, 33.9354203], [74.8187398, 33.9337113], [74.8165512, 33.9307559], [74.8160362, 33.9290467], [74.8159933, 33.9275868], [74.8187398, 33.920536], [74.8214435, 33.9176157], [74.8228168, 33.9171884], [74.8232889, 33.9151228], [74.8240614, 33.9114189], [74.8251771, 33.9090682], [74.8284784, 33.9039889], [74.8296404, 33.9053462], [74.830563, 33.9069134], [74.8339534, 33.9106709], [74.8367429, 33.9139475], [74.8374939, 33.9147845], [74.837923, 33.9198237], [74.8382664, 33.9229041], [74.8386311, 33.9259843], [74.8395324, 33.9288152], [74.839468, 33.9305244], [74.8400044, 33.9319487], [74.8405194, 33.9329101], [74.8423862, 33.933373], [74.84303, 33.9329279], [74.8431372, 33.9318953], [74.8432874, 33.9307737], [74.8436951, 33.9297945], [74.8439312, 33.9288152], [74.8448324, 33.9301505], [74.8457765, 33.9316104], [74.846828, 33.9337646], [74.8484158, 33.9369513], [74.8499822, 33.9387672], [74.8529863, 33.9417757], [74.8549819, 33.9434134], [74.8579216, 33.9447662], [74.8594665, 33.9464751], [74.8604107, 33.9478457], [74.8610544, 33.9502487], [74.8614192, 33.953061], [74.8636293, 33.9570123], [74.8671484, 33.9613549], [74.8703885, 33.9642203], [74.8730278, 33.9664448], [74.8737573, 33.9681532], [74.8764181, 33.9695235], [74.878993, 33.970698], [74.8798728, 33.9713209], [74.8818898, 33.9726021], [74.8832845, 33.9753247], [74.8848923, 33.9780275], [74.8855591, 33.9789725], [74.8870182, 33.9817126], [74.8872971, 33.9831894], [74.8875761, 33.9839189], [74.888885, 33.9853779], [74.8896575, 33.9876909], [74.8905802, 33.9890786], [74.8918032, 33.989986], [74.8926616, 33.990324], [74.8930049, 33.9904486], [74.8936701, 33.9907332], [74.8950863, 33.9940067], [74.8967814, 33.9936331], [74.8982191, 33.9936331], [74.8994851, 33.9937221], [74.9017811, 33.9941846], [74.9013948, 33.9955367], [74.9013948, 33.9964796], [74.9012446, 33.99712], [74.9011588, 33.9977426], [74.9009502, 33.9986361], [74.9006438, 33.9999485], [74.9018669, 34.0007313], [74.9018669, 34.0015318], [74.9013304, 34.0035953], [74.8999786, 34.0075442], [74.8987341, 34.009732], [74.8998284, 34.0102301], [74.900279, 34.0113862], [74.9004721, 34.0122756], [74.9013734, 34.0124179], [74.903326, 34.012738], [74.9037552, 34.013574], [74.9052357, 34.0141965], [74.9063515, 34.0153526], [74.9073171, 34.0155305], [74.9084329, 34.0159306], [74.9091196, 34.0171756], [74.9097955, 34.0181361], [74.9100315, 34.0183762], [74.9107504, 34.0189364], [74.9131966, 34.0197278], [74.9155033, 34.0204926], [74.9160933, 34.020875], [74.9164474, 34.0211773], [74.9167907, 34.0215775], [74.9165761, 34.022191], [74.9163937, 34.0226623], [74.9158573, 34.0233559], [74.9134969, 34.0239606], [74.9112654, 34.0239962], [74.9078536, 34.0229825], [74.9060511, 34.0217198], [74.9026823, 34.0189809], [74.9010515, 34.017807], [74.8992276, 34.0171668], [74.8968673, 34.0175936], [74.8955154, 34.0200302], [74.8956442, 34.0221822], [74.8973179, 34.0244586], [74.9004292, 34.0277485], [74.9019742, 34.0304694], [74.9020386, 34.0322121], [74.9003005, 34.033848], [74.8959231, 34.0351995], [74.8901081, 34.0366398], [74.886117, 34.0378489], [74.8837566, 34.0385424], [74.88204, 34.0384001], [74.8804092, 34.0376889], [74.8783493, 34.0360708], [74.8753023, 34.0352706], [74.864421, 34.0248992], [74.8598823, 34.0209784], [74.852105, 34.0152541], [74.8439028, 34.0121667], [74.8391923, 34.0088488], [74.8365222, 34.0077082], [74.8317572, 34.0077971], [74.8250165, 34.0089522], [74.8218916, 34.0087985], [74.8186315, 34.0091503], [74.8145227, 34.0091663], [74.8149753, 34.0027463], [74.813602, 33.9957444], [74.8106495, 33.9898805], [74.8066756, 33.978616], [74.8034827, 33.976075], [74.8005731, 33.9734912], [74.7974832, 33.9713345], [74.793698, 33.9713986], [74.7864882, 33.9727866], [74.7832953, 33.9732137], [74.7787635, 33.9731069], [74.7729103, 33.9723442], [74.7694973, 33.9713781], [74.7680939, 33.9708097], [74.7679074, 33.9706736], [74.7581005, 33.9620846], [74.7468137, 33.9539688], [74.7404193, 33.9485933], [74.7336816, 33.9449621], [74.7302484, 33.9406186], [74.7278022, 33.9381619], [74.7269868, 33.9342097], [74.7283172, 33.9317529], [74.7312355, 33.9300081], [74.7348833, 33.9273375], [74.7345399, 33.9202867], [74.7264289, 33.9142681], [74.7278881, 33.9132352], [74.7276735, 33.9117394], [74.7270727, 33.9108134], [74.7222662, 33.9093532], [74.7062587, 33.904153], [74.6992635, 33.9016241], [74.6938991, 33.8991663], [74.6902513, 33.8948917], [74.6869039, 33.8901538], [74.6836853, 33.8895125], [74.6805954, 33.8876957], [74.6765613, 33.8847743], [74.6736002, 33.8808553], [74.6705102, 33.8802853], [74.6683216, 33.8797152], [74.6666479, 33.8783257], [74.6662616, 33.876758], [74.6662187, 33.871057], [74.667828, 33.8689992]]]]}}, {"type": "Feature", "properties": {"tehsil": "Badgam tehsil", "district": "Budgam"}, "geometry": {"type": "MultiPolygon", "coordinates": [[[[74.6680892, 34.1028819], [74.6675491, 34.1007891], [74.6668195, 34.0951387], [74.6647596, 34.0876397], [74.6646738, 34.0839788], [74.6660471, 34.0791448], [74.6680212, 34.0740617], [74.6700382, 34.0682317], [74.6717977, 34.0660631], [74.6739006, 34.063859], [74.6770334, 34.0565706], [74.6798229, 34.0499927], [74.6804237, 34.0455479], [74.6831274, 34.0407117], [74.6859169, 34.0383646], [74.6888351, 34.0372266], [74.689393, 34.036053], [74.6901655, 34.0352706], [74.6909809, 34.0344171], [74.6913242, 34.0329589], [74.6917533, 34.0302204], [74.6921396, 34.028371], [74.6928906, 34.0282998], [74.6942854, 34.0278552], [74.6948427, 34.0272841], [74.6949839, 34.0265422], [74.6950686, 34.0254811], [74.6952081, 34.0233382], [74.6957874, 34.0222177], [74.6958518, 34.0213641], [74.6955728, 34.0207416], [74.6955299, 34.0199057], [74.6956801, 34.0197279], [74.6969247, 34.0193722], [74.697504, 34.0191943], [74.6988129, 34.0184473], [74.6990061, 34.0126491], [74.6994781, 34.0120799], [74.7004008, 34.0114574], [74.7007441, 34.0105147], [74.7008514, 34.0089672], [74.7019672, 34.0074375], [74.7032547, 34.0064058], [74.7057223, 34.0050005], [74.7040486, 34.0015496], [74.7016883, 33.9952343], [74.6979117, 33.9882068], [74.6971392, 33.9868369], [74.6978688, 33.9864454], [74.6987915, 33.9866412], [74.6991563, 33.9868013], [74.7002506, 33.9874774], [74.7009372, 33.9879578], [74.7019458, 33.988616], [74.702847, 33.9889897], [74.7039413, 33.9893099], [74.7049069, 33.9893989], [74.7058725, 33.989897], [74.7067308, 33.9900038], [74.7092843, 33.9902351], [74.7110009, 33.9906798], [74.7120309, 33.9914271], [74.7124171, 33.9923522], [74.7126531, 33.9925835], [74.713211, 33.9915338], [74.714005, 33.9907154], [74.7157216, 33.9910357], [74.7182321, 33.9911958], [74.7202062, 33.9911246], [74.7208071, 33.9909111], [74.7231245, 33.9903596], [74.7297334, 33.9900572], [74.7318363, 33.9916228], [74.7309565, 33.9929749], [74.7288322, 33.9963017], [74.7266221, 33.9980984], [74.7311067, 34.0004644], [74.7326302, 34.0013717], [74.7351837, 34.001763], [74.738338, 34.0015673], [74.7406125, 34.0005356], [74.742887, 33.9991658], [74.7469425, 33.9971378], [74.7482943, 33.9962305], [74.7484875, 33.9954122], [74.7501182, 33.9951275], [74.7506976, 33.9947361], [74.7542381, 33.9913381], [74.7520065, 33.988794], [74.7472214, 33.9848975], [74.746964, 33.9843637], [74.747715, 33.9838478], [74.7483587, 33.9832072], [74.7481656, 33.974257], [74.7509336, 33.9740969], [74.7542596, 33.9736342], [74.7567701, 33.9717835], [74.7594309, 33.9694523], [74.7679074, 33.9706736], [74.7680939, 33.9708097], [74.7694973, 33.9713781], [74.7729103, 33.9723442], [74.7787635, 33.9731069], [74.7832953, 33.9732137], [74.7864882, 33.9727866], [74.793698, 33.9713986], [74.7974832, 33.9713345], [74.8005731, 33.9734912], [74.8034827, 33.976075], [74.8066756, 33.978616], [74.8106495, 33.9898805], [74.813602, 33.9957444], [74.8149753, 34.0027463], [74.8145227, 34.0091663], [74.8061315, 34.0108932], [74.786869, 34.0120419], [74.7820741, 34.013041], [74.778409, 34.0134727], [74.7745958, 34.0136778], [74.7718696, 34.0138245], [74.7645394, 34.016047], [74.7626104, 34.0173421], [74.7615301, 34.0199003], [74.756996, 34.026747], [74.7562606, 34.0278499], [74.7556118, 34.0288715], [74.75416, 34.0315131], [74.755409, 34.0359626], [74.7609213, 34.0425968], [74.7575783, 34.0506139], [74.7567011, 34.0545326], [74.7132664, 34.0742618], [74.7121121, 34.074732], [74.7024329, 34.0787408], [74.693484, 34.0831413], [74.6868605, 34.088283], [74.6744311, 34.0976036], [74.6704161, 34.1004696], [74.6680892, 34.1028819]]]]}}, {"type": "Feature", "properties": {"tehsil": "Beerwah Tehsil", "district": "Budgam"}, "geometry": {"type": "MultiPolygon", "coordinates": [[[[74.5438452, 34.0520108], [74.5462703, 34.0515572], [74.548974, 34.0511305], [74.5524072, 34.0495304], [74.5552396, 34.0485704], [74.5584583, 34.0483215], [74.564681, 34.0491037], [74.5704317, 34.049886], [74.5688438, 34.0478948], [74.5659256, 34.0415651], [74.5637369, 34.0328167], [74.5630931, 34.0295447], [74.5559692, 34.033528], [74.5503902, 34.034666], [74.5448541, 34.0353773], [74.5394468, 34.0358041], [74.5367002, 34.0373688], [74.5351982, 34.0380801], [74.5307779, 34.0359463], [74.5252847, 34.0321765], [74.5199632, 34.0277308], [74.5128393, 34.0222889], [74.5071744, 34.0181983], [74.5093631, 34.0183406], [74.5171308, 34.0182339], [74.5258426, 34.0219332], [74.5303917, 34.023925], [74.5323658, 34.025739], [74.5348119, 34.0240318], [74.5346832, 34.0201547], [74.5346832, 34.0106214], [74.5295763, 34.0080245], [74.5232248, 34.0056765], [74.5187616, 34.003364], [74.5141267, 34.0010159], [74.5133972, 33.9998774], [74.5139551, 33.9978138], [74.5161008, 33.9947895], [74.5178604, 33.9930105], [74.5209074, 33.9939], [74.5234823, 33.9938288], [74.5188045, 33.9869258], [74.5178175, 33.9846484], [74.5185041, 33.98383], [74.5218515, 33.9841147], [74.527173, 33.9842214], [74.5323658, 33.9844349], [74.5327091, 33.9828336], [74.5318079, 33.9755026], [74.5306921, 33.9718369], [74.5300483, 33.9693812], [74.5301771, 33.968527], [74.5322799, 33.9680643], [74.5290184, 33.9588099], [74.5271301, 33.9536128], [74.526658, 33.9523668], [74.5277738, 33.9510853], [74.5219373, 33.9436804], [74.5201349, 33.9381619], [74.5194053, 33.9337113], [74.519577, 33.9313968], [74.5206499, 33.9319665], [74.530735, 33.9327143], [74.5315933, 33.9313256], [74.5348548, 33.9299013], [74.5399618, 33.9287975], [74.5425796, 33.9281209], [74.5439958, 33.9284414], [74.5460987, 33.9301506], [74.5490169, 33.9329991], [74.5511627, 33.9326075], [74.5534801, 33.9315036], [74.5580291, 33.9308271], [74.5595312, 33.9328211], [74.5608186, 33.9334976], [74.5636081, 33.9347438], [74.5653677, 33.934815], [74.5684146, 33.9338537], [74.571762, 33.9329635], [74.574809, 33.9327143], [74.5828342, 33.9419003], [74.5861387, 33.9472049], [74.5874691, 33.9516905], [74.5906019, 33.9522245], [74.5962667, 33.9524024], [74.5978546, 33.9524024], [74.5983696, 33.9504445], [74.6018457, 33.9488425], [74.6094417, 33.9481661], [74.6154499, 33.9470269], [74.6184539, 33.9474541], [74.6209859, 33.9483441], [74.6241188, 33.9506937], [74.6245479, 33.9534348], [74.6248912, 33.9545739], [74.6262216, 33.9568165], [74.6263074, 33.9634728], [74.6254921, 33.9689897], [74.6254062, 33.9761788], [74.6262645, 33.9842214], [74.6266508, 33.9853957], [74.6271658, 33.9860718], [74.6282386, 33.9869614], [74.6307706, 33.9879578], [74.6327877, 33.9885271], [74.6329593, 33.9903062], [74.6384096, 33.993224], [74.6418857, 33.9959993], [74.6439886, 33.9987745], [74.6454048, 34.0018698], [74.6487522, 34.0027236], [74.6498251, 34.0044313], [74.652915, 34.0028304], [74.6542024, 34.002439], [74.6570348, 34.0020121], [74.6587514, 34.0023679], [74.6602535, 34.0030082], [74.6626138, 34.0045025], [74.6642017, 34.0062457], [74.6671199, 34.0080956], [74.6722698, 34.0116886], [74.6771192, 34.0130404], [74.6794796, 34.0138942], [74.6814107, 34.0158151], [74.6857881, 34.0175936], [74.6879339, 34.0190876], [74.6903801, 34.0220043], [74.6912813, 34.0251699], [74.6921396, 34.028371], [74.6917533, 34.0302204], [74.6913242, 34.0329589], [74.6909809, 34.0344171], [74.6901655, 34.0352706], [74.689393, 34.036053], [74.6888351, 34.0372266], [74.6859169, 34.0383646], [74.6831274, 34.0407117], [74.6804237, 34.0455479], [74.6798229, 34.0499927], [74.6770334, 34.0565706], [74.6739006, 34.063859], [74.6717977, 34.0660631], [74.6700382, 34.0682317], [74.6680212, 34.0740617], [74.6660471, 34.0791448], [74.6646738, 34.0839788], [74.6647596, 34.0876397], [74.6668195, 34.0951387], [74.6675491, 34.1007891], [74.6680892, 34.1028819], [74.668622, 34.1049467], [74.6700382, 34.1077184], [74.6711969, 34.1088554], [74.6730852, 34.1101701], [74.6896934, 34.1175605], [74.6933841, 34.1196922], [74.6952724, 34.1199054], [74.6977186, 34.1203317], [74.6993494, 34.1215397], [74.699285, 34.1280942], [74.6996168, 34.1301396], [74.7001227, 34.131391], [74.7002707, 34.1334262], [74.6992354, 34.1369796], [74.6975469, 34.1377919], [74.6941888, 34.1388131], [74.6921182, 34.1393459], [74.691174, 34.1395324], [74.6901548, 34.1395146], [74.6897364, 34.1393015], [74.6877622, 34.1375699], [74.6866357, 34.1370193], [74.6855092, 34.1367263], [74.6846402, 34.1365842], [74.6829772, 34.1365309], [74.681443, 34.1360514], [74.6791685, 34.1348614], [74.677881, 34.1343818], [74.6762609, 34.1335826], [74.6734178, 34.1314423], [74.6712184, 34.1299948], [74.6679246, 34.1268864], [74.66712, 34.1277745], [74.666208, 34.1285027], [74.6647811, 34.1282807], [74.6642876, 34.1282008], [74.6637511, 34.1282807], [74.6614873, 34.1287159], [74.6583009, 34.1295152], [74.6578824, 34.1292665], [74.6561444, 34.1278811], [74.6556616, 34.1274903], [74.6544385, 34.1242752], [74.6515739, 34.1232183], [74.649986, 34.1225877], [74.6481621, 34.1214153], [74.6436775, 34.1198965], [74.6358669, 34.1169565], [74.6324122, 34.1157218], [74.6284425, 34.1137677], [74.6245479, 34.1143717], [74.6219087, 34.1158195], [74.6206641, 34.1163258], [74.6177566, 34.1149224], [74.6171451, 34.1146559], [74.6152353, 34.1126129], [74.6152997, 34.1102767], [74.6157825, 34.1084112], [74.6128535, 34.107212], [74.6101391, 34.1057729], [74.606663, 34.1034631], [74.6042383, 34.1011533], [74.6026397, 34.0997674], [74.5979941, 34.0970399], [74.5963311, 34.0956006], [74.5947862, 34.0941702], [74.5932305, 34.0913626], [74.5915782, 34.0896478], [74.5885205, 34.0873376], [74.5854413, 34.0853739], [74.5789075, 34.0808332], [74.5730924, 34.0771365], [74.5705926, 34.0751725], [74.5653784, 34.0690849], [74.5647025, 34.0688449], [74.5624816, 34.0696892], [74.5574069, 34.0714667], [74.5528793, 34.068836], [74.5515382, 34.0677606], [74.5500576, 34.0647566], [74.5476758, 34.0584994], [74.546088, 34.0552461], [74.5438452, 34.0520108]]]]}}, {"type": "Feature", "properties": {"tehsil": "Tangmarg", "district": "Baramulla"}, "geometry": {"type": "MultiPolygon", "coordinates": [[[[74.2895078, 34.0253478], [74.2898293, 34.0246305], [74.2900657, 34.0241029], [74.2910099, 34.0216486], [74.2916036, 34.0203019], [74.2918253, 34.019799], [74.2928552, 34.0183051], [74.2955589, 34.0175581], [74.2973613, 34.0174869], [74.3005371, 34.0180205], [74.3025941, 34.016179], [74.3026828, 34.0160996], [74.3064165, 34.0144633], [74.3118667, 34.0121867], [74.3129825, 34.011155], [74.3131113, 34.0102657], [74.3124675, 34.0093407], [74.3112861, 34.0079569], [74.3104934, 34.0070284], [74.3099784, 34.0052852], [74.3094205, 34.0026169], [74.3086052, 34.0008736], [74.3072748, 33.9984542], [74.3064809, 33.9973335], [74.3045711, 33.9971912], [74.3034553, 33.9969599], [74.3029618, 33.9963728], [74.3027258, 33.9955723], [74.3024254, 33.9948429], [74.3017387, 33.9942558], [74.3011808, 33.9935975], [74.3007517, 33.9923344], [74.3017387, 33.9921209], [74.3027687, 33.9909645], [74.3034768, 33.9870504], [74.3034982, 33.9848619], [74.304142, 33.9841858], [74.3056226, 33.9829225], [74.3083262, 33.9809119], [74.3092704, 33.9798977], [74.3103647, 33.9783497], [74.3117595, 33.9771219], [74.3128967, 33.9767126], [74.3144417, 33.9763212], [74.3151498, 33.9745595], [74.3154502, 33.9736164], [74.3153214, 33.9727623], [74.3146133, 33.9723174], [74.314034, 33.9721572], [74.3123817, 33.9719437], [74.3113947, 33.9713742], [74.3112659, 33.9700396], [74.3116092, 33.9686159], [74.3120599, 33.9669253], [74.3131113, 33.9651991], [74.3142485, 33.9637753], [74.3157506, 33.9626541], [74.3169307, 33.9616753], [74.3171668, 33.9598778], [74.3182397, 33.9580802], [74.3202808, 33.9570239], [74.3216773, 33.9562278], [74.3230256, 33.9559956], [74.326243, 33.9555405], [74.3278628, 33.9554747], [74.3299842, 33.9554619], [74.330602, 33.9549835], [74.3310643, 33.9536896], [74.3319154, 33.952557], [74.3351903, 33.9523542], [74.3359973, 33.9527325], [74.3369297, 33.9532549], [74.3373837, 33.9533969], [74.3386678, 33.9537984], [74.3407072, 33.9541456], [74.3431564, 33.9541002], [74.3453516, 33.9544217], [74.3531661, 33.9563633], [74.3565837, 33.9553611], [74.3589856, 33.9538228], [74.36064, 33.9533737], [74.3619192, 33.9520871], [74.3636064, 33.951491], [74.3661892, 33.9510075], [74.3675953, 33.9509894], [74.3702762, 33.9496335], [74.3719263, 33.9487989], [74.3748554, 33.9482725], [74.3777845, 33.9483912], [74.3792773, 33.9480642], [74.3803165, 33.9475221], [74.3809922, 33.9473439], [74.3834549, 33.9466947], [74.3844392, 33.9464351], [74.3864608, 33.9461424], [74.3874401, 33.9449171], [74.3880954, 33.9433691], [74.3885161, 33.9420514], [74.3896131, 33.940248], [74.3900033, 33.9383094], [74.3914975, 33.9366774], [74.3934081, 33.9346348], [74.3951466, 33.9332396], [74.3960185, 33.9323643], [74.3962554, 33.9307064], [74.3960286, 33.9292909], [74.3968036, 33.9269327], [74.3981585, 33.9257572], [74.3995918, 33.92404], [74.4013089, 33.922601], [74.40268, 33.9218888], [74.4050399, 33.920585], [74.4061343, 33.9189378], [74.4071962, 33.9168366], [74.4084591, 33.9142027], [74.409184, 33.9138083], [74.4100483, 33.9133381], [74.4102253, 33.9129622], [74.4098191, 33.9119409], [74.4095574, 33.9106782], [74.4094808, 33.9103864], [74.4095994, 33.9099993], [74.4097396, 33.9093139], [74.4102659, 33.9081836], [74.4110021, 33.9080159], [74.411803, 33.9080095], [74.4145011, 33.907841], [74.4185416, 33.9085863], [74.4203493, 33.9093262], [74.4213236, 33.910423], [74.4226824, 33.9109246], [74.4242721, 33.9107737], [74.4253586, 33.9111459], [74.425609, 33.9118913], [74.4249601, 33.9152151], [74.4235391, 33.9166367], [74.422861, 33.9175895], [74.4228011, 33.9182255], [74.4227661, 33.9185961], [74.4243885, 33.919989], [74.4275021, 33.9219248], [74.43012, 33.9229397], [74.4346475, 33.9237765], [74.4421792, 33.9250229], [74.445312, 33.9258063], [74.4504404, 33.9289755], [74.455204, 33.9327143], [74.4597959, 33.9346904], [74.4604611, 33.9352423], [74.4623279, 33.9374498], [74.4643419, 33.9411173], [74.4648599, 33.9420605], [74.4664264, 33.943805], [74.4712329, 33.9465463], [74.4737649, 33.9477923], [74.4766402, 33.9490205], [74.4786572, 33.9508005], [74.4812107, 33.9539865], [74.4846439, 33.9581158], [74.4854378, 33.9594328], [74.4840431, 33.960732], [74.4832492, 33.9621736], [74.483056, 33.964772], [74.482584, 33.9701286], [74.4810176, 33.9718903], [74.479022, 33.9735986], [74.4776702, 33.9746307], [74.47752, 33.9753425], [74.4780779, 33.9766237], [74.479022, 33.9774066], [74.4799447, 33.9785632], [74.4817686, 33.981161], [74.4825411, 33.9847552], [74.4831633, 33.9893811], [74.4833994, 33.990751], [74.4827127, 33.9922277], [74.4817257, 33.9934552], [74.4800734, 33.9950742], [74.4783354, 33.9964084], [74.4769835, 33.996782], [74.4748807, 33.9971378], [74.4749021, 34.004876], [74.4814467, 34.0118843], [74.4827986, 34.0150502], [74.4837427, 34.0164909], [74.4870686, 34.0177715], [74.4907164, 34.0203503], [74.494257, 34.0229825], [74.4966388, 34.0268416], [74.4962954, 34.0292779], [74.4973683, 34.0299003], [74.4994283, 34.0308072], [74.5011449, 34.0305049], [74.5030761, 34.0306294], [74.5054149, 34.0307895], [74.5085048, 34.0311807], [74.5106506, 34.0316786], [74.5112729, 34.0332968], [74.5115948, 34.0349505], [74.5111012, 34.0365687], [74.5089555, 34.0372621], [74.5091915, 34.040356], [74.5077538, 34.0419741], [74.5030761, 34.0430409], [74.4990742, 34.0434676], [74.4922936, 34.0432809], [74.4931197, 34.0445166], [74.4933665, 34.0456012], [74.4935489, 34.0467924], [74.4930017, 34.0494415], [74.4937634, 34.0505794], [74.4944394, 34.0518505], [74.4941175, 34.0532461], [74.4942784, 34.0564994], [74.4975507, 34.0575572], [74.4989562, 34.0572816], [74.5033228, 34.0563217], [74.5072603, 34.0554594], [74.5105111, 34.0552728], [74.5155001, 34.0544728], [74.5176136, 34.0541083], [74.5201778, 34.0546328], [74.5234072, 34.0527305], [74.5258427, 34.0504816], [74.5275271, 34.0490859], [74.5281064, 34.0493704], [74.530617, 34.0507038], [74.5319474, 34.051495], [74.5326984, 34.051006], [74.5338464, 34.0504105], [74.5362389, 34.0492637], [74.5386958, 34.0490326], [74.5398009, 34.0489793], [74.541024, 34.0481437], [74.5430624, 34.0508816], [74.5438452, 34.0520108], [74.546088, 34.0552461], [74.5476758, 34.0584994], [74.5500576, 34.0647566], [74.5515382, 34.0677606], [74.5528793, 34.068836], [74.5574069, 34.0714667], [74.5624816, 34.0696892], [74.5647025, 34.0688449], [74.5653784, 34.0690849], [74.5705926, 34.0751725], [74.5730924, 34.0771365], [74.5789075, 34.0808332], [74.5854413, 34.0853739], [74.5885205, 34.0873376], [74.5915782, 34.0896478], [74.5932305, 34.0913626], [74.5947862, 34.0941702], [74.5963311, 34.0956006], [74.5979941, 34.0970399], [74.6026397, 34.0997674], [74.6042383, 34.1011533], [74.5995283, 34.1023527], [74.5983696, 34.1023882], [74.5962238, 34.1029923], [74.5939064, 34.1030634], [74.5913314, 34.1022105], [74.5888853, 34.1015354], [74.5875978, 34.1012866], [74.5862245, 34.1021395], [74.5848083, 34.1032411], [74.5836067, 34.1033477], [74.581933, 34.1040228], [74.5810747, 34.1057285], [74.581418, 34.1093884], [74.5820188, 34.1116269], [74.5827055, 34.1133324], [74.5829629, 34.1168499], [74.5818901, 34.1182], [74.5797872, 34.1189461], [74.5721483, 34.1210423], [74.5634794, 34.121291], [74.5548534, 34.1205094], [74.552536, 34.1199764], [74.5478153, 34.1201896], [74.5456266, 34.1201186], [74.5428371, 34.1179869], [74.5409488, 34.1165302], [74.5394468, 34.1154643], [74.5371294, 34.1144694], [74.5356702, 34.1142562], [74.5340395, 34.1152866], [74.5320224, 34.1166723], [74.5302629, 34.1176671], [74.5282459, 34.1174539], [74.5267009, 34.1164946], [74.5243406, 34.1156064], [74.5212936, 34.1154643], [74.5171737, 34.1157485], [74.5145559, 34.1152155], [74.5112514, 34.114576], [74.505887, 34.114043], [74.5027113, 34.1136877], [74.499793, 34.1138654], [74.4968319, 34.1146826], [74.4958448, 34.1159261], [74.4965744, 34.1172763], [74.4983339, 34.1185553], [74.499793, 34.1196212], [74.5015096, 34.1207936], [74.5016384, 34.1217884], [74.4996643, 34.1226055], [74.494214, 34.1237779], [74.4900083, 34.1240976], [74.4855451, 34.1244529], [74.4829273, 34.1249858], [74.480009, 34.1261226], [74.4729709, 34.1261226], [74.4673919, 34.126691], [74.4628, 34.1284317], [74.4573926, 34.1285383], [74.4562339, 34.1261581], [74.4549465, 34.1251989], [74.4537878, 34.1255187], [74.4527578, 34.1272239], [74.4523286, 34.1281475], [74.4504404, 34.1284317], [74.4482946, 34.127366], [74.4463634, 34.1256963], [74.4442606, 34.1238134], [74.4420719, 34.1222147], [74.4395828, 34.1207581], [74.4371795, 34.1197988], [74.4332742, 34.1190882], [74.4264507, 34.1178447], [74.4234466, 34.1164591], [74.4207859, 34.1155709], [74.4187688, 34.1137233], [74.4170093, 34.1120533], [74.415121, 34.1101701], [74.4119453, 34.1077894], [74.3996715, 34.0995098], [74.3979978, 34.0989057], [74.3967533, 34.1015709], [74.395895, 34.1033121], [74.3928909, 34.1018552], [74.3906164, 34.1005048], [74.3882131, 34.0922955], [74.3870115, 34.0884572], [74.3855953, 34.0860048], [74.3843936, 34.0810287], [74.3824195, 34.078896], [74.3807888, 34.0771543], [74.3788147, 34.0753414], [74.3781709, 34.0753414], [74.3778276, 34.076159], [74.3795871, 34.078505], [74.3793726, 34.0810287], [74.3773984, 34.0859692], [74.3769264, 34.0892391], [74.3765831, 34.0922244], [74.3744373, 34.0943568], [74.3714332, 34.0953874], [74.3695879, 34.0951387], [74.3678712, 34.0947477], [74.3658113, 34.0938593], [74.3651247, 34.0926154], [74.3640518, 34.0911938], [74.3628931, 34.0898433], [74.361906, 34.0888836], [74.360404, 34.0883861], [74.3588161, 34.0855072], [74.3567991, 34.0818817], [74.3557691, 34.0789315], [74.3545675, 34.076159], [74.3529796, 34.0745949], [74.349761, 34.0737773], [74.3466711, 34.073564], [74.3444824, 34.0734218], [74.3444648, 34.0734126], [74.3429803, 34.0726398], [74.3386459, 34.0710401], [74.3362426, 34.0704358], [74.3327236, 34.070258], [74.3301916, 34.069867], [74.3289041, 34.0701158], [74.3265438, 34.0712178], [74.3266725, 34.0723554], [74.323368, 34.0734574], [74.3199348, 34.0753058], [74.3099355, 34.0772609], [74.3079185, 34.0776519], [74.3071889, 34.0759101], [74.3055152, 34.0763722], [74.304614, 34.0770476], [74.3038845, 34.0776163], [74.3022537, 34.0772253], [74.3005371, 34.077332], [74.2987775, 34.0762656], [74.2978763, 34.0750926], [74.2962884, 34.0729597], [74.2960739, 34.07168], [74.2947841, 34.0683085], [74.2922115, 34.0615836], [74.2871904, 34.053975], [74.2839717, 34.0479303], [74.2838859, 34.0445878], [74.2843151, 34.0416007], [74.2866325, 34.0372977], [74.2851734, 34.0348438], [74.2844867, 34.0334924], [74.2857742, 34.0320698], [74.2870187, 34.0300782], [74.2882204, 34.0279442], [74.2893362, 34.0268772], [74.2906236, 34.0259524], [74.2895078, 34.0253478]]]]}}, {"type": "Feature", "properties": {"tehsil": "Pattan", "district": "Baramulla"}, "geometry": {"type": "MultiPolygon", "coordinates": [[[[74.4573926, 34.1285383], [74.4628, 34.1284317], [74.4673919, 34.126691], [74.4729709, 34.1261226], [74.480009, 34.1261226], [74.4829273, 34.1249858], [74.4855451, 34.1244529], [74.4900083, 34.1240976], [74.494214, 34.1237779], [74.4996643, 34.1226055], [74.5016384, 34.1217884], [74.5015096, 34.1207936], [74.499793, 34.1196212], [74.4983339, 34.1185553], [74.4965744, 34.1172763], [74.4958448, 34.1159261], [74.4968319, 34.1146826], [74.499793, 34.1138654], [74.5027113, 34.1136877], [74.505887, 34.114043], [74.5112514, 34.114576], [74.5145559, 34.1152155], [74.5171737, 34.1157485], [74.5212936, 34.1154643], [74.5243406, 34.1156064], [74.5267009, 34.1164946], [74.5282459, 34.1174539], [74.5302629, 34.1176671], [74.5320224, 34.1166723], [74.5340395, 34.1152866], [74.5356702, 34.1142562], [74.5371294, 34.1144694], [74.5394468, 34.1154643], [74.5409488, 34.1165302], [74.5428371, 34.1179869], [74.5456266, 34.1201186], [74.5478153, 34.1201896], [74.552536, 34.1199764], [74.5548534, 34.1205094], [74.5634794, 34.121291], [74.5721483, 34.1210423], [74.5797872, 34.1189461], [74.5818901, 34.1182], [74.5829629, 34.1168499], [74.5827055, 34.1133324], [74.5820188, 34.1116269], [74.581418, 34.1093884], [74.5810747, 34.1057285], [74.581933, 34.1040228], [74.5836067, 34.1033477], [74.5848083, 34.1032411], [74.5862245, 34.1021395], [74.5875978, 34.1012866], [74.5888853, 34.1015354], [74.5913314, 34.1022105], [74.5939064, 34.1030634], [74.5962238, 34.1029923], [74.5983696, 34.1023882], [74.5995283, 34.1023527], [74.6042383, 34.1011533], [74.606663, 34.1034631], [74.6101391, 34.1057729], [74.6128535, 34.107212], [74.6157825, 34.1084112], [74.6152997, 34.1102767], [74.6152353, 34.1126129], [74.6171451, 34.1146559], [74.6177566, 34.1149224], [74.6206641, 34.1163258], [74.6219087, 34.1158195], [74.6245479, 34.1143717], [74.6284425, 34.1137677], [74.6324122, 34.1157218], [74.6358669, 34.1169565], [74.6436775, 34.1198965], [74.6481621, 34.1214153], [74.649986, 34.1225877], [74.6515739, 34.1232183], [74.6544385, 34.1242752], [74.6556616, 34.1274903], [74.6561444, 34.1278811], [74.6578824, 34.1292665], [74.6583009, 34.1295152], [74.6614873, 34.1287159], [74.6637511, 34.1282807], [74.6642876, 34.1282008], [74.6647811, 34.1282807], [74.666208, 34.1285027], [74.66712, 34.1277745], [74.6679246, 34.1268864], [74.6712184, 34.1299948], [74.6734178, 34.1314423], [74.6762609, 34.1335826], [74.677881, 34.1343818], [74.6791685, 34.1348614], [74.681443, 34.1360514], [74.6829772, 34.1365309], [74.6846402, 34.1365842], [74.6855092, 34.1367263], [74.6866357, 34.1370193], [74.6877622, 34.1375699], [74.6897364, 34.1393015], [74.6901548, 34.1395146], [74.691174, 34.1395324], [74.6921182, 34.1393459], [74.6941888, 34.1388131], [74.6975469, 34.1377919], [74.6992354, 34.1369796], [74.7002707, 34.1334262], [74.7016131, 34.1380938], [74.7009373, 34.1394347], [74.6996122, 34.139803], [74.6985134, 34.1410231], [74.6978366, 34.1424006], [74.6948925, 34.145972], [74.6946738, 34.1493664], [74.6960411, 34.1557038], [74.6959522, 34.1595973], [74.6926804, 34.1656735], [74.6914194, 34.1671161], [74.6910835, 34.1677454], [74.6902084, 34.1688667], [74.6882129, 34.1701272], [74.6859383, 34.1717605], [74.6847367, 34.17295], [74.6821832, 34.1749383], [74.6812552, 34.175604], [74.6790504, 34.1747075], [74.6779132, 34.1749915], [74.6753651, 34.1761454], [74.6724415, 34.1776899], [74.6709931, 34.1789148], [74.6702635, 34.1797757], [74.6690619, 34.1805745], [74.6675706, 34.1816485], [74.6665192, 34.182678], [74.6656287, 34.1838939], [74.6646845, 34.1850122], [74.6638584, 34.1854915], [74.6626031, 34.1857844], [74.6618414, 34.1858199], [74.6610904, 34.1857489], [74.6605754, 34.1855625], [74.6603501, 34.1854116], [74.6595025, 34.1848613], [74.6579575, 34.1830597], [74.6558654, 34.1819147], [74.653312, 34.1811514], [74.6518421, 34.1810272], [74.6503186, 34.1809207], [74.6494603, 34.1802994], [74.6489882, 34.1797313], [74.6484947, 34.1791988], [74.6487093, 34.1787905], [74.648838, 34.1780982], [74.6487951, 34.1769088], [74.6486449, 34.1762697], [74.6376586, 34.1764295], [74.6373796, 34.1782579], [74.6371007, 34.1799799], [74.6368003, 34.1822165], [74.635899, 34.1840271], [74.6350193, 34.1855004], [74.6345258, 34.1867784], [74.6353197, 34.1883404], [74.6364999, 34.1896361], [74.6378732, 34.1899378], [74.6387529, 34.1898136], [74.640255, 34.1895118], [74.6409416, 34.1894941], [74.6420574, 34.1897958], [74.6422076, 34.1902396], [74.6423578, 34.1912513], [74.6421218, 34.1936828], [74.641478, 34.1947655], [74.6403837, 34.1954044], [74.6390962, 34.1960611], [74.6373582, 34.1961676], [74.6360707, 34.1961676], [74.6339464, 34.1960434], [74.6325516, 34.1958836], [74.6311784, 34.1957949], [74.6298051, 34.1956352], [74.6283674, 34.1955287], [74.6223163, 34.1947478], [74.6101713, 34.194588], [74.602468, 34.1947478], [74.596889, 34.1932746], [74.5929622, 34.192192], [74.5906019, 34.191127], [74.5897436, 34.1896361], [74.5845938, 34.1898846], [74.5816111, 34.190772], [74.5803237, 34.1914997], [74.5787358, 34.191198], [74.577105, 34.1903461], [74.5756888, 34.1891923], [74.5739507, 34.1878434], [74.5731354, 34.1883581], [74.5724273, 34.1893166], [74.571805, 34.190488], [74.5710754, 34.1915885], [74.5701527, 34.1930971], [74.5694017, 34.1946413], [74.5688867, 34.1957772], [74.5688009, 34.1969308], [74.568994, 34.2012789], [74.5703673, 34.2037989], [74.572277, 34.2067093], [74.574852, 34.2091937], [74.5774054, 34.2115537], [74.5841431, 34.2173384], [74.5871258, 34.2204079], [74.5905804, 34.2214193], [74.5920181, 34.2223241], [74.5927477, 34.2229096], [74.5933914, 34.2238855], [74.5939708, 34.2248081], [74.5948076, 34.2262984], [74.5963955, 34.2288886], [74.596653, 34.2304853], [74.5959234, 34.2312836], [74.595108, 34.2321352], [74.5943784, 34.2327384], [74.5940566, 34.2332174], [74.5933056, 34.235151], [74.5900655, 34.2349381], [74.5874905, 34.2344592], [74.5865679, 34.2345301], [74.5853233, 34.2348849], [74.580903, 34.2346898], [74.5797014, 34.2351865], [74.5792079, 34.2363396], [74.5775342, 34.2367476], [74.5756674, 34.2365879], [74.5739507, 34.236446], [74.5717835, 34.2364283], [74.570775, 34.2361267], [74.5707321, 34.2355413], [74.5709681, 34.2349381], [74.5714402, 34.2342285], [74.5714402, 34.2334302], [74.5709681, 34.2322771], [74.5702171, 34.2313369], [74.5695305, 34.2303611], [74.5691871, 34.2293499], [74.5691442, 34.2283209], [74.5691013, 34.2273806], [74.5685005, 34.2264403], [74.5679855, 34.225979], [74.5668053, 34.2256774], [74.56496, 34.2249855], [74.5626211, 34.2241516], [74.5599818, 34.2232645], [74.5583939, 34.2228387], [74.5569563, 34.2225725], [74.5559907, 34.2224483], [74.5548105, 34.2223419], [74.5541453, 34.2223596], [74.5531368, 34.2206741], [74.5511198, 34.219716], [74.5492315, 34.2187224], [74.5465707, 34.2179062], [74.5442962, 34.2175513], [74.5420646, 34.2179062], [74.5385885, 34.2187224], [74.5356273, 34.2203902], [74.529705, 34.2233355], [74.5263576, 34.2239742], [74.5242977, 34.223371], [74.5235252, 34.2217741], [74.5239114, 34.2187224], [74.5237398, 34.2154575], [74.5234823, 34.2130443], [74.5226669, 34.2114118], [74.5191907, 34.212512], [74.5120239, 34.2160253], [74.5085907, 34.218261], [74.5059728, 34.219574], [74.5051574, 34.2205322], [74.5052433, 34.2223419], [74.5055008, 34.2236903], [74.5030117, 34.2257129], [74.4988489, 34.2274516], [74.495244, 34.2278064], [74.4892358, 34.2281967], [74.4802236, 34.2272387], [74.4736146, 34.2278242], [74.4747295, 34.2218188], [74.4817256, 34.2143574], [74.4853305, 34.2136477], [74.486103, 34.2119442], [74.489107, 34.2056268], [74.4890212, 34.2022905], [74.4861888, 34.2003738], [74.4820689, 34.1976762], [74.4796657, 34.1933457], [74.4829272, 34.1837609], [74.4861888, 34.1795006], [74.4879912, 34.1770864], [74.4858455, 34.1749561], [74.4877338, 34.1716186], [74.4907378, 34.1703403], [74.4933127, 34.168849], [74.4893645, 34.1559943], [74.4861888, 34.1581961], [74.4839572, 34.1570597], [74.4818114, 34.1576279], [74.4817256, 34.1590484], [74.4822406, 34.1606109], [74.4806956, 34.1600427], [74.4791507, 34.1587643], [74.475975, 34.1575569], [74.4753741, 34.1557812], [74.47443, 34.152585], [74.4737863, 34.1458725], [74.4715547, 34.1432086], [74.4689369, 34.1423917], [74.4661903, 34.1417524], [74.4608259, 34.1403671], [74.4584226, 34.139195], [74.4570064, 34.1376321], [74.4567489, 34.1363888], [74.4571781, 34.1350745], [74.4570922, 34.1332984], [74.4573926, 34.1285383]]]]}}, {"type": "Feature", "properties": {"tehsil": "Kreeri", "district": "Baramulla"}, "geometry": {"type": "MultiPolygon", "coordinates": [[[[74.2744982, 34.1790657], [74.2752599, 34.1773704], [74.2758607, 34.1758792], [74.2763328, 34.1717606], [74.2754745, 34.1693461], [74.2732858, 34.1675707], [74.2711401, 34.1660083], [74.2697668, 34.1645525], [74.2697238, 34.1635582], [74.2704963, 34.1621023], [74.2708826, 34.1606108], [74.2710542, 34.1589418], [74.2705392, 34.1575923], [74.2697238, 34.1554971], [74.2664194, 34.1523008], [74.2674064, 34.1510223], [74.2697238, 34.1488559], [74.2703676, 34.1470445], [74.2688655, 34.140971], [74.2674064, 34.1367796], [74.264059, 34.1345772], [74.2627286, 34.129533], [74.2632865, 34.1229608], [74.2637157, 34.1193369], [74.2656898, 34.1167433], [74.2669773, 34.1128705], [74.2678785, 34.1115559], [74.2694664, 34.1101346], [74.2697668, 34.1088554], [74.269123, 34.107363], [74.268136, 34.1064747], [74.2671918, 34.1047691], [74.2681789, 34.102708], [74.2677497, 34.1020684], [74.2624712, 34.1004693], [74.2604541, 34.1000428], [74.2607116, 34.098266], [74.2612266, 34.0960627], [74.2617845, 34.0945345], [74.2623853, 34.0915137], [74.2613983, 34.0868933], [74.260025, 34.0836234], [74.2581367, 34.0813841], [74.2577934, 34.0764433], [74.2568492, 34.0751992], [74.2578363, 34.0740261], [74.2593813, 34.0711112], [74.2601108, 34.0689427], [74.2603254, 34.0678051], [74.2598104, 34.067023], [74.2581367, 34.0660276], [74.2564201, 34.0632546], [74.2549181, 34.0606948], [74.2545747, 34.0591305], [74.2551326, 34.0580283], [74.2555618, 34.0546861], [74.2559051, 34.0534772], [74.2570638, 34.0524817], [74.2583084, 34.0512727], [74.26054, 34.0508461], [74.2622137, 34.0500638], [74.262042, 34.0491393], [74.2616128, 34.0485704], [74.2618703, 34.0476103], [74.2618703, 34.0455834], [74.2608833, 34.0440899], [74.2595958, 34.0419563], [74.2595529, 34.0409606], [74.2601966, 34.0393959], [74.2687263, 34.0312431], [74.2688226, 34.0311807], [74.2708826, 34.0304694], [74.2736721, 34.0302916], [74.2766761, 34.0303271], [74.2786932, 34.029438], [74.2804956, 34.0282643], [74.2824268, 34.027304], [74.2853879, 34.0259169], [74.2866325, 34.0256323], [74.2895078, 34.0253478], [74.2906236, 34.0259524], [74.2893362, 34.0268772], [74.2882204, 34.0279442], [74.2870187, 34.0300782], [74.2857742, 34.0320698], [74.2844867, 34.0334924], [74.2851734, 34.0348438], [74.2866325, 34.0372977], [74.2843151, 34.0416007], [74.2838859, 34.0445878], [74.2839717, 34.0479303], [74.2871904, 34.053975], [74.2922115, 34.0615836], [74.2947841, 34.0683085], [74.2960739, 34.07168], [74.2962884, 34.0729597], [74.2978763, 34.0750926], [74.2987775, 34.0762656], [74.3005371, 34.077332], [74.3022537, 34.0772253], [74.3038845, 34.0776163], [74.304614, 34.0770476], [74.3055152, 34.0763722], [74.3071889, 34.0759101], [74.3079185, 34.0776519], [74.3099355, 34.0772609], [74.3199348, 34.0753058], [74.323368, 34.0734574], [74.3266725, 34.0723554], [74.3265438, 34.0712178], [74.3289041, 34.0701158], [74.3301916, 34.069867], [74.3327236, 34.070258], [74.3362426, 34.0704358], [74.3386459, 34.0710401], [74.3429803, 34.0726398], [74.3444648, 34.0734126], [74.3444824, 34.0734218], [74.3466711, 34.073564], [74.349761, 34.0737773], [74.3529796, 34.0745949], [74.3545675, 34.076159], [74.3557691, 34.0789315], [74.3567991, 34.0818817], [74.3588161, 34.0855072], [74.360404, 34.0883861], [74.361906, 34.0888836], [74.3628931, 34.0898433], [74.3640518, 34.0911938], [74.3651247, 34.0926154], [74.3658113, 34.0938593], [74.3678712, 34.0947477], [74.3695879, 34.0951387], [74.3714332, 34.0953874], [74.3744373, 34.0943568], [74.3765831, 34.0922244], [74.3769264, 34.0892391], [74.3773984, 34.0859692], [74.3793726, 34.0810287], [74.3795871, 34.078505], [74.3778276, 34.076159], [74.3781709, 34.0753414], [74.3788147, 34.0753414], [74.3807888, 34.0771543], [74.3824195, 34.078896], [74.3843936, 34.0810287], [74.3855953, 34.0860048], [74.3870115, 34.0884572], [74.3882131, 34.0922955], [74.3906164, 34.1005048], [74.3928909, 34.1018552], [74.395895, 34.1033121], [74.3967533, 34.1015709], [74.3979978, 34.0989057], [74.3996715, 34.0995098], [74.4119453, 34.1077894], [74.415121, 34.1101701], [74.4170093, 34.1120533], [74.4187688, 34.1137233], [74.4207859, 34.1155709], [74.4234466, 34.1164591], [74.4264507, 34.1178447], [74.4332742, 34.1190882], [74.4371795, 34.1197988], [74.4395828, 34.1207581], [74.4420719, 34.1222147], [74.4442606, 34.1238134], [74.4463634, 34.1256963], [74.4482946, 34.127366], [74.4504404, 34.1284317], [74.4523286, 34.1281475], [74.4527578, 34.1272239], [74.4537878, 34.1255187], [74.4549465, 34.1251989], [74.4562339, 34.1261581], [74.4573926, 34.1285383], [74.4570922, 34.1332984], [74.4571781, 34.1350745], [74.4567489, 34.1363888], [74.4570064, 34.1376321], [74.4584226, 34.139195], [74.4608259, 34.1403671], [74.4661903, 34.1417524], [74.4689369, 34.1423917], [74.4715547, 34.1432086], [74.4737863, 34.1458725], [74.47443, 34.152585], [74.4753741, 34.1557812], [74.475975, 34.1575569], [74.4791507, 34.1587643], [74.4806956, 34.1600427], [74.4822406, 34.1606109], [74.4817256, 34.1590484], [74.4818114, 34.1576279], [74.4839572, 34.1570597], [74.4861888, 34.1581961], [74.4893645, 34.1559943], [74.4933127, 34.168849], [74.4907378, 34.1703403], [74.4877338, 34.1716186], [74.4858455, 34.1749561], [74.4879912, 34.1770864], [74.4861888, 34.1795006], [74.4829272, 34.1837609], [74.4796657, 34.1933457], [74.4820689, 34.1976762], [74.4861888, 34.2003738], [74.4890212, 34.2022905], [74.489107, 34.2056268], [74.486103, 34.2119442], [74.4853305, 34.2136477], [74.4817256, 34.2143574], [74.4747295, 34.2218188], [74.4736146, 34.2278242], [74.4672203, 34.2284451], [74.466684, 34.2286823], [74.4661842, 34.2279768], [74.4646883, 34.2260678], [74.4631004, 34.220887], [74.4621133, 34.2174448], [74.4588089, 34.213967], [74.4578647, 34.2137186], [74.4553756, 34.2146058], [74.4525003, 34.2126184], [74.4487667, 34.208963], [74.4448614, 34.2087855], [74.4408702, 34.2081112], [74.4379949, 34.2077208], [74.4312143, 34.2025034], [74.426279, 34.2001253], [74.4269228, 34.1981021], [74.4277381, 34.1957949], [74.4267082, 34.1936296], [74.4218587, 34.1870269], [74.4173955, 34.1773349], [74.4171381, 34.1711569], [74.4174385, 34.169133], [74.4172239, 34.1675707], [74.4158077, 34.1667185], [74.415121, 34.1662569], [74.4140911, 34.1659728], [74.4122457, 34.1646945], [74.4115161, 34.162777], [74.4110012, 34.1598651], [74.4099283, 34.1577344], [74.408555, 34.1578054], [74.4074821, 34.1604688], [74.4067525, 34.1632386], [74.4066238, 34.1655467], [74.4074392, 34.1681033], [74.4081258, 34.169062], [74.4086837, 34.1692396], [74.4097137, 34.1679968], [74.4106578, 34.1680323], [74.4118595, 34.1725772], [74.412589, 34.1755596], [74.4127607, 34.1780804], [74.4088125, 34.1782935], [74.402976, 34.1766958], [74.3937921, 34.1739264], [74.3914318, 34.1735003], [74.3823766, 34.1737489], [74.3808317, 34.1717606], [74.3739652, 34.1680678], [74.3677854, 34.1672511], [74.3632364, 34.1677127], [74.3619918, 34.1683519], [74.3593311, 34.1682098], [74.3570566, 34.1656532], [74.3565845, 34.1639133], [74.3592882, 34.1624219], [74.3641805, 34.1608594], [74.3683004, 34.1582316], [74.3699741, 34.1571662], [74.36903, 34.1563849], [74.3646955, 34.155355], [74.3625068, 34.1554261], [74.3574857, 34.1556747], [74.352765, 34.1555326], [74.3469286, 34.155284], [74.3459415, 34.153899], [74.3453836, 34.1519812], [74.3465423, 34.1509158], [74.3486452, 34.1507382], [74.3524646, 34.1505606], [74.3566274, 34.1502055], [74.3658971, 34.1470445], [74.3706178, 34.1440611], [74.3733644, 34.1434573], [74.3773126, 34.1435993], [74.3802309, 34.1435283], [74.3832779, 34.142072], [74.3828916, 34.1379162], [74.3785572, 34.1329787], [74.3774843, 34.1311315], [74.3734502, 34.1264423], [74.3713474, 34.1237779], [74.368515, 34.1214686], [74.3685579, 34.1226055], [74.3679571, 34.1248792], [74.3655538, 34.1250213], [74.3622922, 34.1263357], [74.357872, 34.1263713], [74.3521642, 34.1271173], [74.3484735, 34.1277212], [74.3443965, 34.1285383], [74.3418645, 34.1306342], [74.3407058, 34.131842], [74.3381309, 34.133405], [74.3355989, 34.1351101], [74.3343114, 34.1361757], [74.332509, 34.1362468], [74.3304061, 34.1362112], [74.3283033, 34.1364954], [74.3268871, 34.1365309], [74.3251705, 34.1355363], [74.3236684, 34.1342931], [74.3214798, 34.1326946], [74.319334, 34.1329432], [74.3171882, 34.1346838], [74.3160295, 34.1361757], [74.31324, 34.1395502], [74.3125534, 34.1427469], [74.3095922, 34.1447714], [74.3080473, 34.1456949], [74.3060302, 34.1471156], [74.3033695, 34.1481455], [74.302597, 34.1491755], [74.3034553, 34.1504896], [74.3064165, 34.1504541], [74.308691, 34.1502765], [74.3132829, 34.1504541], [74.3187761, 34.1520522], [74.3210077, 34.1547158], [74.3237114, 34.15674], [74.3247413, 34.158054], [74.3237972, 34.1593324], [74.3185186, 34.1625284], [74.3161583, 34.1654047], [74.3150425, 34.166754], [74.3138408, 34.16892], [74.310708, 34.1705888], [74.3072748, 34.1719736], [74.3039274, 34.1721866], [74.2996788, 34.1724352], [74.2936277, 34.1745655], [74.2892504, 34.1759768], [74.2867505, 34.1760301], [74.283489, 34.1755507], [74.2807746, 34.1764561], [74.2794871, 34.1779473], [74.2791009, 34.1786751], [74.2785752, 34.1795449], [74.2776525, 34.180184], [74.2765152, 34.1801662], [74.2744982, 34.1790657]]]]}}, {"type": "Feature", "properties": {"tehsil": "Baramulla", "district": "Baramulla"}, "geometry": {"type": "MultiPolygon", "coordinates": [[[[74.2744982, 34.1790657], [74.2765152, 34.1801662], [74.2776525, 34.180184], [74.2785752, 34.1795449], [74.2791009, 34.1786751], [74.2794871, 34.1779473], [74.2807746, 34.1764561], [74.283489, 34.1755507], [74.2867505, 34.1760301], [74.2892504, 34.1759768], [74.2936277, 34.1745655], [74.2996788, 34.1724352], [74.3039274, 34.1721866], [74.3072748, 34.1719736], [74.310708, 34.1705888], [74.3138408, 34.16892], [74.3150425, 34.166754], [74.3161583, 34.1654047], [74.3185186, 34.1625284], [74.3237972, 34.1593324], [74.3247413, 34.158054], [74.3237114, 34.15674], [74.3210077, 34.1547158], [74.3187761, 34.1520522], [74.3132829, 34.1504541], [74.308691, 34.1502765], [74.3064165, 34.1504541], [74.3034553, 34.1504896], [74.302597, 34.1491755], [74.3033695, 34.1481455], [74.3060302, 34.1471156], [74.3080473, 34.1456949], [74.3095922, 34.1447714], [74.3125534, 34.1427469], [74.31324, 34.1395502], [74.3160295, 34.1361757], [74.3171882, 34.1346838], [74.319334, 34.1329432], [74.3214798, 34.1326946], [74.3236684, 34.1342931], [74.3251705, 34.1355363], [74.3268871, 34.1365309], [74.3283033, 34.1364954], [74.3304061, 34.1362112], [74.332509, 34.1362468], [74.3343114, 34.1361757], [74.3355989, 34.1351101], [74.3381309, 34.133405], [74.3407058, 34.131842], [74.3418645, 34.1306342], [74.3443965, 34.1285383], [74.3484735, 34.1277212], [74.3521642, 34.1271173], [74.357872, 34.1263713], [74.3622922, 34.1263357], [74.3655538, 34.1250213], [74.3679571, 34.1248792], [74.3685579, 34.1226055], [74.368515, 34.1214686], [74.3713474, 34.1237779], [74.3734502, 34.1264423], [74.3774843, 34.1311315], [74.3785572, 34.1329787], [74.3828916, 34.1379162], [74.3832779, 34.142072], [74.3802309, 34.1435283], [74.3773126, 34.1435993], [74.3733644, 34.1434573], [74.3706178, 34.1440611], [74.3658971, 34.1470445], [74.3566274, 34.1502055], [74.3524646, 34.1505606], [74.3486452, 34.1507382], [74.3465423, 34.1509158], [74.3453836, 34.1519812], [74.3459415, 34.153899], [74.3469286, 34.155284], [74.352765, 34.1555326], [74.3574857, 34.1556747], [74.3625068, 34.1554261], [74.3646955, 34.155355], [74.36903, 34.1563849], [74.3699741, 34.1571662], [74.3683004, 34.1582316], [74.3641805, 34.1608594], [74.3592882, 34.1624219], [74.3565845, 34.1639133], [74.3570566, 34.1656532], [74.3593311, 34.1682098], [74.3619918, 34.1683519], [74.3632364, 34.1677127], [74.3677854, 34.1672511], [74.3739652, 34.1680678], [74.3808317, 34.1717606], [74.3823766, 34.1737489], [74.3914318, 34.1735003], [74.3937921, 34.1739264], [74.402976, 34.1766958], [74.4088125, 34.1782935], [74.4127607, 34.1780804], [74.412589, 34.1755596], [74.4118595, 34.1725772], [74.4106578, 34.1680323], [74.4097137, 34.1679968], [74.4086837, 34.1692396], [74.4081258, 34.169062], [74.4074392, 34.1681033], [74.4066238, 34.1655467], [74.4067525, 34.1632386], [74.4074821, 34.1604688], [74.408555, 34.1578054], [74.4099283, 34.1577344], [74.4110012, 34.1598651], [74.4115161, 34.162777], [74.4122457, 34.1646945], [74.4140911, 34.1659728], [74.415121, 34.1662569], [74.4158077, 34.1667185], [74.4172239, 34.1675707], [74.4174385, 34.169133], [74.4171381, 34.1711569], [74.4173955, 34.1773349], [74.4218587, 34.1870269], [74.4267082, 34.1936296], [74.4277381, 34.1957949], [74.4269228, 34.1981021], [74.426279, 34.2001253], [74.4312143, 34.2025034], [74.4379949, 34.2077208], [74.4408702, 34.2081112], [74.4448614, 34.2087855], [74.4487667, 34.208963], [74.4525003, 34.2126184], [74.4553756, 34.2146058], [74.4578647, 34.2137186], [74.4588089, 34.213967], [74.4621133, 34.2174448], [74.4631004, 34.220887], [74.4646883, 34.2260678], [74.4661842, 34.2279768], [74.466684, 34.2286823], [74.4653749, 34.2292612], [74.4642591, 34.230645], [74.4628429, 34.2323836], [74.4615554, 34.2342286], [74.4584226, 34.236109], [74.4540453, 34.2436657], [74.4504404, 34.2458652], [74.4506979, 34.2494481], [74.4509553, 34.251612], [74.4492387, 34.2530309], [74.4470071, 34.2555139], [74.4437456, 34.2605152], [74.4441318, 34.2643102], [74.4435739, 34.2676441], [74.4401407, 34.2686372], [74.4314718, 34.2678569], [74.4297552, 34.2675377], [74.4254207, 34.2674313], [74.4182109, 34.2688499], [74.4146704, 34.2688322], [74.4133401, 34.2676618], [74.4124174, 34.2661368], [74.410336, 34.2634235], [74.408555, 34.2607989], [74.4068384, 34.2582451], [74.4064736, 34.2562765], [74.4063663, 34.2526229], [74.4071388, 34.250264], [74.4073748, 34.2482952], [74.407568, 34.2455991], [74.4069457, 34.2439495], [74.4057655, 34.2428852], [74.4041991, 34.2426724], [74.4017958, 34.2430271], [74.3998217, 34.2442333], [74.3977618, 34.2460958], [74.3949508, 34.2507606], [74.3905735, 34.256241], [74.3893075, 34.2587949], [74.3898009, 34.2668639], [74.3895434, 34.2711907], [74.3848228, 34.2735313], [74.3834495, 34.2758718], [74.383707, 34.278496], [74.3834495, 34.2809074], [74.3827628, 34.2832477], [74.3814754, 34.2858717], [74.3787288, 34.2839569], [74.3716907, 34.2797017], [74.36697, 34.2762265], [74.3627643, 34.2721837], [74.3587302, 34.2684953], [74.3551253, 34.2650196], [74.3503188, 34.2618275], [74.3461131, 34.2568618], [74.3419932, 34.2558686], [74.3401908, 34.2562943], [74.3389892, 34.2584225], [74.3381309, 34.2611891], [74.3360709, 34.2636719], [74.3337535, 34.2655871], [74.3308353, 34.2651615], [74.3271445, 34.2634591], [74.3249988, 34.2628916], [74.3229388, 34.2634591], [74.3209647, 34.2643812], [74.3183898, 34.2658708], [74.3165874, 34.2685663], [74.3128108, 34.2704104], [74.3110942, 34.2701267], [74.3093776, 34.2690628], [74.306116, 34.2663674], [74.3040561, 34.2630334], [74.3019103, 34.2600541], [74.2994212, 34.2573584], [74.2967605, 34.2540951], [74.2945289, 34.2498384], [74.2925548, 34.2462909], [74.2915248, 34.2435948], [74.290409, 34.2413953], [74.2913531, 34.2401181], [74.2929839, 34.2399762], [74.2958163, 34.2414662], [74.2993354, 34.2431691], [74.3059444, 34.2453686], [74.3099784, 34.2470004], [74.3140983, 34.2479228], [74.3209647, 34.2473552], [74.3245696, 34.2462909], [74.328947, 34.244801], [74.3330669, 34.2423177], [74.339075, 34.2361445], [74.3442248, 34.2307515], [74.3468856, 34.2287645], [74.3561554, 34.2231581], [74.3585157, 34.2211354], [74.3589019, 34.2193611], [74.3565416, 34.2170545], [74.3525504, 34.2140735], [74.3469714, 34.2145704], [74.344139, 34.2161318], [74.3424224, 34.2182611], [74.3414783, 34.2203193], [74.3397616, 34.2235839], [74.3332385, 34.2244355], [74.3287753, 34.2249323], [74.3243121, 34.2254291], [74.3195914, 34.2261388], [74.3145274, 34.2277], [74.3093776, 34.2288355], [74.3045711, 34.2287645], [74.2996787, 34.2275581], [74.2947005, 34.2257839], [74.2900657, 34.223442], [74.2864608, 34.2218806], [74.2838859, 34.2223774], [74.2819976, 34.2233], [74.278736, 34.2238678], [74.2769336, 34.2226613], [74.2747878, 34.2221645], [74.2740583, 34.2182965], [74.2730713, 34.2134702], [74.2720413, 34.2083242], [74.2724704, 34.2074724], [74.2768478, 34.206727], [74.2787361, 34.206798], [74.2818689, 34.2069045], [74.2885637, 34.2081822], [74.2907095, 34.2032843], [74.293456, 34.2004448], [74.2956018, 34.1994509], [74.2994213, 34.1988475], [74.3014383, 34.1995219], [74.3022966, 34.1998414], [74.3050861, 34.2008352], [74.3081331, 34.2002673], [74.3172311, 34.1938071], [74.3135833, 34.1911448], [74.3101072, 34.1874884], [74.3083906, 34.1850744], [74.3069744, 34.1837963], [74.2987346, 34.1834058], [74.2926836, 34.1832638], [74.2892074, 34.1837963], [74.2888212, 34.1868849], [74.2892074, 34.1899378], [74.2877912, 34.1924937], [74.2852592, 34.1950495], [74.2830276, 34.1965048], [74.2802381, 34.1955109], [74.2794656, 34.1944815], [74.279294, 34.1928132], [74.2795085, 34.1909673], [74.278779, 34.1895119], [74.277749, 34.1877014], [74.2766761, 34.1861039], [74.2755603, 34.1848614], [74.2746162, 34.1839028], [74.2734146, 34.1823763], [74.273715, 34.1806367], [74.2744982, 34.1790657]]]]}}, {"type": "Feature", "properties": {"tehsil": "Boniyar", "district": "Baramulla"}, "geometry": {"type": "MultiPolygon", "coordinates": [[[[73.9536254, 34.1479357], [73.9594245, 34.1472043], [73.9656257, 34.1452331], [73.9721489, 34.1428712], [73.9804101, 34.1403671], [73.9942932, 34.1369394], [74.0012026, 34.1351633], [74.0129614, 34.1323215], [74.0196562, 34.1308473], [74.0239692, 34.129977], [74.0271449, 34.1306697], [74.0277028, 34.1303322], [74.0294409, 34.128929], [74.0312433, 34.12781], [74.0335178, 34.1269752], [74.0352559, 34.1264423], [74.037745, 34.1263357], [74.0389681, 34.1268508], [74.0400409, 34.1275613], [74.0397405, 34.1292665], [74.0393328, 34.131096], [74.039011, 34.1323038], [74.0378952, 34.1347193], [74.0368438, 34.1377564], [74.0350628, 34.1409354], [74.0318656, 34.1444162], [74.0286898, 34.1466893], [74.0271449, 34.1493531], [74.0268659, 34.1532775], [74.027102, 34.1575568], [74.0275097, 34.1607706], [74.0284538, 34.1618182], [74.0295267, 34.1615696], [74.0307712, 34.1617294], [74.0314364, 34.1619602], [74.0322518, 34.1629368], [74.0337753, 34.164002], [74.0342903, 34.1642861], [74.0361142, 34.1614808], [74.0365219, 34.1603267], [74.0360713, 34.159652], [74.033947, 34.1597053], [74.0334964, 34.159581], [74.0323376, 34.1586399], [74.0321874, 34.1576278], [74.0324235, 34.1564559], [74.0327453, 34.1548578], [74.0333891, 34.1536326], [74.0351271, 34.1537569], [74.0368867, 34.1541298], [74.0380668, 34.1540765], [74.0392685, 34.1537392], [74.041307, 34.1529401], [74.0422725, 34.1510933], [74.0430879, 34.1490512], [74.0440964, 34.1482698], [74.0452122, 34.1479147], [74.0467787, 34.1476661], [74.0481734, 34.1480567], [74.048903, 34.1491045], [74.0493321, 34.1495662], [74.051907, 34.1546625], [74.0532374, 34.1565625], [74.054718, 34.1565269], [74.0559625, 34.1558167], [74.0565419, 34.1553017], [74.05725, 34.1543074], [74.0575933, 34.1533485], [74.0579152, 34.1524429], [74.0578937, 34.1515728], [74.0565634, 34.1493708], [74.0550184, 34.1463875], [74.0549755, 34.1435993], [74.0554261, 34.1421431], [74.0564775, 34.140669], [74.0568423, 34.1396212], [74.0569711, 34.1386089], [74.0567565, 34.1374189], [74.055469, 34.1349324], [74.0555548, 34.1309184], [74.0555978, 34.129604], [74.0560055, 34.1291067], [74.0570354, 34.1283606], [74.0581512, 34.1286448], [74.058752, 34.1296395], [74.0587091, 34.1305454], [74.0583229, 34.1314868], [74.0580654, 34.1328011], [74.0583658, 34.1341154], [74.0587306, 34.1357139], [74.0588808, 34.1370992], [74.0593529, 34.1401007], [74.0602541, 34.1478792], [74.0609836, 34.1495306], [74.0619278, 34.1501877], [74.0631294, 34.1493531], [74.0639019, 34.1479679], [74.0648675, 34.1466361], [74.0656829, 34.1457304], [74.0666485, 34.1448424], [74.0671849, 34.1440611], [74.0682578, 34.1422851], [74.0714335, 34.1374189], [74.0742445, 34.1333872], [74.0761971, 34.13154], [74.0786433, 34.128858], [74.0799308, 34.1278278], [74.0817117, 34.1279521], [74.0825915, 34.1285383], [74.0827417, 34.1290179], [74.0825486, 34.1297106], [74.0819692, 34.1312736], [74.0813684, 34.1323926], [74.0807462, 34.1336181], [74.0809822, 34.1343996], [74.0819478, 34.1351989], [74.082849, 34.1360158], [74.0839648, 34.1361047], [74.0861535, 34.1363178], [74.088192, 34.1378985], [74.0928697, 34.1404381], [74.0968823, 34.1414149], [74.0992641, 34.142889], [74.099822, 34.1435993], [74.101367, 34.1438479], [74.1025257, 34.1434928], [74.1032982, 34.1423384], [74.1041136, 34.1416636], [74.1053581, 34.1408821], [74.1078043, 34.1400474], [74.1095423, 34.1400829], [74.1121387, 34.1398343], [74.1120958, 34.1368684], [74.1123962, 34.1358915], [74.1136193, 34.1350212], [74.1147351, 34.1341154], [74.1155934, 34.1335116], [74.114263, 34.1317177], [74.1141343, 34.130421], [74.1140699, 34.1283074], [74.1141772, 34.1272239], [74.1136193, 34.1261936], [74.112997, 34.12527], [74.1120314, 34.1247015], [74.1093278, 34.1242042], [74.1081047, 34.1235469], [74.1069031, 34.1225344], [74.1046285, 34.1189283], [74.1023111, 34.1200653], [74.099586, 34.1211666], [74.0981054, 34.1212377], [74.0966248, 34.1216462], [74.0962171, 34.1224278], [74.095037, 34.123689], [74.0909815, 34.1251279], [74.0878272, 34.1248259], [74.0864324, 34.1243818], [74.0854883, 34.1241686], [74.0844798, 34.1237246], [74.0814328, 34.1223035], [74.078815, 34.1198698], [74.076519, 34.1196389], [74.0755105, 34.119479], [74.0740084, 34.1189106], [74.0725279, 34.1183421], [74.070704, 34.1177737], [74.0690517, 34.1170808], [74.0683007, 34.1176671], [74.0673566, 34.1178092], [74.0665197, 34.1173651], [74.0666055, 34.1157662], [74.0662408, 34.1147892], [74.0654683, 34.1142917], [74.0645242, 34.1143273], [74.0634513, 34.1145405], [74.062314, 34.1148247], [74.0578079, 34.1169743], [74.0549969, 34.118129], [74.052701, 34.1186264], [74.0513706, 34.1187152], [74.0507269, 34.1183954], [74.0502333, 34.1176493], [74.0506196, 34.1168499], [74.0515637, 34.1154998], [74.0531301, 34.1142384], [74.0571642, 34.1110406], [74.0609407, 34.1075407], [74.0625071, 34.1058884], [74.0642881, 34.1048934], [74.0657902, 34.1042716], [74.0660906, 34.1035609], [74.0642881, 34.1027435], [74.0639019, 34.1020684], [74.0635371, 34.1011267], [74.0631079, 34.0990478], [74.061048, 34.0976441], [74.0583229, 34.0962048], [74.05622, 34.0954052], [74.0551686, 34.0945167], [74.0544176, 34.0932906], [74.0543103, 34.0920823], [74.0537524, 34.0908028], [74.0530872, 34.0904652], [74.0514779, 34.0899676], [74.0500831, 34.08963], [74.0470361, 34.0876752], [74.0459847, 34.0866623], [74.0453625, 34.0857559], [74.0452337, 34.0849029], [74.0448904, 34.0842098], [74.0419721, 34.0822194], [74.0396547, 34.0820594], [74.0378523, 34.0812419], [74.0370583, 34.0804244], [74.0366077, 34.0793225], [74.0368223, 34.0785227], [74.0378737, 34.0779718], [74.0392899, 34.0779896], [74.0411138, 34.076781], [74.0407491, 34.0759279], [74.0398264, 34.0746482], [74.0396118, 34.0736173], [74.0405345, 34.0729419], [74.0416717, 34.0732441], [74.0437746, 34.0744349], [74.0460276, 34.0755191], [74.0480876, 34.0760701], [74.0496969, 34.0763544], [74.0527653, 34.076781], [74.0617132, 34.0782562], [74.0669059, 34.0783628], [74.0697383, 34.0780784], [74.0731287, 34.0793225], [74.0755319, 34.0803533], [74.082098, 34.0834457], [74.0879774, 34.0846186], [74.0986633, 34.0854005], [74.1054868, 34.0861114], [74.1123104, 34.0877463], [74.120078, 34.0867156], [74.1251421, 34.084512], [74.1276741, 34.082486], [74.1332531, 34.0778296], [74.1381454, 34.0731374], [74.1438102, 34.0657076], [74.1441536, 34.0630413], [74.1434669, 34.060517], [74.1416645, 34.058846], [74.1390466, 34.0569617], [74.1368579, 34.056535], [74.1348838, 34.0546506], [74.1357421, 34.0530506], [74.1379308, 34.0522328], [74.1417932, 34.0502771], [74.1462135, 34.0482859], [74.1471576, 34.0468636], [74.1476726, 34.0441433], [74.1474396, 34.0419243], [74.1475914, 34.0418255], [74.1494747, 34.0399895], [74.1539831, 34.0387921], [74.1563919, 34.0336582], [74.1580546, 34.0319254], [74.1584178, 34.0316619], [74.1587686, 34.0314583], [74.1591562, 34.031242], [74.1595414, 34.0309775], [74.1599838, 34.0306787], [74.1600497, 34.0304525], [74.160274, 34.0301844], [74.1606696, 34.0297251], [74.160814, 34.0293336], [74.1612768, 34.028932], [74.1616545, 34.0284476], [74.1618321, 34.0281851], [74.1621027, 34.0279664], [74.1622521, 34.0277469], [74.1622578, 34.0277338], [74.1626438, 34.0276431], [74.1631488, 34.0271354], [74.1632943, 34.0270472], [74.1634303, 34.0270463], [74.1637157, 34.027145], [74.163843, 34.0270625], [74.1642052, 34.0270098], [74.1643182, 34.0269206], [74.164462, 34.0269051], [74.1646936, 34.026842], [74.1650238, 34.0268525], [74.1652937, 34.0267683], [74.1654816, 34.0268232], [74.1657224, 34.0268602], [74.1659622, 34.0269146], [74.1661826, 34.0270227], [74.1663372, 34.0272047], [74.1665952, 34.0276226], [74.1667003, 34.0277213], [74.1668073, 34.0277285], [74.1671716, 34.0275839], [74.1673778, 34.0276029], [74.1675113, 34.0277042], [74.1676016, 34.0277557], [74.1678192, 34.027756], [74.1680932, 34.0279039], [74.1683256, 34.0279184], [74.1687838, 34.0278685], [74.1690011, 34.0278299], [74.1692832, 34.0277643], [74.1693881, 34.0277606], [74.1695997, 34.0278458], [74.1698332, 34.0280665], [74.1701285, 34.0283959], [74.1703796, 34.028625], [74.1708788, 34.0289581], [74.1715274, 34.0292544], [74.1718706, 34.0293002], [74.1721784, 34.0292342], [74.1726107, 34.0291479], [74.1728606, 34.0289624], [74.1730631, 34.0290013], [74.1734322, 34.028947], [74.1736219, 34.029073], [74.1737734, 34.0293845], [74.1740494, 34.029675], [74.1742958, 34.0301124], [74.174522, 34.0306982], [74.1744811, 34.0311522], [74.1745316, 34.0316005], [74.1747169, 34.031822], [74.1752505, 34.0324838], [74.1757557, 34.032266], [74.1772541, 34.0304791], [74.1787315, 34.0285206], [74.1795808, 34.0271628], [74.1804229, 34.0263926], [74.180958, 34.025736], [74.1814702, 34.0253029], [74.1823006, 34.0246593], [74.1812758, 34.0231661], [74.1910222, 34.0204637], [74.1952206, 34.0185133], [74.1953593, 34.0183201], [74.1954717, 34.0181255], [74.1955133, 34.0180728], [74.1956165, 34.0180009], [74.1958245, 34.0179125], [74.196101, 34.0177056], [74.1964223, 34.0173415], [74.1968504, 34.0169862], [74.19725, 34.0167725], [74.1977366, 34.0166994], [74.1979311, 34.0166285], [74.1981062, 34.0165866], [74.1982853, 34.0165802], [74.1984566, 34.0165448], [74.1986786, 34.0165287], [74.1988538, 34.0165385], [74.1995435, 34.0166713], [74.1997189, 34.0166584], [74.2000427, 34.0165648], [74.2001909, 34.0165584], [74.2004211, 34.0165844], [74.2004875, 34.0165715], [74.200753, 34.0164875], [74.2009898, 34.0164732], [74.201138, 34.0165024], [74.2013174, 34.0164509], [74.2015359, 34.0164413], [74.2017779, 34.0164448], [74.2020043, 34.0165226], [74.2021292, 34.0165292], [74.2022541, 34.0166393], [74.2023244, 34.0166782], [74.2024884, 34.0166848], [74.2028557, 34.0166592], [74.2029729, 34.0166819], [74.2031487, 34.0166594], [74.2032543, 34.0166627], [74.203309, 34.0166206], [74.2035513, 34.0166143], [74.203649, 34.0165982], [74.2037311, 34.0165529], [74.2037582, 34.0165516], [74.2038481, 34.0165484], [74.2040982, 34.0164676], [74.2043248, 34.016403], [74.204528, 34.0163805], [74.2046452, 34.0163935], [74.2047428, 34.0164292], [74.2047936, 34.0164972], [74.2048053, 34.0165684], [74.2047739, 34.0166849], [74.204727, 34.0168305], [74.2046293, 34.0169017], [74.2044456, 34.0169826], [74.2041213, 34.0170408], [74.2040392, 34.017099], [74.2039884, 34.0172059], [74.2039884, 34.0172706], [74.2040313, 34.0173192], [74.2041329, 34.0173711], [74.2042696, 34.017465], [74.2043203, 34.0175428], [74.2043515, 34.0176691], [74.2043788, 34.0177306], [74.2044374, 34.01775], [74.2050351, 34.0177697], [74.2051602, 34.0177503], [74.2052422, 34.0177018], [74.2054025, 34.0175464], [74.2055431, 34.0174169], [74.2057112, 34.017349], [74.2058557, 34.0173264], [74.2060253, 34.0173553], [74.2061932, 34.0174104], [74.2063104, 34.0174299], [74.2063768, 34.0174008], [74.2064081, 34.017336], [74.2063575, 34.017051], [74.2064048, 34.016889], [74.2064518, 34.0168145], [74.2065496, 34.0167659], [74.206616, 34.0167627], [74.2066939, 34.016834], [74.2068223, 34.0171095], [74.2069199, 34.0171258], [74.207084, 34.0171291], [74.2073107, 34.0170546], [74.2075531, 34.016896], [74.2077601, 34.0168248], [74.2079633, 34.0167472], [74.2080532, 34.0167472], [74.2082133, 34.0167797], [74.2083149, 34.0168543], [74.2083618, 34.0168802], [74.2084009, 34.0168576], [74.2085143, 34.0166179], [74.2085925, 34.0165532], [74.2087254, 34.016469], [74.2088035, 34.0164107], [74.2088739, 34.0164334], [74.2089637, 34.0165565], [74.2090262, 34.0166926], [74.2090653, 34.016725], [74.2091552, 34.0167089], [74.2092568, 34.0166279], [74.2094013, 34.0164983], [74.2095067, 34.0164822], [74.2095575, 34.0165049], [74.2096004, 34.0165794], [74.2096473, 34.0167089], [74.2096806, 34.0167549], [74.210005, 34.0168554], [74.2102823, 34.0169753], [74.210548, 34.0171049], [74.2106612, 34.0171049], [74.2107784, 34.0170661], [74.2109581, 34.0170468], [74.2111807, 34.0170469], [74.2113409, 34.0169919], [74.2118802, 34.0168269], [74.211935, 34.0167913], [74.2119819, 34.0166844], [74.2120679, 34.0166067], [74.2121617, 34.0165873], [74.2123141, 34.0165808], [74.2124665, 34.0165161], [74.2125955, 34.016364], [74.2127049, 34.0162766], [74.2128611, 34.0162345], [74.2131229, 34.016254], [74.2133787, 34.0163777], [74.2134789, 34.0165135], [74.2136531, 34.0165793], [74.2140122, 34.0166321], [74.2143279, 34.0166194], [74.2144758, 34.0166325], [74.2145392, 34.0165625], [74.2146448, 34.0165319], [74.2147504, 34.016532], [74.2148402, 34.0165801], [74.2149933, 34.0167071], [74.2151675, 34.0169173], [74.2153207, 34.0171495], [74.2155796, 34.0172897], [74.2158332, 34.0173862], [74.2161609, 34.0174477], [74.2164358, 34.0174785], [74.2165587, 34.0175518], [74.2167633, 34.0178087], [74.2169348, 34.0180658], [74.2171431, 34.0181572], [74.2174974, 34.0183684], [74.2175749, 34.0185337], [74.2175637, 34.0186713], [74.2174307, 34.0189145], [74.2174362, 34.0189741], [74.2176408, 34.0192081], [74.217807, 34.0195525], [74.2178365, 34.0198431], [74.2176171, 34.0200734], [74.2174418, 34.0201216], [74.2172301, 34.0201425], [74.2170362, 34.0202067], [74.2168713, 34.0203396], [74.2168203, 34.0205212], [74.2167032, 34.0205394], [74.2163885, 34.0203759], [74.2162641, 34.0203578], [74.216074, 34.0205092], [74.2159935, 34.0206667], [74.2160887, 34.0208969], [74.2161179, 34.0212484], [74.216023, 34.0215962], [74.2160445, 34.0218366], [74.2159713, 34.0219639], [74.2153347, 34.0221941], [74.2148885, 34.0219697], [74.2146033, 34.0219212], [74.2141498, 34.0219393], [74.2138424, 34.0221392], [74.2136957, 34.0224241], [74.2134162, 34.0226194], [74.2131887, 34.0228652], [74.2132677, 34.023103], [74.2133863, 34.0231359], [74.2136238, 34.0230375], [74.2137425, 34.0230048], [74.2139107, 34.0230704], [74.2141084, 34.0233245], [74.2145237, 34.023587], [74.2146917, 34.0238002], [74.2151862, 34.0239971], [74.2153147, 34.0241119], [74.2154135, 34.0246779], [74.2152947, 34.0248419], [74.2148656, 34.0250302], [74.2146043, 34.0255495], [74.2146913, 34.0256075], [74.214871, 34.0256419], [74.2150276, 34.0256343], [74.2152947, 34.0254435], [74.2154652, 34.0253672], [74.2156034, 34.0253672], [74.216262, 34.0255277], [74.2164553, 34.0256347], [74.2167868, 34.0255967], [74.2168512, 34.0256273], [74.216842, 34.025715], [74.2166717, 34.0259248], [74.2166625, 34.0259897], [74.2167085, 34.0260852], [74.2168282, 34.0261425], [74.2169479, 34.0261654], [74.2170353, 34.026154], [74.2173434, 34.0260167], [74.2174629, 34.0259862], [74.2175965, 34.0260702], [74.2177898, 34.0261007], [74.2179602, 34.0260512], [74.2181166, 34.0259711], [74.2182405, 34.02583], [74.2183921, 34.0257081], [74.2187503, 34.0255558], [74.2188311, 34.0255419], [74.2191026, 34.0255572], [74.2192226, 34.025462], [74.2192965, 34.0253896], [74.2194529, 34.0254087], [74.2195263, 34.0254735], [74.2196538, 34.0258891], [74.2197503, 34.0259654], [74.2200081, 34.0259349], [74.2202984, 34.0258092], [74.2203214, 34.0257939], [74.2205104, 34.0256339], [74.2206628, 34.0252719], [74.2208745, 34.0251387], [74.2209986, 34.0251159], [74.2211088, 34.0251806], [74.2211776, 34.0253177], [74.2213061, 34.0256722], [74.2216556, 34.0258171], [74.2217613, 34.02592], [74.2219866, 34.0260116], [74.2222535, 34.0259087], [74.2224972, 34.0259545], [74.2229849, 34.0259432], [74.2231367, 34.0256802], [74.2232177, 34.0254549], [74.2231586, 34.0251421], [74.2232049, 34.0250505], [74.2233613, 34.0249972], [74.2235818, 34.0249477], [74.2237937, 34.0248219], [74.2239362, 34.0247648], [74.2241937, 34.024742], [74.2244284, 34.0245934], [74.2245576, 34.0244104], [74.2247097, 34.0241552], [74.2248292, 34.0240409], [74.2249991, 34.0240524], [74.2250817, 34.0239927], [74.2250913, 34.023905], [74.225019, 34.023707], [74.2251252, 34.023608], [74.2252858, 34.0236157], [74.2254048, 34.0236804], [74.2255597, 34.0238975], [74.225665, 34.0239852], [74.2257845, 34.0239624], [74.2259508, 34.0237224], [74.2261257, 34.0236158], [74.2262957, 34.0235853], [74.2264566, 34.0235968], [74.2265851, 34.023692], [74.2269207, 34.0237645], [74.2270861, 34.0237264], [74.2273252, 34.0237493], [74.2274952, 34.0237493], [74.2279409, 34.0237532], [74.2282119, 34.0237457], [74.2283451, 34.0236657], [74.2285288, 34.0236696], [74.2286437, 34.0237343], [74.2289376, 34.0235783], [74.2291627, 34.0237801], [74.2294656, 34.023685], [74.2296033, 34.0237421], [74.2298464, 34.0237536], [74.2301124, 34.023689], [74.2301909, 34.0235748], [74.2304896, 34.0234644], [74.230779, 34.0233047], [74.2309166, 34.0233161], [74.2310357, 34.0233732], [74.2314251, 34.0238111], [74.2315491, 34.0238225], [74.2316824, 34.0237349], [74.2318249, 34.0235446], [74.2319628, 34.0234533], [74.2324403, 34.0235826], [74.2328304, 34.0236472], [74.233124, 34.0236777], [74.2334958, 34.023636], [74.2334729, 34.0233698], [74.2335509, 34.0231378], [74.2334087, 34.0229894], [74.2334041, 34.0227916], [74.2333261, 34.0227383], [74.2332022, 34.0226318], [74.2331747, 34.0224264], [74.2331334, 34.0223618], [74.2331197, 34.0221982], [74.2332075, 34.0220933], [74.2331066, 34.0219525], [74.2331847, 34.0217699], [74.2331847, 34.0216595], [74.233139, 34.0215415], [74.2332537, 34.0214503], [74.2333731, 34.0212145], [74.2333778, 34.0210319], [74.2334833, 34.0209483], [74.2335109, 34.0208267], [74.2335797, 34.0208305], [74.2337677, 34.0206481], [74.2340016, 34.0205721], [74.2343729, 34.0205342], [74.23446, 34.0204886], [74.2347168, 34.0204431], [74.234845, 34.0203025], [74.2352485, 34.0202], [74.2353998, 34.0200708], [74.2354732, 34.0198998], [74.2354411, 34.0196833], [74.2355461, 34.0195771], [74.2356745, 34.0192314], [74.2356791, 34.0189387], [74.23578, 34.0184068], [74.2359771, 34.0183081], [74.236142, 34.018046], [74.2362566, 34.0177954], [74.2363207, 34.0175297], [74.2363897, 34.0171994], [74.2364538, 34.0168918], [74.2364859, 34.0167968], [74.2366004, 34.0167589], [74.2366004, 34.0166222], [74.2367103, 34.0164286], [74.2366644, 34.0162502], [74.2367285, 34.0160718], [74.2367605, 34.0158024], [74.2368062, 34.0156279], [74.2368977, 34.0155331], [74.2372044, 34.0154041], [74.2373784, 34.0152713], [74.2374652, 34.0151538], [74.2374926, 34.0149035], [74.2375016, 34.0146609], [74.2376132, 34.0144879], [74.237668, 34.0142038], [74.2378552, 34.0138228], [74.23829, 34.0130536], [74.2384364, 34.0128566], [74.2386375, 34.0125613], [74.2387289, 34.0123304], [74.2390395, 34.0121223], [74.2393865, 34.0119937], [74.2398201, 34.0118727], [74.2406501, 34.0117065], [74.2414442, 34.0114292], [74.2420287, 34.0111831], [74.2423115, 34.010998], [74.242813, 34.0106166], [74.2431273, 34.0104242], [74.2435186, 34.0102697], [74.2439188, 34.0101679], [74.2443553, 34.0100926], [74.2445552, 34.0100173], [74.2449865, 34.0096936], [74.2459115, 34.0092202], [74.2460716, 34.0090735], [74.2462939, 34.0088779], [74.2465025, 34.0088026], [74.2466429, 34.0086522], [74.2467245, 34.0086184], [74.2468515, 34.0086372], [74.2470192, 34.0085845], [74.2472276, 34.008641], [74.247377, 34.0085808], [74.2474675, 34.0085282], [74.2476169, 34.0084794], [74.2476939, 34.0084982], [74.2478836, 34.0084945], [74.2480072, 34.0084099], [74.2482009, 34.008257], [74.2483219, 34.0081927], [74.2484197, 34.0081583], [74.2484626, 34.0081532], [74.2484992, 34.0081279], [74.2485695, 34.007996], [74.2486306, 34.007953], [74.2486581, 34.0079099], [74.2487039, 34.0078795], [74.2487497, 34.0078846], [74.2488352, 34.007844], [74.2488932, 34.0077858], [74.2491037, 34.0076871], [74.249299, 34.0076796], [74.2493508, 34.0076467], [74.2497615, 34.0075538], [74.2500641, 34.0073332], [74.2503545, 34.0070425], [74.2506568, 34.0068921], [74.2508905, 34.0067018], [74.2510235, 34.0065183], [74.2512248, 34.0062249], [74.2513093, 34.0061516], [74.2514662, 34.0060217], [74.2517155, 34.0058752], [74.2519123, 34.0057755], [74.2522215, 34.0056727], [74.2523458, 34.0056296], [74.2525384, 34.00553], [74.2526265, 34.0054702], [74.2528229, 34.0053841], [74.2530712, 34.0053146], [74.2532553, 34.0052352], [74.2535473, 34.0050762], [74.2536735, 34.0050375], [74.253785, 34.0050373], [74.2541143, 34.0050725], [74.2542676, 34.0050584], [74.2545483, 34.0050795], [74.2549787, 34.0050934], [74.2555557, 34.0050793], [74.2560584, 34.0049691], [74.25581, 33.9995131], [74.2621645, 33.9917934], [74.2662591, 33.986617], [74.2680073, 33.9878154], [74.269166, 33.9875485], [74.2698312, 33.9873884], [74.2703247, 33.9868725], [74.2704963, 33.9858049], [74.2706895, 33.9844171], [74.2736935, 33.9842748], [74.2751097, 33.9844349], [74.2755389, 33.9846484], [74.2759466, 33.9854847], [74.2762685, 33.9868547], [74.2765045, 33.9880823], [74.2769766, 33.9888829], [74.2781997, 33.9898259], [74.2798304, 33.990751], [74.2816543, 33.9911068], [74.2827272, 33.9911958], [74.2840361, 33.991605], [74.2863107, 33.9924056], [74.2887354, 33.9925301], [74.2900657, 33.9926013], [74.2918038, 33.9930105], [74.2930698, 33.9935975], [74.2948293, 33.9937932], [74.2977047, 33.993811], [74.298799, 33.9926902], [74.2997646, 33.9925479], [74.3007517, 33.9923344], [74.3011808, 33.9935975], [74.3017387, 33.9942558], [74.3024254, 33.9948429], [74.3027258, 33.9955723], [74.3029618, 33.9963728], [74.3034553, 33.9969599], [74.3045711, 33.9971912], [74.3064809, 33.9973335], [74.3072748, 33.9984542], [74.3086052, 34.0008736], [74.3094205, 34.0026169], [74.3099784, 34.0052852], [74.3104934, 34.0070284], [74.3112861, 34.0079569], [74.3124675, 34.0093407], [74.3131113, 34.0102657], [74.3129825, 34.011155], [74.3118667, 34.0121867], [74.3064165, 34.0144633], [74.3026828, 34.0160996], [74.3025941, 34.016179], [74.3005371, 34.0180205], [74.2973613, 34.0174869], [74.2955589, 34.0175581], [74.2928552, 34.0183051], [74.2918253, 34.019799], [74.2916036, 34.0203019], [74.2910099, 34.0216486], [74.2900657, 34.0241029], [74.2898293, 34.0246305], [74.2895078, 34.0253478], [74.2866325, 34.0256323], [74.2853879, 34.0259169], [74.2824268, 34.027304], [74.2804956, 34.0282643], [74.2786932, 34.029438], [74.2766761, 34.0303271], [74.2736721, 34.0302916], [74.2708826, 34.0304694], [74.2688226, 34.0311807], [74.2687263, 34.0312431], [74.2601966, 34.0393959], [74.2595529, 34.0409606], [74.2595958, 34.0419563], [74.2608833, 34.0440899], [74.2618703, 34.0455834], [74.2618703, 34.0476103], [74.2616128, 34.0485704], [74.262042, 34.0491393], [74.2622137, 34.0500638], [74.26054, 34.0508461], [74.2583084, 34.0512727], [74.2570638, 34.0524817], [74.2559051, 34.0534772], [74.2555618, 34.0546861], [74.2551326, 34.0580283], [74.2545747, 34.0591305], [74.2549181, 34.0606948], [74.2564201, 34.0632546], [74.2581367, 34.0660276], [74.2598104, 34.067023], [74.2603254, 34.0678051], [74.2601108, 34.0689427], [74.2593813, 34.0711112], [74.2578363, 34.0740261], [74.2568492, 34.0751992], [74.2577934, 34.0764433], [74.2581367, 34.0813841], [74.260025, 34.0836234], [74.2613983, 34.0868933], [74.2623853, 34.0915137], [74.2617845, 34.0945345], [74.2612266, 34.0960627], [74.2607116, 34.098266], [74.2604541, 34.1000428], [74.2624712, 34.1004693], [74.2677497, 34.1020684], [74.2681789, 34.102708], [74.2671918, 34.1047691], [74.268136, 34.1064747], [74.269123, 34.107363], [74.2697668, 34.1088554], [74.2694664, 34.1101346], [74.2678785, 34.1115559], [74.2669773, 34.1128705], [74.2656898, 34.1167433], [74.2637157, 34.1193369], [74.2632865, 34.1229608], [74.2627286, 34.129533], [74.264059, 34.1345772], [74.2674064, 34.1367796], [74.2688655, 34.140971], [74.2703676, 34.1470445], [74.2697238, 34.1488559], [74.2674064, 34.1510223], [74.2664194, 34.1523008], [74.2697238, 34.1554971], [74.2705392, 34.1575923], [74.2710542, 34.1589418], [74.2708826, 34.1606108], [74.2704963, 34.1621023], [74.2697238, 34.1635582], [74.2697668, 34.1645525], [74.2711401, 34.1660083], [74.2732858, 34.1675707], [74.2754745, 34.1693461], [74.2763328, 34.1717606], [74.2758607, 34.1758792], [74.2752599, 34.1773704], [74.2744982, 34.1790657], [74.273715, 34.1806367], [74.2734146, 34.1823763], [74.2746162, 34.1839028], [74.2755603, 34.1848614], [74.2766761, 34.1861039], [74.277749, 34.1877014], [74.278779, 34.1895119], [74.2795085, 34.1909673], [74.279294, 34.1928132], [74.2794656, 34.1944815], [74.2802381, 34.1955109], [74.2830276, 34.1965048], [74.2852592, 34.1950495], [74.2877912, 34.1924937], [74.2892074, 34.1899378], [74.2888212, 34.1868849], [74.2892074, 34.1837963], [74.2926836, 34.1832638], [74.2987346, 34.1834058], [74.3069744, 34.1837963], [74.3083906, 34.1850744], [74.3101072, 34.1874884], [74.3135833, 34.1911448], [74.3172311, 34.1938071], [74.3081331, 34.2002673], [74.3050861, 34.2008352], [74.3022966, 34.1998414], [74.3014383, 34.1995219], [74.2994213, 34.1988475], [74.2956018, 34.1994509], [74.293456, 34.2004448], [74.2907095, 34.2032843], [74.2885637, 34.2081822], [74.2818689, 34.2069045], [74.2787361, 34.206798], [74.2768478, 34.206727], [74.2724704, 34.2074724], [74.2720413, 34.2083242], [74.2730713, 34.2134702], [74.2740583, 34.2182965], [74.2747878, 34.2221645], [74.273672, 34.2248613], [74.2718696, 34.2264226], [74.2688655, 34.2274871], [74.2634582, 34.2274162], [74.2597674, 34.2268484], [74.2554759, 34.2258549], [74.2506694, 34.2251452], [74.2487811, 34.2245775], [74.2460345, 34.2224484], [74.2451762, 34.2223065], [74.2421722, 34.2252162], [74.2384814, 34.225713], [74.2354774, 34.2281968], [74.23007, 34.2305386], [74.2267226, 34.2343705], [74.2174529, 34.2341576], [74.2129897, 34.235293], [74.2104148, 34.2355059], [74.2070674, 34.2344415], [74.2044925, 34.2330932], [74.2006301, 34.2313192], [74.1984843, 34.2304676], [74.1924762, 34.2273452], [74.1868114, 34.2229452], [74.1835498, 34.2218806], [74.1808032, 34.2223774], [74.1774558, 34.2236549], [74.1750526, 34.2252872], [74.1732501, 34.2277], [74.171791, 34.2302547], [74.1699885, 34.2318869], [74.1627788, 34.2333061], [74.1573714, 34.2346544], [74.1541099, 34.2357897], [74.1522216, 34.2365702], [74.150505, 34.2376346], [74.1490459, 34.2404019], [74.1470718, 34.2422467], [74.1456126, 34.2426015], [74.1439818, 34.2426724], [74.1407096, 34.243444], [74.1396475, 34.2432311], [74.1381454, 34.2435149], [74.1371262, 34.243781], [74.1361713, 34.244251], [74.133532, 34.2459361], [74.1324162, 34.2466456], [74.1302705, 34.2468762], [74.1290903, 34.2467166], [74.1281676, 34.2463086], [74.1269016, 34.2455814], [74.1232753, 34.2438431], [74.1205287, 34.2415371], [74.1186619, 34.2412533], [74.1158294, 34.240863], [74.1154003, 34.241342], [74.1151643, 34.2425482], [74.115057, 34.2433464], [74.1142845, 34.2440027], [74.1123962, 34.2442688], [74.10995, 34.2443575], [74.1081905, 34.244393], [74.107182, 34.2438608], [74.1063022, 34.2438076], [74.1051006, 34.24473], [74.1042852, 34.2451557], [74.1029763, 34.245812], [74.0981698, 34.2491111], [74.0923548, 34.252889], [74.0904665, 34.2538822], [74.0885353, 34.2546094], [74.0872478, 34.2544497], [74.0863037, 34.2542546], [74.0852308, 34.254166], [74.0845012, 34.2541837], [74.0835142, 34.2540418], [74.0795445, 34.2548399], [74.0788793, 34.2565248], [74.0786862, 34.257784], [74.0783429, 34.2588126], [74.0771842, 34.2598944], [74.0728497, 34.261189], [74.0685367, 34.2620758], [74.0662193, 34.2626255], [74.064846, 34.2630511], [74.0637517, 34.2631221], [74.0627646, 34.2625014], [74.0609836, 34.2620935], [74.0593743, 34.2617033], [74.0548253, 34.2612068], [74.0536666, 34.2607457], [74.0524864, 34.2597526], [74.0508342, 34.2589545], [74.0497613, 34.2585289], [74.0480661, 34.2585643], [74.0466285, 34.2586707], [74.0442896, 34.2584579], [74.0409422, 34.258653], [74.0396976, 34.2578549], [74.0393114, 34.2570391], [74.0392174, 34.2563619], [74.0391612, 34.2559573], [74.0388608, 34.2547867], [74.0375519, 34.2509912], [74.0366936, 34.2498206], [74.0356636, 34.2492175], [74.0343976, 34.2485613], [74.0310716, 34.2481888], [74.0306854, 34.246894], [74.0295267, 34.2456169], [74.0264153, 34.2444639], [74.0232396, 34.2445349], [74.0218019, 34.2450493], [74.0206218, 34.245741], [74.0186906, 34.2465392], [74.0127039, 34.2469826], [74.0104508, 34.2477453], [74.0081978, 34.2496964], [74.0028333, 34.2529954], [73.9990783, 34.2553188], [73.9972758, 34.2566667], [73.9960527, 34.2576598], [73.9943146, 34.2584579], [73.9936495, 34.2587417], [73.9922547, 34.2591496], [73.9911818, 34.2593447], [73.9897633, 34.2590814], [73.9977355, 34.2486912], [74.0012035, 34.2411842], [74.0034365, 34.2363503], [74.0039029, 34.2359567], [74.0049213, 34.2356392], [74.0054523, 34.2353799], [74.0057546, 34.235169], [74.0059579, 34.2349604], [74.0059368, 34.2346551], [74.0057677, 34.234171], [74.0055846, 34.2338859], [74.005564, 34.2336325], [74.0055605, 34.2332459], [74.0056862, 34.2330158], [74.0056633, 34.2324445], [74.0057111, 34.2322748], [74.0058209, 34.23199], [74.0056387, 34.2315063], [74.0055537, 34.2311718], [74.0055854, 34.2309021], [74.0056721, 34.2307448], [74.0056117, 34.2303521], [74.0055602, 34.2301808], [74.0054686, 34.2300117], [74.0054819, 34.2299384], [74.0055649, 34.2297379], [74.0056855, 34.2294769], [74.0056648, 34.2293364], [74.0055563, 34.2290251], [74.005481, 34.2288812], [74.0053247, 34.2286497], [74.0053849, 34.2285358], [74.0055016, 34.2283563], [74.005557, 34.2282129], [74.0056236, 34.2279213], [74.0055986, 34.2275518], [74.0057058, 34.2274301], [74.0058323, 34.2271133], [74.0058343, 34.2269111], [74.0059704, 34.2266447], [74.0061941, 34.2263086], [74.0064157, 34.2261779], [74.0066531, 34.2260216], [74.0069384, 34.2258336], [74.0075802, 34.2254631], [74.0078782, 34.2252246], [74.0080377, 34.2251438], [74.0081786, 34.2247368], [74.0083919, 34.2245767], [74.0085011, 34.2243768], [74.0086007, 34.2240999], [74.00866, 34.2236429], [74.008717, 34.2232559], [74.0090451, 34.2230704], [74.0091965, 34.2228857], [74.0090235, 34.2227226], [74.0088384, 34.2224732], [74.008653, 34.2217451], [74.0085164, 34.2215359], [74.008404, 34.2212038], [74.0081349, 34.221061], [74.0078095, 34.2210477], [74.0072751, 34.2208283], [74.0068104, 34.2206986], [74.0067219, 34.2204892], [74.0065773, 34.2204593], [74.0064286, 34.2203763], [74.0064005, 34.22025], [74.0060228, 34.2200507], [74.0059464, 34.2198812], [74.0056571, 34.2197117], [74.0051104, 34.2196619], [74.0046751, 34.2198154], [74.0046912, 34.2194863], [74.0047635, 34.2190143], [74.0047111, 34.2185454], [74.004417, 34.218299], [74.0043726, 34.2181325], [74.0046585, 34.2178793], [74.0059636, 34.2153992], [74.0037284, 34.213179], [74.0017563, 34.2141404], [74.0007944, 34.2146106], [74.0008764, 34.2144034], [74.0009119, 34.2141724], [74.0009103, 34.2140347], [74.0008411, 34.2139266], [74.0007681, 34.21385], [74.0006775, 34.21365], [74.0007705, 34.213578], [74.000844, 34.2134824], [74.0008544, 34.2133985], [74.0008297, 34.2131421], [74.0008282, 34.2129975], [74.0008489, 34.2129159], [74.0009161, 34.2128141], [74.0008617, 34.2127147], [74.000876, 34.2126316], [74.0009562, 34.2124704], [74.0008841, 34.2124075], [74.000798, 34.2123273], [74.0007149, 34.2122133], [74.0006844, 34.2121057], [74.0004707, 34.2120139], [74.0002797, 34.2119139], [74.000152, 34.2118132], [74.0001011, 34.2116585], [74.0001228, 34.211613], [74.0000961, 34.211543], [74.0000225, 34.2114986], [73.999949, 34.2114399], [73.9996813, 34.2112408], [73.9995796, 34.2112271], [73.9994969, 34.2109896], [73.9993846, 34.2107821], [73.9993782, 34.2106448], [73.999346, 34.2105903], [73.9992564, 34.2105315], [73.9991991, 34.2102494], [73.9993227, 34.2100721], [73.9992523, 34.2100261], [73.9991685, 34.2099516], [73.9991071, 34.2099329], [73.9989402, 34.2098539], [73.9987582, 34.2098205], [73.9986125, 34.2097224], [73.9984428, 34.209597], [73.9983439, 34.2094718], [73.9982957, 34.2093366], [73.9982398, 34.2092716], [73.9981434, 34.2092053], [73.9981277, 34.2091595], [73.9981411, 34.2090233], [73.9981251, 34.2089711], [73.9980792, 34.2087812], [73.9980707, 34.2084339], [73.9980702, 34.208326], [73.9980825, 34.2082421], [73.998125, 34.2080781], [73.998085, 34.2079398], [73.9981106, 34.20778], [73.9980907, 34.2076594], [73.9979953, 34.2074525], [73.9980076, 34.2073186], [73.9980285, 34.207238], [73.9982066, 34.207114], [73.9982825, 34.2070271], [73.9983123, 34.206852], [73.9982924, 34.2067314], [73.9981744, 34.2065755], [73.9980602, 34.2064924], [73.9980024, 34.2063807], [73.9980297, 34.2062997], [73.9980877, 34.206115], [73.9980186, 34.2059791], [73.9979622, 34.205927], [73.997917, 34.2058571], [73.9978567, 34.2057632], [73.9978205, 34.2057271], [73.9978077, 34.2056702], [73.9978206, 34.2056325], [73.9978492, 34.2055647], [73.9979156, 34.2054196], [73.9979308, 34.2053644], [73.99799, 34.2052777], [73.9979843, 34.2052562], [73.9979875, 34.2052276], [73.9980185, 34.2051876], [73.9980763, 34.2051616], [73.9981134, 34.2051332], [73.9981209, 34.205116], [73.9981308, 34.205083], [73.9981366, 34.2050562], [73.9981545, 34.2050216], [73.9981624, 34.2049919], [73.9981465, 34.2049219], [73.9981311, 34.2048457], [73.9981182, 34.2047881], [73.9981094, 34.20463], [73.9980843, 34.2045767], [73.998055, 34.2045372], [73.9980056, 34.2044873], [73.9979863, 34.2044586], [73.9979826, 34.2044134], [73.9979948, 34.2043897], [73.9981219, 34.2042876], [73.9982343, 34.2041733], [73.9983121, 34.2040778], [73.9983393, 34.204021], [73.9983422, 34.2038802], [73.9983563, 34.2037791], [73.9983658, 34.2036854], [73.9983669, 34.2035628], [73.9983727, 34.2035216], [73.9984136, 34.203463], [73.998477, 34.2032973], [73.9985239, 34.2031873], [73.9985382, 34.2031509], [73.9985582, 34.2030298], [73.9985558, 34.2029203], [73.9985595, 34.2028491], [73.9985384, 34.2027409], [73.9985317, 34.2026843], [73.9985391, 34.2026374], [73.998565, 34.2025631], [73.9985708, 34.2025261], [73.9985766, 34.2023491], [73.9985985, 34.2022763], [73.9985887, 34.202174], [73.9985902, 34.2021566], [73.9986104, 34.2021458], [73.9986819, 34.2021214], [73.9987775, 34.2020667], [73.9988777, 34.2019679], [73.9990493, 34.2017712], [73.9990625, 34.2017175], [73.9991014, 34.201654], [73.9991281, 34.2015822], [73.9991571, 34.2015432], [73.9991523, 34.2014954], [73.9991835, 34.2014087], [73.9992235, 34.2013492], [73.9992607, 34.201306], [73.99927, 34.2012565], [73.9993243, 34.2011826], [73.9994095, 34.2011235], [73.9994308, 34.2010435], [73.9994955, 34.2009296], [73.999554, 34.2008654], [73.9995593, 34.2008064], [73.9996065, 34.2006985], [73.9996062, 34.2006629], [73.9995863, 34.2005797], [73.9995433, 34.2004538], [73.9995005, 34.2003766], [73.9993325, 34.2002051], [73.9992797, 34.2001468], [73.99926, 34.200098], [73.9992388, 34.1999566], [73.9992295, 34.1998859], [73.9991916, 34.1998447], [73.9989683, 34.1996952], [73.9989498, 34.1996515], [73.9989736, 34.1996237], [73.9990247, 34.1995888], [73.9990829, 34.1995353], [73.9991059, 34.1994876], [73.9991117, 34.1993241], [73.9990764, 34.1991992], [73.9990299, 34.1991461], [73.9990124, 34.1990951], [73.9990189, 34.1990444], [73.9990315, 34.198918], [73.9991763, 34.1988806], [73.9994894, 34.1988967], [73.9997974, 34.1988565], [73.9998512, 34.1987855], [73.999999, 34.1986675], [74.0002464, 34.1985502], [74.0005234, 34.1984713], [74.0006005, 34.1984503], [74.0006922, 34.1983609], [74.0008237, 34.1980779], [74.000907, 34.197922], [74.001001, 34.1978437], [74.0010692, 34.1977894], [74.0011745, 34.1976494], [74.0012327, 34.1975513], [74.0015444, 34.197456], [74.0017729, 34.1973966], [74.0018491, 34.1973419], [74.0019335, 34.1973097], [74.0020325, 34.197249], [74.0020952, 34.1972384], [74.0021957, 34.1972492], [74.0022924, 34.1972883], [74.0024012, 34.1973038], [74.0024696, 34.1973204], [74.0025227, 34.197313], [74.002591, 34.1972873], [74.0026432, 34.1972797], [74.0032527, 34.1971403], [74.0034764, 34.1970896], [74.0035579, 34.1970561], [74.003751, 34.1969844], [74.0040059, 34.196947], [74.0042699, 34.1968759], [74.004297, 34.1968027], [74.0043604, 34.1967553], [74.0044453, 34.1966949], [74.004571, 34.1966239], [74.0047741, 34.1965492], [74.005197, 34.1964429], [74.0054371, 34.1964111], [74.0055628, 34.1964426], [74.005612, 34.1963795], [74.0057085, 34.1962556], [74.0057987, 34.196242], [74.005905, 34.1961605], [74.0059339, 34.1960703], [74.0061719, 34.1958988], [74.0064199, 34.1958695], [74.0066761, 34.1957767], [74.0067839, 34.1958052], [74.0069717, 34.195744], [74.0070709, 34.1956743], [74.0073018, 34.1954857], [74.0074327, 34.1954156], [74.0075712, 34.1953891], [74.0077587, 34.1953966], [74.0078894, 34.1953842], [74.0081301, 34.195422], [74.0083582, 34.1953815], [74.0084933, 34.1953402], [74.0087864, 34.1952733], [74.0089247, 34.1952576], [74.0090554, 34.1952633], [74.0091742, 34.1952819], [74.0093078, 34.1953315], [74.0097969, 34.1955011], [74.0099787, 34.1956021], [74.0104857, 34.1956955], [74.0107672, 34.1957045], [74.0110324, 34.1956355], [74.0114658, 34.1956795], [74.0116099, 34.195634], [74.011877, 34.1955871], [74.0121144, 34.1955267], [74.0125465, 34.1954146], [74.0127004, 34.1953363], [74.0128795, 34.1953521], [74.0130808, 34.195498], [74.0135983, 34.1955417], [74.013914, 34.195475], [74.0141204, 34.1953514], [74.0143453, 34.1952429], [74.0139545, 34.1951791], [74.0135294, 34.1951722], [74.0133693, 34.1951324], [74.0131855, 34.1950324], [74.0123639, 34.1942183], [74.0119335, 34.1942249], [74.0116028, 34.1941866], [74.0114385, 34.1941314], [74.0108089, 34.1932758], [74.0106517, 34.192775], [74.010363, 34.1923016], [74.0101042, 34.1919897], [74.0098954, 34.1916068], [74.0095862, 34.1913042], [74.0094331, 34.1911937], [74.0092436, 34.1911406], [74.0090449, 34.1909594], [74.0088294, 34.1908785], [74.008662, 34.1907959], [74.0082772, 34.1907453], [74.0077851, 34.1907058], [74.007382, 34.1906919], [74.0071999, 34.1906678], [74.0068071, 34.1906947], [74.0037106, 34.1906613], [74.0035901, 34.1905679], [74.0035055, 34.1904609], [74.0034388, 34.1904162], [74.0032622, 34.1903916], [74.0031113, 34.1903724], [74.0030533, 34.1903283], [74.0030006, 34.1902166], [74.0029045, 34.1901184], [74.002773, 34.1900299], [74.0026449, 34.1899625], [74.0025184, 34.1898897], [74.0024395, 34.1898313], [74.0023368, 34.1897114], [74.0022397, 34.1895678], [74.0021833, 34.1894693], [74.0021762, 34.1893977], [74.0021938, 34.1893082], [74.0021649, 34.189213], [74.0021303, 34.1891598], [74.001983, 34.1890515], [74.0019298, 34.1890041], [74.0019008, 34.1888733], [74.0019122, 34.188715], [74.0019498, 34.1884748], [74.0019074, 34.1882225], [74.0018482, 34.1880899], [74.0015492, 34.1878072], [74.0014872, 34.1876498], [74.0013049, 34.1873909], [74.001187, 34.1870774], [74.0009484, 34.1866006], [74.000669, 34.186351], [74.0004286, 34.1859585], [74.0003894, 34.1855286], [74.0002772, 34.1847872], [74.0002191, 34.184234], [74.0002022, 34.1836494], [74.0002148, 34.1833039], [74.0001715, 34.1830253], [74.0000693, 34.1828673], [73.9997863, 34.1822501], [73.9997355, 34.1821654], [73.9994223, 34.1819337], [73.9993065, 34.1818415], [73.9992696, 34.18174], [73.9992448, 34.1815939], [73.9991916, 34.1813193], [73.9897933, 34.1758194], [73.979629, 34.1771164], [73.979568, 34.1769074], [73.979511, 34.1767996], [73.9794605, 34.1766923], [73.9794096, 34.1764919], [73.979371, 34.1762986], [73.9793622, 34.1762267], [73.9793752, 34.1760617], [73.9793762, 34.1758928], [73.9793289, 34.1756896], [73.9792384, 34.1754758], [73.9791707, 34.1752667], [73.9791346, 34.1751087], [73.9789572, 34.1750879], [73.978859, 34.1750752], [73.9786306, 34.1749842], [73.9785105, 34.1749437], [73.9784149, 34.1749224], [73.9783361, 34.1749006], [73.9782397, 34.1748431], [73.9781533, 34.1747554], [73.9780336, 34.1746428], [73.977882, 34.1745541], [73.9776889, 34.1744961], [73.9773853, 34.1744438], [73.9770984, 34.1743748], [73.9769152, 34.1742969], [73.9767925, 34.1741965], [73.9766089, 34.1739786], [73.9765569, 34.1738735], [73.9764984, 34.1737469], [73.9763729, 34.1735878], [73.9762495, 34.1734935], [73.9761017, 34.1734352], [73.9759917, 34.1733674], [73.975889, 34.1732848], [73.9758047, 34.17323], [73.9756895, 34.1731806], [73.9755725, 34.1730571], [73.9754811, 34.1729907], [73.9753719, 34.1729503], [73.9752618, 34.1729449], [73.9751919, 34.1729375], [73.9751384, 34.1729118], [73.9750932, 34.1728769], [73.9750087, 34.1728441], [73.9749525, 34.1728255], [73.9749192, 34.172791], [73.9748894, 34.1727292], [73.9748541, 34.1726698], [73.9747928, 34.1726376], [73.9747311, 34.1726189], [73.9746286, 34.1726153], [73.974518, 34.1726411], [73.9743073, 34.1727522], [73.9741662, 34.1728051], [73.9738988, 34.1728338], [73.9737138, 34.1728007], [73.9735198, 34.1728206], [73.9734365, 34.1728145], [73.9733475, 34.1727487], [73.9733023, 34.1727432], [73.9732242, 34.1727527], [73.9731065, 34.1727898], [73.9730429, 34.172792], [73.9729494, 34.1727715], [73.9728792, 34.1727265], [73.9728174, 34.172691], [73.9727327, 34.1726836], [73.9726503, 34.1726824], [73.9725858, 34.1726473], [73.9724665, 34.1726399], [73.9724124, 34.1726318], [73.9723507, 34.1725964], [73.9723163, 34.1725438], [73.9722828, 34.1724665], [73.9722253, 34.1724261], [73.9721331, 34.1723948], [73.9719837, 34.1723184], [73.9718258, 34.1722123], [73.9716347, 34.1721349], [73.971432, 34.1721158], [73.9713162, 34.1721213], [73.971169, 34.1721549], [73.9709448, 34.1722581], [73.970717, 34.1723789], [73.9705044, 34.172559], [73.9703534, 34.172708], [73.9701951, 34.1728851], [73.9701418, 34.173007], [73.9701455, 34.1730718], [73.9702247, 34.1731431], [73.9702395, 34.1732111], [73.9702214, 34.1732935], [73.9701704, 34.1733933], [73.9701672, 34.173501], [73.9701761, 34.1735984], [73.9701431, 34.1736661], [73.9700616, 34.1737289], [73.9699086, 34.1737838], [73.9698213, 34.1737988], [73.9697564, 34.173818], [73.9696445, 34.1738184], [73.9695732, 34.1737978], [73.9694834, 34.1737314], [73.9693974, 34.1736785], [73.9691533, 34.1735932], [73.9688933, 34.1735133], [73.9687727, 34.1734291], [73.9687434, 34.1733745], [73.9687071, 34.1732929], [73.9686513, 34.1732424], [73.968471, 34.173123], [73.9682531, 34.1729394], [73.9681099, 34.17276], [73.9680127, 34.1725718], [73.9679882, 34.1724927], [73.9680336, 34.1724074], [73.9681969, 34.1722516], [73.9683274, 34.1720378], [73.9683312, 34.1719534], [73.9682448, 34.171837], [73.968079, 34.1717677], [73.9679426, 34.1716101], [73.9677387, 34.1713518], [73.9676472, 34.1711284], [73.9676164, 34.1709932], [73.9676469, 34.1708882], [73.9677221, 34.1707945], [73.9677517, 34.1706699], [73.9677475, 34.170588], [73.9676814, 34.1703673], [73.9676635, 34.1702672], [73.967674, 34.1701978], [73.9677705, 34.1699016], [73.9677772, 34.1697334], [73.9676992, 34.1695237], [73.9675002, 34.1693488], [73.9672793, 34.1693976], [73.9671075, 34.1694513], [73.9669559, 34.1695378], [73.9668843, 34.1695561], [73.9668103, 34.169551], [73.9664717, 34.1695097], [73.9662807, 34.1695095], [73.9662188, 34.1695002], [73.9661849, 34.1694857], [73.966041, 34.1693705], [73.9658066, 34.1691644], [73.9656267, 34.1690003], [73.965361, 34.1688763], [73.9649727, 34.168784], [73.9649023, 34.1688423], [73.9647935, 34.168898], [73.9647326, 34.1688821], [73.9646462, 34.1688848], [73.964595, 34.1689087], [73.9645598, 34.1689617], [73.9645265, 34.16901], [73.9644209, 34.169055], [73.9642897, 34.1690762], [73.9641232, 34.1690576], [73.9640016, 34.1691053], [73.9637839, 34.1691742], [73.9636238, 34.1691795], [73.9634637, 34.1692271], [73.9634188, 34.1693013], [73.96331, 34.169349], [73.9632588, 34.1693278], [73.9632044, 34.1693596], [73.9631979, 34.1694577], [73.9631499, 34.169508], [73.9630475, 34.1695292], [73.9630187, 34.169561], [73.9630187, 34.1696484], [73.9630763, 34.1696935], [73.9630444, 34.1698763], [73.9629322, 34.1700327], [73.962945, 34.1701122], [73.962913, 34.1701758], [73.9626215, 34.1704037], [73.962487, 34.1706131], [73.9624678, 34.1707412], [73.9624869, 34.1708895], [73.962663, 34.1711042], [73.9626149, 34.1712633], [73.9626245, 34.1713455], [73.9628071, 34.1715019], [73.9628328, 34.1716346], [73.962868, 34.1717354], [73.9627813, 34.1721616], [73.9627141, 34.1722625], [73.9623991, 34.1724852], [73.9580405, 34.1671387], [73.9585758, 34.1605275], [73.9588571, 34.1606121], [73.9590565, 34.1606925], [73.9592712, 34.1606628], [73.9594399, 34.1607178], [73.9595727, 34.1606839], [73.9597209, 34.1606797], [73.9599967, 34.1607261], [73.9600938, 34.1606373], [73.9604155, 34.1606288], [73.9608849, 34.1605568], [73.9614356, 34.160468], [73.9616548, 34.1604234], [73.9619663, 34.1603007], [73.9624206, 34.1602159], [73.962742, 34.1601777], [73.9630479, 34.1600888], [73.9632823, 34.1599072], [73.9635217, 34.1598016], [73.9639339, 34.1596917], [73.9641882, 34.1596367], [73.9645543, 34.1595733], [73.9649166, 34.1594464], [73.9651465, 34.1594003], [73.9654669, 34.1593888], [73.9658987, 34.1594004], [73.9663235, 34.1592908], [73.9665255, 34.1592042], [73.966362, 34.157255], [73.966362, 34.1571516], [73.9663822, 34.1570868], [73.9664399, 34.1570039], [73.9665643, 34.1568481], [73.9666158, 34.1566798], [73.9666006, 34.1565166], [73.9665582, 34.1564035], [73.9664697, 34.1563119], [73.9663696, 34.1561463], [73.9663119, 34.1560258], [73.9662938, 34.1559027], [73.9663303, 34.1556865], [73.9663334, 34.1554274], [73.9663304, 34.1551758], [73.9663405, 34.155004], [73.9663253, 34.1548404], [73.9662735, 34.1546693], [73.9661428, 34.1545209], [73.9660363, 34.1544026], [73.9659085, 34.1543347], [73.965872, 34.1542995], [73.965869, 34.1542341], [73.965875, 34.1541661], [73.965732, 34.1540077], [73.9653672, 34.1538644], [73.9653247, 34.1538342], [73.9653307, 34.1537688], [73.9653763, 34.1536934], [73.9654221, 34.1536006], [73.9654281, 34.1535176], [73.9653947, 34.1534371], [73.9653491, 34.1533592], [73.9653278, 34.1532888], [73.9652822, 34.1531832], [73.9652275, 34.1530952], [73.9651636, 34.1530047], [73.9650816, 34.1529444], [73.9650315, 34.1528801], [73.9648348, 34.1527705], [73.9647478, 34.1526986], [73.9640577, 34.1526108], [73.9635228, 34.1526178], [73.9633249, 34.1525899], [73.9632069, 34.1525098], [73.9630721, 34.1525063], [73.9629079, 34.1524645], [73.9626258, 34.1523426], [73.9623878, 34.1523438], [73.9621396, 34.1522428], [73.9618324, 34.1521802], [73.9616936, 34.1521976], [73.9615169, 34.1521907], [73.9613443, 34.1521454], [73.9610289, 34.1520375], [73.960747, 34.151947], [73.9602847, 34.1518705], [73.9599569, 34.1517836], [73.9596589, 34.1517002], [73.9591721, 34.1514847], [73.9590641, 34.1516206], [73.9589171, 34.1517707], [73.9587603, 34.1519007], [73.9585446, 34.152055], [73.958324, 34.1521971], [73.9581327, 34.1523068], [73.9579463, 34.1524124], [73.9577108, 34.1525262], [73.9574752, 34.1526318], [73.9572544, 34.1527171], [73.957009, 34.1527861], [73.956749, 34.1528429], [73.9565102, 34.1528729], [73.9561969, 34.1528726], [73.9559164, 34.1528507], [73.9556034, 34.1528235], [73.9552644, 34.152791], [73.9549386, 34.1527368], [73.9546193, 34.1527043], [73.9543131, 34.1526557], [73.9540069, 34.1526124], [73.9537204, 34.1525638], [73.953499, 34.1525314], [73.9531669, 34.1524719], [73.952874, 34.1524072], [73.952608, 34.1523231], [73.9524127, 34.1522261], [73.9522368, 34.1521184], [73.9520479, 34.1519623], [73.951911, 34.151806], [73.9518132, 34.1516552], [73.9517479, 34.1514936], [73.9517087, 34.1513051], [73.9516889, 34.1510572], [73.9517082, 34.1508415], [73.9517536, 34.1505934], [73.9518316, 34.1503344], [73.9519032, 34.1500916], [73.9519878, 34.1498756], [73.9520855, 34.1496596], [73.9522028, 34.1494381], [73.9523789, 34.1491679], [73.9525159, 34.1489625], [73.9526855, 34.1487408], [73.9528552, 34.148557], [73.9530706, 34.1483353], [73.9533382, 34.1481192], [73.9534907, 34.1480218], [73.9536254, 34.1479357]]]]}}, {"type": "Feature", "properties": {"tehsil": "Uri", "district": "Baramulla"}, "geometry": {"type": "MultiPolygon", "coordinates": [[[[73.8998363, 34.0501952], [73.8999678, 34.0500058], [73.9001412, 34.0499057], [73.9002565, 34.0496233], [73.9003892, 34.0494354], [73.9005425, 34.0493614], [73.9006997, 34.0493332], [73.9009002, 34.0492768], [73.9011341, 34.0492472], [73.9012429, 34.0492018], [73.9014457, 34.0489986], [73.9016248, 34.0489145], [73.901731, 34.0488629], [73.9018203, 34.0487276], [73.9018618, 34.0486818], [73.9020998, 34.0485935], [73.9022769, 34.0483725], [73.9029029, 34.0477983], [73.9034893, 34.0473175], [73.9036528, 34.0470811], [73.9041215, 34.0468371], [73.9043613, 34.0466648], [73.9046946, 34.046351], [73.9048222, 34.0460832], [73.9049342, 34.0457537], [73.9050942, 34.0455756], [73.9053519, 34.0454776], [73.9062147, 34.0452368], [73.9065518, 34.0450929], [73.9070153, 34.0448376], [73.9071472, 34.0446051], [73.9074428, 34.0444075], [73.9079884, 34.0443045], [73.9081723, 34.0442686], [73.9084915, 34.0439301], [73.9087296, 34.0433877], [73.908736, 34.0430197], [73.9092004, 34.042903], [73.909682, 34.0427727], [73.9100637, 34.0425256], [73.9103372, 34.0423243], [73.9107232, 34.042247], [73.9109471, 34.0422147], [73.9111756, 34.0422794], [73.911562, 34.0423183], [73.9117544, 34.042303], [73.9119139, 34.0422553], [73.9122546, 34.0421298], [73.9125481, 34.0420711], [73.9128462, 34.0419081], [73.9130533, 34.0417761], [73.9136355, 34.0416064], [73.914074, 34.0413248], [73.9144204, 34.0411886], [73.9148863, 34.0411171], [73.9152661, 34.040985], [73.9155828, 34.0407878], [73.9160119, 34.0406193], [73.9161298, 34.040576], [73.9162288, 34.0405711], [73.9163467, 34.0405222], [73.9165, 34.0405169], [73.9166565, 34.0404244], [73.9169294, 34.0403674], [73.9170479, 34.0403088], [73.9171421, 34.0402261], [73.9172867, 34.0401882], [73.9175215, 34.0400995], [73.9180766, 34.0395232], [73.9184659, 34.0392642], [73.9190077, 34.0390453], [73.9194975, 34.0388143], [73.9196817, 34.0386688], [73.9201139, 34.0382207], [73.9201089, 34.0381432], [73.9203614, 34.0379086], [73.9208233, 34.0375883], [73.9211766, 34.0371674], [73.921469, 34.0366486], [73.921637, 34.0361757], [73.9217365, 34.0359488], [73.9217592, 34.0356899], [73.921723, 34.0353933], [73.9217591, 34.0353063], [73.9217515, 34.0351422], [73.921536, 34.0345466], [73.9214572, 34.0342164], [73.9214611, 34.0340956], [73.9215595, 34.0338463], [73.9216548, 34.0336816], [73.9216742, 34.0334915], [73.9228416, 34.0306234], [73.9229296, 34.0300174], [73.9231331, 34.0294238], [73.9236426, 34.0283581], [73.9240722, 34.0271293], [73.9242206, 34.0262107], [73.9243055, 34.0251984], [73.9243498, 34.0248461], [73.9246044, 34.024432], [73.92524, 34.0238272], [73.9280878, 34.0228528], [73.9284497, 34.0214452], [73.9289292, 34.0214963], [73.9291953, 34.0214383], [73.9297117, 34.0212455], [73.9299698, 34.0210899], [73.9305805, 34.0209052], [73.9308623, 34.0209191], [73.9312836, 34.0209208], [73.9316631, 34.0208851], [73.9319923, 34.0208866], [73.9323836, 34.0209978], [73.9327639, 34.0210377], [73.9330699, 34.0210804], [73.9335275, 34.0211992], [73.9341383, 34.021324], [73.9346046, 34.0214014], [73.9349207, 34.0213533], [73.9355311, 34.0212507], [73.935805, 34.0212302], [73.9362096, 34.0211906], [73.9365729, 34.0211285], [73.9369673, 34.021115], [73.9380092, 34.020583], [73.9384827, 34.0202805], [73.9391134, 34.0200006], [73.9394789, 34.0197903], [73.93987, 34.0195742], [73.9402211, 34.0193959], [73.9404015, 34.0193334], [73.9406412, 34.0191888], [73.9408038, 34.019123], [73.9408672, 34.0191197], [73.940958, 34.0191546], [73.941068, 34.0191532], [73.9412611, 34.0192079], [73.9414442, 34.0192198], [73.9416285, 34.0191801], [73.9417864, 34.0191765], [73.9420458, 34.0190619], [73.9422302, 34.0190283], [73.9424431, 34.0190315], [73.942669, 34.0189468], [73.9428646, 34.0189103], [73.943109, 34.0187579], [73.9433279, 34.0186105], [73.9435424, 34.0185408], [73.9439514, 34.0184833], [73.9442735, 34.0183665], [73.9444721, 34.0183544], [73.9447455, 34.0182825], [73.9448458, 34.0182354], [73.944884, 34.018169], [73.9449022, 34.0181235], [73.9449711, 34.0180486], [73.9450791, 34.0179863], [73.9452206, 34.0179312], [73.9454549, 34.0178875], [73.9457081, 34.0179015], [73.9459409, 34.017917], [73.9463504, 34.0174896], [73.9466868, 34.0173489], [73.9469147, 34.0171709], [73.947205, 34.0169742], [73.9472462, 34.0168367], [73.9472808, 34.0167819], [73.9474723, 34.0167415], [73.9478963, 34.0167519], [73.9483862, 34.0168029], [73.9488136, 34.0168766], [73.9490521, 34.0168724], [73.9492863, 34.0168523], [73.9495037, 34.0168797], [73.9497948, 34.0168516], [73.9500797, 34.0167007], [73.9504091, 34.0166141], [73.9505575, 34.0166501], [73.9509048, 34.016588], [73.9512597, 34.0164979], [73.9514922, 34.0165367], [73.9522088, 34.0163176], [73.952592, 34.0161606], [73.9531384, 34.0156803], [73.9534433, 34.0153871], [73.9536147, 34.0152766], [73.9538267, 34.0152179], [73.9540754, 34.0151277], [73.9546336, 34.0150463], [73.9550202, 34.0150522], [73.9551553, 34.0150824], [73.9553783, 34.0151252], [73.9555046, 34.0151492], [73.9556338, 34.0151399], [73.9560194, 34.0149887], [73.9561759, 34.0149742], [73.9563441, 34.0150499], [73.9564723, 34.0150794], [73.9566778, 34.0149982], [73.9572734, 34.0147711], [73.9575775, 34.0148376], [73.957795, 34.0148297], [73.9580981, 34.0149469], [73.9583249, 34.014821], [73.9584453, 34.0146034], [73.9585736, 34.0143347], [73.9586858, 34.0141733], [73.9588908, 34.0141089], [73.9590209, 34.0140547], [73.9591137, 34.0138535], [73.9591905, 34.0137534], [73.9593886, 34.0136946], [73.9596805, 34.0136934], [73.9598426, 34.0137296], [73.9600602, 34.0140144], [73.9602698, 34.014057], [73.961169, 34.0138023], [73.9613319, 34.0138048], [73.9614799, 34.0138689], [73.9617065, 34.0138764], [73.9620077, 34.0137684], [73.9622597, 34.0137385], [73.9625885, 34.0138294], [73.9629663, 34.0137324], [73.9631724, 34.0136342], [73.9633831, 34.0136317], [73.963792, 34.013576], [73.9642236, 34.0134193], [73.9644685, 34.0134006], [73.9645824, 34.0134699], [73.9650495, 34.0133018], [73.9651356, 34.0131059], [73.9654582, 34.01297], [73.9656103, 34.0127814], [73.9658186, 34.0125762], [73.9660383, 34.0124726], [73.9662906, 34.0124314], [73.9664014, 34.0123373], [73.9664806, 34.0121625], [73.9667484, 34.0120322], [73.9667805, 34.0117854], [73.9666569, 34.0115356], [73.9666879, 34.0113614], [73.966928, 34.0112636], [73.967109, 34.0110692], [73.9672875, 34.0109873], [73.9675531, 34.0109688], [73.9679828, 34.0109021], [73.9687948, 34.0107679], [73.9692434, 34.0107691], [73.9695133, 34.0108577], [73.9696188, 34.0110114], [73.969619, 34.0113157], [73.9698093, 34.0116285], [73.9699684, 34.0118225], [73.9701695, 34.0119552], [73.9702492, 34.0120465], [73.9702741, 34.012154], [73.9702233, 34.0123054], [73.9701517, 34.0124734], [73.9700106, 34.0127024], [73.9699803, 34.0128429], [73.9700444, 34.0130243], [73.9702172, 34.0132074], [73.9704465, 34.0133067], [73.9707368, 34.0134127], [73.9709665, 34.0134896], [73.9710608, 34.0135361], [73.9711902, 34.0135325], [73.9717321, 34.0133434], [73.9719311, 34.0132675], [73.9720755, 34.0132953], [73.9722546, 34.0135011], [73.9724501, 34.013583], [73.972777, 34.0135711], [73.9730915, 34.0135025], [73.9735658, 34.0132842], [73.9742008, 34.0128821], [73.9746877, 34.0127146], [73.9747966, 34.0127163], [73.975032, 34.012844], [73.9752207, 34.0129315], [73.9756146, 34.0129769], [73.9759002, 34.0129926], [73.976298, 34.0131679], [73.9764789, 34.0133004], [73.9766376, 34.0135229], [73.976758, 34.0136206], [73.9769818, 34.0136636], [73.9773216, 34.0136913], [73.9774833, 34.0137728], [73.9776228, 34.0139386], [73.9777204, 34.0141602], [73.9778251, 34.0142254], [73.9779621, 34.0141879], [73.9780805, 34.0140712], [73.9784284, 34.013749], [73.9787502, 34.0136524], [73.9792266, 34.0136373], [73.9799121, 34.0137159], [73.9804767, 34.0137415], [73.9806823, 34.0136826], [73.9808426, 34.0135156], [73.9808686, 34.0132675], [73.9810159, 34.0130722], [73.9811608, 34.0129897], [73.9813377, 34.0129981], [73.9815139, 34.0130403], [73.9816714, 34.0130032], [73.9818586, 34.0128535], [73.982028, 34.0125906], [73.9823918, 34.0124663], [73.9827279, 34.0123697], [73.9830682, 34.0123918], [73.9832095, 34.012473], [73.9833, 34.0127004], [73.9834595, 34.0128836], [73.9836355, 34.0129428], [73.983785, 34.012962], [73.9839705, 34.012897], [73.9842469, 34.0127318], [73.9844297, 34.0124859], [73.9847881, 34.0123162], [73.9849252, 34.0122844], [73.9851018, 34.0123209], [73.9852302, 34.0123737], [73.9853126, 34.0123524], [73.9854666, 34.0121682], [73.9857288, 34.0120196], [73.9859616, 34.0119666], [73.986247, 34.0120048], [73.9864837, 34.0120988], [73.9866381, 34.0122198], [73.9867428, 34.0124305], [73.9867655, 34.0126513], [73.9868258, 34.0129801], [73.9868638, 34.0131164], [73.987039, 34.0132095], [73.9871941, 34.0132909], [73.9874049, 34.0133167], [73.9875969, 34.0132687], [73.9881698, 34.0129551], [73.9883622, 34.0128902], [73.9885658, 34.0129329], [73.9887135, 34.0130368], [73.9888327, 34.0132025], [73.9888695, 34.0133896], [73.9888721, 34.0135818], [73.9889758, 34.0138321], [73.9891898, 34.0140275], [73.9892962, 34.0141535], [73.9894584, 34.0142238], [73.9898534, 34.0142524], [73.9902948, 34.0143495], [73.9903818, 34.01443], [73.9904536, 34.0145781], [73.9905126, 34.0146921], [73.9905869, 34.0147272], [73.9907442, 34.0147069], [73.9908957, 34.0146413], [73.9910431, 34.0144456], [73.9911761, 34.0142724], [73.9913412, 34.0141957], [73.9914507, 34.0141748], [73.9915245, 34.0142324], [73.9915964, 34.0143918], [73.9917072, 34.0146479], [73.991872, 34.0149389], [73.9920609, 34.0150435], [73.9922519, 34.0153575], [73.9923178, 34.015466], [73.9923004, 34.0156411], [73.9922699, 34.0157934], [73.9921249, 34.0158704], [73.9920269, 34.0159763], [73.9919289, 34.016088], [73.9919728, 34.0162639], [73.9921139, 34.0163679], [73.9924404, 34.0164239], [73.9925822, 34.0164939], [73.9926522, 34.0167269], [73.9927862, 34.0168421], [73.9929427, 34.0168671], [73.9931875, 34.0168097], [73.993347, 34.016699], [73.9934436, 34.0166609], [73.9935867, 34.0166744], [73.9937148, 34.0167386], [73.9937794, 34.0168922], [73.9938082, 34.0171188], [73.9939458, 34.0173641], [73.994085, 34.0174189], [73.9943383, 34.0173888], [73.9943925, 34.0174066], [73.9944929, 34.0175043], [73.9946481, 34.0175916], [73.994881, 34.0176553], [73.9949727, 34.0178264], [73.9950165, 34.0180081], [73.9953127, 34.0181937], [73.995709, 34.0183248], [73.9959549, 34.0183172], [73.9961323, 34.0182382], [73.9963599, 34.0179697], [73.9964528, 34.0179152], [73.9968431, 34.0179331], [73.9969631, 34.0179629], [73.9970048, 34.0180435], [73.9970164, 34.0181837], [73.9970963, 34.0182809], [73.9971584, 34.0183138], [73.9975736, 34.0183041], [73.9977481, 34.0182493], [73.9978849, 34.0181696], [73.9982581, 34.018442], [73.9984889, 34.0187508], [73.9986487, 34.0189401], [73.9987391, 34.0191793], [73.9988387, 34.0192042], [73.9990316, 34.019177], [73.9991901, 34.0190545], [73.9996551, 34.0186826], [73.9997979, 34.0185557], [73.9999123, 34.0185488], [74.0000607, 34.01865], [74.0001759, 34.0188583], [74.0003315, 34.0193688], [74.0003602, 34.0197311], [74.0002024, 34.020056], [74.0001203, 34.0202443], [74.0001533, 34.0203954], [74.0001985, 34.0204693], [74.0006235, 34.020532], [74.0008793, 34.0204885], [74.0010992, 34.0205033], [74.0014707, 34.0206252], [74.0018288, 34.0206435], [74.0020117, 34.0205988], [74.0021923, 34.0204206], [74.0022259, 34.0203134], [74.0022108, 34.020059], [74.0024988, 34.0195585], [74.0026475, 34.0193853], [74.0027518, 34.019374], [74.0028545, 34.0194273], [74.002935, 34.0195403], [74.0029553, 34.0197816], [74.0030116, 34.0200451], [74.003152, 34.0205039], [74.0031468, 34.0207587], [74.0032368, 34.0208401], [74.0034665, 34.020989], [74.0037773, 34.0211637], [74.0040472, 34.0211679], [74.0042921, 34.0211414], [74.0045387, 34.0211437], [74.0050003, 34.0212307], [74.0051242, 34.0213045], [74.0052275, 34.0214422], [74.0052695, 34.0216215], [74.0052553, 34.021798], [74.0053251, 34.0219327], [74.0055943, 34.0222299], [74.0059593, 34.022425], [74.0060919, 34.022628], [74.006125, 34.0227794], [74.0061108, 34.0229559], [74.0060913, 34.0231323], [74.0061821, 34.023263], [74.0061636, 34.0233963], [74.0059893, 34.0235187], [74.005883, 34.0236249], [74.0058802, 34.0237542], [74.0059293, 34.0238885], [74.0060868, 34.024059], [74.006368, 34.0242832], [74.0066524, 34.0243608], [74.0071487, 34.0245019], [74.0076176, 34.0247072], [74.0076451, 34.0247767], [74.0077195, 34.0248118], [74.0079038, 34.0248258], [74.0079699, 34.0247684], [74.0080598, 34.0247008], [74.0081585, 34.0247065], [74.0082565, 34.0247425], [74.008323, 34.0247952], [74.0083171, 34.0249062], [74.008315, 34.025001], [74.0083365, 34.0252126], [74.0084465, 34.0254212], [74.0086722, 34.0255711], [74.0087453, 34.0258008], [74.0089153, 34.0261311], [74.009058, 34.0265129], [74.0090705, 34.0266554], [74.0090294, 34.0268705], [74.0090106, 34.0270169], [74.0090704, 34.0271429], [74.0092272, 34.0273567], [74.009469, 34.0274941], [74.009628, 34.0275797], [74.0098398, 34.0276562], [74.0099311, 34.0277654], [74.010052, 34.0279527], [74.0101246, 34.0282084], [74.0102707, 34.0284349], [74.0106743, 34.0287948], [74.0109922, 34.0290196], [74.0112918, 34.0293592], [74.0115257, 34.0296041], [74.0115749, 34.0297342], [74.011577, 34.0298808], [74.0115004, 34.0300607], [74.0114314, 34.0301286], [74.0110538, 34.0302653], [74.0107529, 34.0304677], [74.0104332, 34.0308079], [74.0103361, 34.0309703], [74.0103394, 34.0310566], [74.0103881, 34.0312126], [74.0105894, 34.0315305], [74.0107921, 34.0318265], [74.0109412, 34.0319106], [74.0114369, 34.0320862], [74.0116999, 34.0322023], [74.0118409, 34.0322795], [74.011935, 34.0323547], [74.0120692, 34.0324757], [74.012264, 34.0326374], [74.0123971, 34.0328095], [74.0124082, 34.0329345], [74.0121733, 34.0334083], [74.0121506, 34.0334942], [74.0121564, 34.0337056], [74.0121532, 34.0338522], [74.0120924, 34.0340195], [74.0120944, 34.0341752], [74.0121232, 34.0342834], [74.0123258, 34.0345408], [74.0124986, 34.0349747], [74.0126882, 34.0353528], [74.01284, 34.0355534], [74.0131791, 34.0357656], [74.013606, 34.0360049], [74.0140292, 34.0361795], [74.0142226, 34.0362208], [74.0143881, 34.0362707], [74.0147003, 34.0362753], [74.0150499, 34.0362374], [74.0152231, 34.0361752], [74.0156149, 34.0358747], [74.015763, 34.0357691], [74.0158935, 34.0357538], [74.0159768, 34.0357507], [74.0160435, 34.0357991], [74.0162251, 34.0360693], [74.0163632, 34.0361836], [74.0165541, 34.0362684], [74.0166939, 34.036305], [74.0170231, 34.0362538], [74.0172432, 34.0361837], [74.0174515, 34.0361782], [74.0176534, 34.0362286], [74.0179008, 34.0363445], [74.0181325, 34.0364644], [74.01824, 34.036548], [74.0182748, 34.0366262], [74.0182311, 34.0367291], [74.0181152, 34.0368008], [74.0179002, 34.0368753], [74.0177793, 34.0369339], [74.01765, 34.0371436], [74.0175427, 34.0375348], [74.0175412, 34.0376039], [74.0176284, 34.03767], [74.0178202, 34.0377073], [74.0181454, 34.0378328], [74.0182016, 34.0378811], [74.0182001, 34.0379501], [74.0180918, 34.0380763], [74.0180674, 34.0382486], [74.0179798, 34.0384501], [74.017868, 34.038565], [74.017706, 34.0386013], [74.0175511, 34.0385472], [74.0174005, 34.0385234], [74.0171498, 34.0385542], [74.0167472, 34.0386216], [74.0161651, 34.03879], [74.0159801, 34.0389081], [74.0158982, 34.0390839], [74.015889, 34.0392693], [74.0159383, 34.0393996], [74.0161109, 34.0396137], [74.0400218, 34.0365833], [74.0427607, 34.033127], [74.0430561, 34.0330981], [74.0432644, 34.0330623], [74.0435771, 34.032995], [74.043958, 34.0327175], [74.0440794, 34.0326805], [74.0445144, 34.0327205], [74.0451457, 34.032555], [74.0454267, 34.0324589], [74.0458397, 34.032337], [74.0458994, 34.0323769], [74.0462618, 34.0322791], [74.0466726, 34.0321346], [74.0472308, 34.0319028], [74.0475635, 34.031746], [74.0480293, 34.0316272], [74.0482516, 34.0314936], [74.0486374, 34.0311998], [74.0490681, 34.0307592], [74.0493951, 34.0304446], [74.0494938, 34.0302877], [74.0496918, 34.0302557], [74.0499607, 34.0302457], [74.0503672, 34.0302829], [74.0507857, 34.0303516], [74.0512624, 34.030456], [74.0518319, 34.0305583], [74.0533928, 34.0305809], [74.0536915, 34.0305957], [74.0536957, 34.0305957], [74.0540927, 34.0305492], [74.0545958, 34.0304692], [74.0546918, 34.0304264], [74.0550168, 34.0303752], [74.0553688, 34.03045], [74.0556769, 34.0306043], [74.0560825, 34.0309241], [74.0563419, 34.0311966], [74.0565029, 34.031349], [74.0566142, 34.0314659], [74.0567853, 34.0315417], [74.0571691, 34.0317254], [74.0572525, 34.0317685], [74.0574431, 34.0319215], [74.057702, 34.0322432], [74.0577889, 34.0323214], [74.0580901, 34.0324341], [74.0582993, 34.0325141], [74.0585148, 34.032699], [74.0588108, 34.0328712], [74.0591865, 34.033062], [74.0595485, 34.0333086], [74.0598652, 34.0335057], [74.0600307, 34.0336455], [74.0602238, 34.0340296], [74.0603621, 34.0341812], [74.0606626, 34.0343676], [74.0609612, 34.0344864], [74.0611004, 34.0345999], [74.0611794, 34.0347127], [74.0613719, 34.0348241], [74.06165, 34.0349104], [74.0617418, 34.0349294], [74.0618707, 34.0348695], [74.0619994, 34.0348185], [74.0620703, 34.0348137], [74.0621899, 34.0348595], [74.0623858, 34.0349857], [74.0624807, 34.0350224], [74.0627676, 34.0350383], [74.0630495, 34.0349601], [74.0631456, 34.0349439], [74.0633857, 34.0349973], [74.0636986, 34.0351341], [74.0641081, 34.0352489], [74.0644753, 34.0353484], [74.0648717, 34.0354189], [74.0651871, 34.0354416], [74.06546, 34.0354603], [74.0657081, 34.0354757], [74.0660372, 34.0355276], [74.0661145, 34.0355669], [74.0664049, 34.0357801], [74.066775, 34.0358952], [74.0674393, 34.0360462], [74.0677997, 34.036134], [74.0680422, 34.0360904], [74.0682517, 34.0359286], [74.0685522, 34.0356621], [74.0687716, 34.0355357], [74.0690885, 34.0355138], [74.0693728, 34.0355209], [74.0697983, 34.0355919], [74.0700609, 34.0356371], [74.0703172, 34.0356526], [74.0704251, 34.0357483], [74.0705926, 34.035742], [74.0706816, 34.0357463], [74.0707868, 34.0358275], [74.0709009, 34.0358263], [74.0709396, 34.0357812], [74.0709996, 34.035657], [74.0710648, 34.0356238], [74.0711484, 34.0355852], [74.0712379, 34.0355688], [74.0713953, 34.0355445], [74.0714694, 34.035587], [74.0717275, 34.0357163], [74.0719624, 34.0358792], [74.0721005, 34.0359167], [74.0727767, 34.0359444], [74.0731197, 34.0360707], [74.0735761, 34.0360716], [74.0739871, 34.0360394], [74.074124, 34.0359853], [74.0742036, 34.0359332], [74.0742429, 34.0359338], [74.0743651, 34.0360688], [74.0744174, 34.0361287], [74.0747946, 34.0362055], [74.0748768, 34.0362067], [74.0749274, 34.0361838], [74.0750161, 34.0360431], [74.0750989, 34.035987], [74.0752245, 34.035971], [74.0753788, 34.0359609], [74.0754559, 34.0360331], [74.0755942, 34.0360795], [74.0758588, 34.0362883], [74.0759732, 34.036287], [74.0758779, 34.0360606], [74.0757914, 34.0359291], [74.0755643, 34.0356861], [74.0753688, 34.0354701], [74.0752409, 34.0352759], [74.0752045, 34.0351392], [74.075224, 34.0350596], [74.0753085, 34.0349454], [74.0754598, 34.0347197], [74.0758478, 34.0346039], [74.0759669, 34.0345434], [74.0761501, 34.0344958], [74.076243, 34.0344972], [74.0763408, 34.0344305], [74.0764534, 34.0342955], [74.0765339, 34.0340392], [74.0766526, 34.0338309], [74.0768299, 34.0337181], [74.0769627, 34.0336875], [74.0770444, 34.0337035], [74.077196, 34.0338221], [74.0772466, 34.0339648], [74.0773657, 34.0340423], [74.0774495, 34.0341468], [74.0775452, 34.0341866], [74.0777267, 34.0342218], [74.0778842, 34.0343248], [74.0780153, 34.0345336], [74.0780501, 34.0347439], [74.078029, 34.0350688], [74.0780492, 34.0351252], [74.0781545, 34.0352095], [74.0782698, 34.0353265], [74.0783603, 34.0354209], [74.0784948, 34.0354672], [74.078779, 34.0355245], [74.0790156, 34.0356373], [74.0791137, 34.0356284], [74.0791607, 34.0356024], [74.0792271, 34.0354969], [74.0793527, 34.0353849], [74.0794702, 34.0352993], [74.0795632, 34.0352858], [74.0797243, 34.0352496], [74.0800051, 34.0347086], [74.0802984, 34.0346596], [74.0804764, 34.0346769], [74.0805543, 34.0347046], [74.0806255, 34.0348918], [74.0806745, 34.0349368], [74.080916, 34.0349846], [74.0810401, 34.0350159], [74.0811174, 34.0350643], [74.0812785, 34.0350312], [74.0813689, 34.03496], [74.0814424, 34.034698], [74.08143, 34.0344408], [74.0814241, 34.0343417], [74.0814864, 34.0342569], [74.0816304, 34.034188], [74.0817901, 34.0341387], [74.0818823, 34.0339864], [74.0820223, 34.0335928], [74.0820465, 34.0335148], [74.0820652, 34.0334708], [74.0821016, 34.0334329], [74.0821661, 34.0334103], [74.0822408, 34.0334202], [74.0822897, 34.0334681], [74.0824378, 34.0335499], [74.082624, 34.0336106], [74.0829959, 34.0336139], [74.0831087, 34.0336717], [74.0833633, 34.0336918], [74.0835774, 34.0336712], [74.083817, 34.0336186], [74.0840121, 34.0336509], [74.0841557, 34.0337803], [74.0842165, 34.0339464], [74.0843334, 34.0341547], [74.0842826, 34.0343754], [74.0843257, 34.0345266], [74.0844287, 34.0347022], [74.0844151, 34.0348408], [74.0844519, 34.0349534], [74.0844361, 34.0350952], [74.0844264, 34.0351827], [74.0845375, 34.0356446], [74.0844232, 34.035935], [74.0844193, 34.0364633], [74.084321, 34.0366015], [74.0841445, 34.0366963], [74.0838943, 34.0367401], [74.0837147, 34.0368142], [74.0835478, 34.0369623], [74.083471, 34.0370557], [74.0833625, 34.0371427], [74.0832586, 34.0373449], [74.0832077, 34.0374698], [74.0831006, 34.0375787], [74.0830593, 34.0376784], [74.0830571, 34.0377876], [74.083125, 34.0381249], [74.0832145, 34.0382707], [74.0833388, 34.038386], [74.0835123, 34.0384124], [74.0835829, 34.03844], [74.0836484, 34.03855], [74.0837114, 34.038604], [74.0838286, 34.0386175], [74.0838868, 34.0385564], [74.0839886, 34.0384546], [74.0840565, 34.0383595], [74.0842899, 34.0382654], [74.0845907, 34.0381842], [74.0848648, 34.0381821], [74.0852691, 34.0380728], [74.085364, 34.0379591], [74.0854899, 34.037812], [74.0856218, 34.0376281], [74.0858156, 34.0375483], [74.086033, 34.0375278], [74.0861286, 34.0375528], [74.0862077, 34.0377267], [74.0862702, 34.0378013], [74.0863478, 34.0378349], [74.0864763, 34.0378131], [74.0868319, 34.0376501], [74.0870713, 34.0375975], [74.0871956, 34.0376023], [74.0873052, 34.0376363], [74.0874154, 34.0376314], [74.0875478, 34.0376008], [74.0877197, 34.0375502], [74.0879435, 34.0374059], [74.0881849, 34.037097], [74.0882467, 34.0370301], [74.0883469, 34.037002], [74.088564, 34.0369933], [74.0886963, 34.0369599], [74.0889714, 34.0367265], [74.0890997, 34.0367077], [74.0892596, 34.03671], [74.0894291, 34.0367655], [74.0895275, 34.0368258], [74.0897488, 34.0369804], [74.0900743, 34.0372183], [74.0902255, 34.0373], [74.090498, 34.0373598], [74.0907251, 34.0373837], [74.090793, 34.037367], [74.0909234, 34.0372624], [74.0910151, 34.0372084], [74.0912713, 34.0371944], [74.0914164, 34.0372259], [74.0914969, 34.0372889], [74.091556, 34.0373575], [74.0917111, 34.0374216], [74.0918517, 34.0375795], [74.091981, 34.0376904], [74.0920904, 34.0377302], [74.092197, 34.037723], [74.0922649, 34.0377092], [74.0924013, 34.0376632], [74.0924619, 34.0376582], [74.0925291, 34.0376739], [74.0926521, 34.0377434], [74.0928694, 34.0378858], [74.0930973, 34.0380422], [74.0932272, 34.0381206], [74.0934426, 34.0381885], [74.0935917, 34.0381995], [74.0938091, 34.0381702], [74.094007, 34.0380551], [74.0941861, 34.0379841], [74.0944109, 34.0378508], [74.0944789, 34.0378252], [74.0945462, 34.037838], [74.0946311, 34.0378568], [74.0947238, 34.0378405], [74.0948235, 34.0378331], [74.0949254, 34.03788], [74.0951179, 34.038027], [74.0952821, 34.0380969], [74.0953788, 34.0381279], [74.0954355, 34.0381346], [74.0955851, 34.0381132], [74.0958697, 34.0380996], [74.0959373, 34.0380436], [74.0959735, 34.0378467], [74.0959888, 34.0377969], [74.0960753, 34.0377422], [74.0962216, 34.0377119], [74.0963706, 34.0377228], [74.0965756, 34.0377728], [74.0967666, 34.0378197], [74.0969123, 34.0378159], [74.0971554, 34.0377457], [74.0974403, 34.0377174], [74.0975662, 34.0376792], [74.0977556, 34.0376289], [74.0978616, 34.0376569], [74.0979197, 34.0377667], [74.0979655, 34.037785], [74.0981285, 34.0377683], [74.0983252, 34.0377063], [74.098436, 34.0376755], [74.0985282, 34.0376596], [74.0985978, 34.0376204], [74.0987018, 34.0375718], [74.0988435, 34.0375487], [74.0990435, 34.0375385], [74.0992231, 34.0375659], [74.0994596, 34.037634], [74.0995902, 34.0377199], [74.0997083, 34.0377733], [74.0998996, 34.0377907], [74.1001503, 34.0378531], [74.1003951, 34.0378944], [74.1005067, 34.0379073], [74.1006195, 34.0379501], [74.1006586, 34.0379506], [74.100752, 34.0379049], [74.1008459, 34.0378327], [74.1010106, 34.0377703], [74.1011603, 34.0377489], [74.1013767, 34.0377579], [74.1015887, 34.037805], [74.1019702, 34.037938], [74.1022168, 34.0380297], [74.1024006, 34.0380676], [74.1025275, 34.0381729], [74.1026998, 34.038315], [74.1027784, 34.0383941], [74.1029621, 34.0384438], [74.1031378, 34.0385316], [74.1032933, 34.0385691], [74.103402, 34.0386324], [74.1035285, 34.03861], [74.103647, 34.038544], [74.1038168, 34.0385395], [74.104068, 34.0385784], [74.1042629, 34.03859], [74.1043751, 34.0386504], [74.1044249, 34.0386452], [74.1045693, 34.0385355], [74.1047158, 34.0384905], [74.1050293, 34.0382538], [74.1052107, 34.038224], [74.105328, 34.0382225], [74.1054057, 34.0382413], [74.1055079, 34.0382721], [74.1056829, 34.0382246], [74.1057698, 34.0381464], [74.1058735, 34.0379362], [74.1059086, 34.0377838], [74.1060399, 34.0376122], [74.1060689, 34.0374128], [74.1062544, 34.0370245], [74.1064137, 34.0370356], [74.106501, 34.0371014], [74.106542, 34.0371784], [74.106636, 34.037265], [74.1068835, 34.0373037], [74.1069774, 34.0373932], [74.1073747, 34.0375665], [74.1075619, 34.0376074], [74.1077715, 34.0375898], [74.1079232, 34.0376243], [74.1081377, 34.0377096], [74.1083198, 34.037818], [74.1083649, 34.0378627], [74.1084322, 34.0380312], [74.1084944, 34.0381084], [74.1086343, 34.0381897], [74.1088662, 34.0382664], [74.1089219, 34.0383112], [74.1089564, 34.0383528], [74.1090781, 34.0388096], [74.109209, 34.0389846], [74.1093765, 34.0390985], [74.1095981, 34.0391602], [74.1096715, 34.0392081], [74.1097842, 34.0394182], [74.1099197, 34.0395049], [74.1100142, 34.039559], [74.1102329, 34.0396061], [74.1103951, 34.0396407], [74.1105426, 34.0397044], [74.1106581, 34.0397707], [74.110815, 34.0398932], [74.1112215, 34.0401074], [74.1115513, 34.0402647], [74.1116288, 34.0402834], [74.111911, 34.0402345], [74.1123626, 34.0401558], [74.1124228, 34.0401596], [74.1127538, 34.0404255], [74.1131157, 34.0407416], [74.1131823, 34.0409479], [74.1133351, 34.0410938], [74.1135493, 34.041179], [74.1135948, 34.041206], [74.1137214, 34.0414189], [74.1138904, 34.041537], [74.1143193, 34.0416897], [74.1148275, 34.0419404], [74.1153076, 34.0421729], [74.1158631, 34.0423419], [74.116055, 34.0424707], [74.1162603, 34.0424618], [74.1169696, 34.0427003], [74.1170576, 34.0427191], [74.1172813, 34.0426695], [74.1174616, 34.0426632], [74.1177066, 34.042608], [74.1181069, 34.0426403], [74.1182801, 34.0426457], [74.118462, 34.0427538], [74.1185217, 34.0427751], [74.1186426, 34.0427388], [74.1187705, 34.0427113], [74.1188643, 34.042616], [74.1190568, 34.0425397], [74.1193213, 34.0424119], [74.1195757, 34.0424155], [74.1197163, 34.0424497], [74.1198001, 34.0424977], [74.1198748, 34.0426422], [74.1199535, 34.0429418], [74.1200526, 34.0431042], [74.1202484, 34.0432065], [74.120382, 34.0432376], [74.1207012, 34.0431719], [74.1210011, 34.0431819], [74.1210642, 34.0432062], [74.1211337, 34.0432599], [74.1212815, 34.0432824], [74.1213408, 34.0433154], [74.1213392, 34.0433973], [74.1213702, 34.0435127], [74.1214612, 34.0435491], [74.1218372, 34.0435505], [74.1218964, 34.0435894], [74.1219374, 34.0436543], [74.1222365, 34.0436975], [74.1224771, 34.0436618], [74.1226075, 34.0436636], [74.1228165, 34.0436227], [74.1228553, 34.0436203], [74.1230095, 34.0436751], [74.1231332, 34.0436651], [74.123213, 34.0437364], [74.12326, 34.043857], [74.1234024, 34.043953], [74.123769, 34.0441838], [74.1240835, 34.0443315], [74.1244344, 34.0444181], [74.1247058, 34.0444248], [74.1250661, 34.044377], [74.1253687, 34.0443811], [74.1256069, 34.0444339], [74.1258665, 34.0445743], [74.1260059, 34.0446463], [74.1260835, 34.0446386], [74.1261865, 34.0445991], [74.1262215, 34.0446084], [74.1263035, 34.0447351], [74.1264002, 34.0448357], [74.1264703, 34.0448542], [74.1265514, 34.0448465], [74.1267186, 34.0447554], [74.1268178, 34.0447217], [74.1269549, 34.0447323], [74.1271261, 34.0448019], [74.127349, 34.0449305], [74.1275224, 34.0450619], [74.1276161, 34.0451333], [74.1277459, 34.0451584], [74.1278804, 34.0451194], [74.1280192, 34.0450454], [74.1281309, 34.0449068], [74.1282053, 34.0448845], [74.1282722, 34.0448796], [74.1283839, 34.0449278], [74.1284461, 34.0449871], [74.1284589, 34.0450544], [74.1284266, 34.0452292], [74.1284284, 34.0453139], [74.1284862, 34.0454168], [74.1286421, 34.0455445], [74.1287657, 34.045698], [74.1287849, 34.0457945], [74.1287656, 34.0458759], [74.1287036, 34.045983], [74.1286527, 34.0460611], [74.1286543, 34.0461544], [74.1287023, 34.0462222], [74.1288102, 34.0462791], [74.1289576, 34.0463015], [74.1291198, 34.0462921], [74.1293377, 34.0463068], [74.1295619, 34.0463595], [74.1296711, 34.0463552], [74.1297522, 34.0463446], [74.1298359, 34.0463866], [74.1299988, 34.0465084], [74.130099, 34.0465973], [74.1302355, 34.0466342], [74.1303679, 34.0466522], [74.130606, 34.0466316], [74.1307195, 34.0465438], [74.1308212, 34.0465004], [74.1309001, 34.0465134], [74.1310485, 34.0466437], [74.1311991, 34.0466696], [74.1316677, 34.0468377], [74.13191, 34.0468731], [74.1320902, 34.0468435], [74.1326897, 34.0469566], [74.1328914, 34.0468952], [74.1331713, 34.046794], [74.1332605, 34.0467311], [74.1333928, 34.0466222], [74.1335206, 34.0465539], [74.1336724, 34.0465181], [74.1338381, 34.0464912], [74.1339967, 34.0464643], [74.13405, 34.046433], [74.1340862, 34.0463723], [74.1341224, 34.0463145], [74.1342282, 34.0462927], [74.1343015, 34.0463228], [74.1344306, 34.0464], [74.1349299, 34.0465672], [74.1351761, 34.0465676], [74.135306, 34.0465723], [74.1354791, 34.046531], [74.1356279, 34.0464718], [74.1358357, 34.0464514], [74.1358884, 34.046455], [74.1360017, 34.0464129], [74.1361858, 34.0463425], [74.1363004, 34.0463225], [74.1364167, 34.0463124], [74.1365529, 34.046355], [74.1367165, 34.046433], [74.1368844, 34.0464732], [74.1370885, 34.0464613], [74.1372644, 34.046455], [74.1374352, 34.0465186], [74.1376146, 34.0465094], [74.137753, 34.0464471], [74.1380553, 34.0466087], [74.1383961, 34.0466104], [74.1385592, 34.0465368], [74.1387442, 34.0464226], [74.1389531, 34.0463293], [74.139046, 34.046246], [74.139114, 34.04618], [74.1393427, 34.0461423], [74.1395365, 34.0461013], [74.1397254, 34.0461272], [74.1398699, 34.0460972], [74.1399516, 34.0460372], [74.140297, 34.0459548], [74.1403049, 34.0459084], [74.140267, 34.0458701], [74.1402713, 34.0458265], [74.1403393, 34.045746], [74.140429, 34.0456455], [74.1404974, 34.0455506], [74.1406016, 34.0454155], [74.1406327, 34.0452503], [74.1407892, 34.0451247], [74.1408992, 34.0450479], [74.1409874, 34.0450142], [74.1411096, 34.0450421], [74.1412012, 34.0450232], [74.1412973, 34.0449576], [74.1415192, 34.044917], [74.1417312, 34.0448385], [74.1420094, 34.0447726], [74.142139, 34.0447773], [74.142231, 34.044732], [74.1423825, 34.0446905], [74.1425153, 34.0447039], [74.1426267, 34.0447374], [74.142699, 34.0448022], [74.1427571, 34.0448697], [74.1428146, 34.0449721], [74.1428821, 34.0450979], [74.1429407, 34.0451422], [74.1430283, 34.0451405], [74.1431481, 34.0451043], [74.1432438, 34.0450418], [74.1433222, 34.0449731], [74.1434347, 34.0449485], [74.1435988, 34.0449652], [74.1436761, 34.0449518], [74.1437775, 34.0449532], [74.1438756, 34.0449487], [74.1439677, 34.044892], [74.1441264, 34.0446504], [74.1444018, 34.0443265], [74.1444476, 34.0443068], [74.1446019, 34.0442916], [74.1446792, 34.0442724], [74.144789, 34.0441956], [74.144839, 34.0441354], [74.1450128, 34.0440075], [74.1451584, 34.0438907], [74.1451993, 34.0438211], [74.1452082, 34.0435839], [74.1452896, 34.0434755], [74.1454501, 34.0433682], [74.1456498, 34.0432871], [74.1457241, 34.0433137], [74.1458577, 34.0432352], [74.1458852, 34.0431772], [74.146233, 34.0428906], [74.1465876, 34.042748], [74.14676, 34.0426095], [74.1471112, 34.0423109], [74.1474396, 34.0419243], [74.1476726, 34.0441433], [74.1471576, 34.0468636], [74.1462135, 34.0482859], [74.1417932, 34.0502771], [74.1379308, 34.0522328], [74.1357421, 34.0530506], [74.1348838, 34.0546506], [74.1368579, 34.056535], [74.1390466, 34.0569617], [74.1416645, 34.058846], [74.1434669, 34.060517], [74.1441536, 34.0630413], [74.1438102, 34.0657076], [74.1381454, 34.0731374], [74.1332531, 34.0778296], [74.1276741, 34.082486], [74.1251421, 34.084512], [74.120078, 34.0867156], [74.1123104, 34.0877463], [74.1054868, 34.0861114], [74.0986633, 34.0854005], [74.0879774, 34.0846186], [74.082098, 34.0834457], [74.0755319, 34.0803533], [74.0731287, 34.0793225], [74.0697383, 34.0780784], [74.0669059, 34.0783628], [74.0617132, 34.0782562], [74.0527653, 34.076781], [74.0496969, 34.0763544], [74.0480876, 34.0760701], [74.0460276, 34.0755191], [74.0437746, 34.0744349], [74.0416717, 34.0732441], [74.0405345, 34.0729419], [74.0396118, 34.0736173], [74.0398264, 34.0746482], [74.0407491, 34.0759279], [74.0411138, 34.076781], [74.0392899, 34.0779896], [74.0378737, 34.0779718], [74.0368223, 34.0785227], [74.0366077, 34.0793225], [74.0370583, 34.0804244], [74.0378523, 34.0812419], [74.0396547, 34.0820594], [74.0419721, 34.0822194], [74.0448904, 34.0842098], [74.0452337, 34.0849029], [74.0453625, 34.0857559], [74.0459847, 34.0866623], [74.0470361, 34.0876752], [74.0500831, 34.08963], [74.0514779, 34.0899676], [74.0530872, 34.0904652], [74.0537524, 34.0908028], [74.0543103, 34.0920823], [74.0544176, 34.0932906], [74.0551686, 34.0945167], [74.05622, 34.0954052], [74.0583229, 34.0962048], [74.061048, 34.0976441], [74.0631079, 34.0990478], [74.0635371, 34.1011267], [74.0639019, 34.1020684], [74.0642881, 34.1027435], [74.0660906, 34.1035609], [74.0657902, 34.1042716], [74.0642881, 34.1048934], [74.0625071, 34.1058884], [74.0609407, 34.1075407], [74.0571642, 34.1110406], [74.0531301, 34.1142384], [74.0515637, 34.1154998], [74.0506196, 34.1168499], [74.0502333, 34.1176493], [74.0507269, 34.1183954], [74.0513706, 34.1187152], [74.052701, 34.1186264], [74.0549969, 34.118129], [74.0578079, 34.1169743], [74.062314, 34.1148247], [74.0634513, 34.1145405], [74.0645242, 34.1143273], [74.0654683, 34.1142917], [74.0662408, 34.1147892], [74.0666055, 34.1157662], [74.0665197, 34.1173651], [74.0673566, 34.1178092], [74.0683007, 34.1176671], [74.0690517, 34.1170808], [74.070704, 34.1177737], [74.0725279, 34.1183421], [74.0740084, 34.1189106], [74.0755105, 34.119479], [74.076519, 34.1196389], [74.078815, 34.1198698], [74.0814328, 34.1223035], [74.0844798, 34.1237246], [74.0854883, 34.1241686], [74.0864324, 34.1243818], [74.0878272, 34.1248259], [74.0909815, 34.1251279], [74.095037, 34.123689], [74.0962171, 34.1224278], [74.0966248, 34.1216462], [74.0981054, 34.1212377], [74.099586, 34.1211666], [74.1023111, 34.1200653], [74.1046285, 34.1189283], [74.1069031, 34.1225344], [74.1081047, 34.1235469], [74.1093278, 34.1242042], [74.1120314, 34.1247015], [74.112997, 34.12527], [74.1136193, 34.1261936], [74.1141772, 34.1272239], [74.1140699, 34.1283074], [74.1141343, 34.130421], [74.114263, 34.1317177], [74.1155934, 34.1335116], [74.1147351, 34.1341154], [74.1136193, 34.1350212], [74.1123962, 34.1358915], [74.1120958, 34.1368684], [74.1121387, 34.1398343], [74.1095423, 34.1400829], [74.1078043, 34.1400474], [74.1053581, 34.1408821], [74.1041136, 34.1416636], [74.1032982, 34.1423384], [74.1025257, 34.1434928], [74.101367, 34.1438479], [74.099822, 34.1435993], [74.0992641, 34.142889], [74.0968823, 34.1414149], [74.0928697, 34.1404381], [74.088192, 34.1378985], [74.0861535, 34.1363178], [74.0839648, 34.1361047], [74.082849, 34.1360158], [74.0819478, 34.1351989], [74.0809822, 34.1343996], [74.0807462, 34.1336181], [74.0813684, 34.1323926], [74.0819692, 34.1312736], [74.0825486, 34.1297106], [74.0827417, 34.1290179], [74.0825915, 34.1285383], [74.0817117, 34.1279521], [74.0799308, 34.1278278], [74.0786433, 34.128858], [74.0761971, 34.13154], [74.0742445, 34.1333872], [74.0714335, 34.1374189], [74.0682578, 34.1422851], [74.0671849, 34.1440611], [74.0666485, 34.1448424], [74.0656829, 34.1457304], [74.0648675, 34.1466361], [74.0639019, 34.1479679], [74.0631294, 34.1493531], [74.0619278, 34.1501877], [74.0609836, 34.1495306], [74.0602541, 34.1478792], [74.0593529, 34.1401007], [74.0588808, 34.1370992], [74.0587306, 34.1357139], [74.0583658, 34.1341154], [74.0580654, 34.1328011], [74.0583229, 34.1314868], [74.0587091, 34.1305454], [74.058752, 34.1296395], [74.0581512, 34.1286448], [74.0570354, 34.1283606], [74.0560055, 34.1291067], [74.0555978, 34.129604], [74.0555548, 34.1309184], [74.055469, 34.1349324], [74.0567565, 34.1374189], [74.0569711, 34.1386089], [74.0568423, 34.1396212], [74.0564775, 34.140669], [74.0554261, 34.1421431], [74.0549755, 34.1435993], [74.0550184, 34.1463875], [74.0565634, 34.1493708], [74.0578937, 34.1515728], [74.0579152, 34.1524429], [74.0575933, 34.1533485], [74.05725, 34.1543074], [74.0565419, 34.1553017], [74.0559625, 34.1558167], [74.054718, 34.1565269], [74.0532374, 34.1565625], [74.051907, 34.1546625], [74.0493321, 34.1495662], [74.048903, 34.1491045], [74.0481734, 34.1480567], [74.0467787, 34.1476661], [74.0452122, 34.1479147], [74.0440964, 34.1482698], [74.0430879, 34.1490512], [74.0422725, 34.1510933], [74.041307, 34.1529401], [74.0392685, 34.1537392], [74.0380668, 34.1540765], [74.0368867, 34.1541298], [74.0351271, 34.1537569], [74.0333891, 34.1536326], [74.0327453, 34.1548578], [74.0324235, 34.1564559], [74.0321874, 34.1576278], [74.0323376, 34.1586399], [74.0334964, 34.159581], [74.033947, 34.1597053], [74.0360713, 34.159652], [74.0365219, 34.1603267], [74.0361142, 34.1614808], [74.0342903, 34.1642861], [74.0337753, 34.164002], [74.0322518, 34.1629368], [74.0314364, 34.1619602], [74.0307712, 34.1617294], [74.0295267, 34.1615696], [74.0284538, 34.1618182], [74.0275097, 34.1607706], [74.027102, 34.1575568], [74.0268659, 34.1532775], [74.0271449, 34.1493531], [74.0286898, 34.1466893], [74.0318656, 34.1444162], [74.0350628, 34.1409354], [74.0368438, 34.1377564], [74.0378952, 34.1347193], [74.039011, 34.1323038], [74.0393328, 34.131096], [74.0397405, 34.1292665], [74.0400409, 34.1275613], [74.0389681, 34.1268508], [74.037745, 34.1263357], [74.0352559, 34.1264423], [74.0335178, 34.1269752], [74.0312433, 34.12781], [74.0294409, 34.128929], [74.0277028, 34.1303322], [74.0271449, 34.1306697], [74.0239692, 34.129977], [74.0196562, 34.1308473], [74.0129614, 34.1323215], [74.0012026, 34.1351633], [73.9942932, 34.1369394], [73.9804101, 34.1403671], [73.9721489, 34.1428712], [73.9656257, 34.1452331], [73.9594245, 34.1472043], [73.9536254, 34.1479357], [73.9448772, 34.1424865], [73.9450772, 34.1422597], [73.9455351, 34.1419153], [73.9459664, 34.1417279], [73.9465395, 34.1416408], [73.9468707, 34.1415319], [73.9472228, 34.1414753], [73.947475, 34.141471], [73.9477901, 34.1412969], [73.9474086, 34.1359393], [73.9466011, 34.135988], [73.9462119, 34.1359472], [73.9453215, 34.135997], [73.9449543, 34.1359593], [73.9442611, 34.1359732], [73.9439275, 34.1359272], [73.943706, 34.1358096], [73.9435702, 34.1357407], [73.9432972, 34.135735], [73.9430058, 34.1356944], [73.9426253, 34.1354786], [73.942331, 34.1353088], [73.9418804, 34.1352747], [73.941342, 34.1351313], [73.9411389, 34.1351311], [73.9409405, 34.134847], [73.9408105, 34.134859], [73.9404837, 34.1346867], [73.9402955, 34.1340737], [73.9401598, 34.1337686], [73.9400125, 34.1336013], [73.9398311, 34.1334526], [73.9395031, 34.1332974], [73.939238, 34.1330147], [73.9390951, 34.1328437], [73.9389572, 34.1327778], [73.9387059, 34.1327563], [73.9384386, 34.1327593], [73.9381965, 34.1327161], [73.9380752, 34.1326823], [73.9375992, 34.1325861], [73.9372904, 34.1324573], [73.9367167, 34.1323232], [73.9363236, 34.132287], [73.9358371, 34.1321732], [73.935311, 34.1320726], [73.9351137, 34.1320072], [73.9349138, 34.1319824], [73.9345827, 34.1319564], [73.9344313, 34.1319094], [73.9342091, 34.1317546], [73.9340704, 34.1316911], [73.9338393, 34.1315987], [73.9334524, 34.1314184], [73.9332377, 34.1313339], [73.9330662, 34.1312977], [73.9328421, 34.1312621], [73.9327263, 34.1312199], [73.9326323, 34.1311094], [73.932473, 34.1310268], [73.9323412, 34.130985], [73.9322156, 34.1309321], [73.9321289, 34.1308516], [73.9320166, 34.1308094], [73.9318586, 34.1307894], [73.9317991, 34.1307711], [73.9316723, 34.1306475], [73.9315817, 34.130537], [73.9314591, 34.1304786], [73.9313146, 34.1302925], [73.9312203, 34.1301521], [73.9311402, 34.1300877], [73.9309927, 34.1299151], [73.930903, 34.1298671], [73.9307277, 34.1298146], [73.9306045, 34.1297288], [73.9305174, 34.1296372], [73.930398, 34.1295786], [73.9301162, 34.1294699], [73.9298184, 34.1292347], [73.9294058, 34.1289732], [73.929138, 34.1288318], [73.928809, 34.1286704], [73.9286633, 34.1286498], [73.9283632, 34.1285313], [73.9281899, 34.1284812], [73.9280133, 34.1284579], [73.9268231, 34.1274427], [73.9268189, 34.1273946], [73.9268044, 34.1273494], [73.9267731, 34.1273158], [73.9267616, 34.1272422], [73.9267696, 34.1271889], [73.926776, 34.1270915], [73.9268243, 34.1270116], [73.9268278, 34.1268759], [73.9267989, 34.126797], [73.9267865, 34.1267102], [73.9267653, 34.126654], [73.9267299, 34.1266285], [73.9267091, 34.1266013], [73.9267138, 34.1265463], [73.9267501, 34.1265124], [73.9267584, 34.1264589], [73.9267485, 34.1264147], [73.9267665, 34.1263871], [73.9267769, 34.1263473], [73.9267722, 34.1262817], [73.9267583, 34.1262335], [73.926758, 34.1262137], [73.9268512, 34.1261669], [73.9268669, 34.1261103], [73.9269068, 34.1260701], [73.926928, 34.1260134], [73.9269645, 34.1259917], [73.9269972, 34.1259638], [73.9269982, 34.1259119], [73.927023, 34.1258521], [73.9270825, 34.1257644], [73.9270873, 34.1257201], [73.9270814, 34.1256301], [73.9270578, 34.1255373], [73.9270367, 34.1254872], [73.9270249, 34.1254446], [73.9270353, 34.1254063], [73.9270605, 34.1253648], [73.9270869, 34.1252882], [73.9271059, 34.1252116], [73.9271326, 34.1251533], [73.927158, 34.1251271], [73.9271947, 34.1251144], [73.9272417, 34.1250544], [73.9272465, 34.12501], [73.9272106, 34.12496], [73.9271449, 34.124889], [73.9270858, 34.124769], [73.9270571, 34.1246673], [73.9270018, 34.1245504], [73.9270033, 34.1244175], [73.9270208, 34.1242447], [73.9270171, 34.1241317], [73.92705, 34.1239937], [73.9270914, 34.1239322], [73.9271045, 34.1238266], [73.9271116, 34.123695], [73.9270829, 34.1236342], [73.9270125, 34.1235938], [73.9269842, 34.1235575], [73.9269709, 34.123417], [73.9269548, 34.1233408], [73.9269112, 34.1232725], [73.9268756, 34.1232392], [73.9268636, 34.1231797], [73.926877, 34.123097], [73.926845, 34.1229506], [73.9268731, 34.1228601], [73.9268554, 34.122793], [73.9268546, 34.1227471], [73.9268516, 34.1226737], [73.9268118, 34.122616], [73.926779, 34.1225322], [73.9267627, 34.1224375], [73.9267881, 34.1224066], [73.9268446, 34.1223601], [73.926843, 34.1223087], [73.9268164, 34.1222662], [73.9268193, 34.1222218], [73.9268677, 34.122131], [73.9269738, 34.122061], [73.9270493, 34.1219331], [73.9270895, 34.1219005], [73.9270878, 34.1217996], [73.9270592, 34.1217494], [73.9270592, 34.1216315], [73.9270459, 34.1216148], [73.9270602, 34.121584], [73.9271444, 34.1215311], [73.9271853, 34.1214311], [73.9272373, 34.1213326], [73.9272345, 34.1212759], [73.9271798, 34.1211718], [73.9271916, 34.1211131], [73.9272476, 34.1210788], [73.9273132, 34.121023], [73.9273647, 34.1208877], [73.9272944, 34.1207645], [73.9272891, 34.1206666], [73.9273307, 34.120611], [73.9273736, 34.1205216], [73.9274741, 34.1204393], [73.9275613, 34.1203388], [73.9275177, 34.1202749], [73.9275069, 34.1201769], [73.9275516, 34.1201082], [73.9276064, 34.1200662], [73.9277166, 34.1200114], [73.9277666, 34.119902], [73.9278966, 34.1198194], [73.9279102, 34.1197457], [73.9279793, 34.1196729], [73.9280596, 34.1196], [73.928118, 34.1195441], [73.9282429, 34.1194799], [73.928305, 34.1194255], [73.928297, 34.1193857], [73.928234, 34.1193617], [73.9281718, 34.1192918], [73.9282098, 34.1192408], [73.9282418, 34.1191562], [73.9283626, 34.119069], [73.9284091, 34.1190107], [73.9285314, 34.1188601], [73.9285512, 34.1187659], [73.9285913, 34.1187271], [73.9286469, 34.1186176], [73.9286982, 34.1185818], [73.9287746, 34.1184951], [73.9287588, 34.1184324], [73.9287247, 34.1183883], [73.9286897, 34.118289], [73.9286105, 34.1181343], [73.9286785, 34.1180952], [73.9287168, 34.1180579], [73.9287103, 34.1180012], [73.9286782, 34.1179617], [73.9286584, 34.1178837], [73.9286991, 34.1177666], [73.92869, 34.1176608], [73.9287304, 34.1175824], [73.9287324, 34.1175065], [73.9288096, 34.1173568], [73.9288365, 34.1172997], [73.9288414, 34.1172566], [73.9288276, 34.1172107], [73.9288068, 34.1171848], [73.9288065, 34.1171649], [73.9288515, 34.1170799], [73.928849, 34.117043], [73.9288041, 34.117019], [73.9287755, 34.1169717], [73.9288246, 34.1169112], [73.9288511, 34.1168279], [73.9288459, 34.1167372], [73.9288616, 34.1166821], [73.928932, 34.1165615], [73.9290126, 34.116493], [73.9290639, 34.1164479], [73.9291002, 34.1163952], [73.9291261, 34.1162796], [73.9291526, 34.1160825], [73.929224, 34.1159033], [73.929245, 34.1157109], [73.929242, 34.1156384], [73.9292169, 34.1155818], [73.9291643, 34.115547], [73.9291517, 34.1154549], [73.9292079, 34.1153728], [73.9291707, 34.1152548], [73.929192, 34.1151945], [73.9292111, 34.1151112], [73.9292141, 34.1149528], [73.9292026, 34.1148191], [73.9291701, 34.1147609], [73.9290385, 34.1146639], [73.9289473, 34.1145751], [73.9289406, 34.114506], [73.928969, 34.1144226], [73.9289213, 34.1143535], [73.928862, 34.1143359], [73.928741, 34.114277], [73.9286793, 34.1141827], [73.9287127, 34.1140946], [73.9286946, 34.1140056], [73.9287219, 34.1137858], [73.9286715, 34.1137055], [73.9286269, 34.1136391], [73.9286238, 34.1135859], [73.9286414, 34.1134838], [73.9286732, 34.1133824], [73.9286668, 34.113348], [73.9286589, 34.1132999], [73.9287113, 34.1131886], [73.928761, 34.1131149], [73.9288155, 34.1130448], [73.9288698, 34.1129851], [73.9289016, 34.112883], [73.9289322, 34.1128242], [73.9289393, 34.1128041], [73.9289201, 34.1127642], [73.9289059, 34.1126951], [73.9288757, 34.1126677], [73.928868, 34.1126358], [73.9288797, 34.1126024], [73.9288598, 34.1125475], [73.9288591, 34.1125201], [73.9288256, 34.1124993], [73.9287731, 34.1124615], [73.9287146, 34.1124036], [73.9286691, 34.1123709], [73.9286294, 34.1123665], [73.9285659, 34.1123766], [73.9285356, 34.1123683], [73.9285052, 34.1123286], [73.928475, 34.1123043], [73.9284376, 34.1122893], [73.9284146, 34.112251], [73.9283967, 34.1121803], [73.9283638, 34.112102], [73.928348, 34.1120513], [73.9283472, 34.1119988], [73.9283148, 34.1119529], [73.9282575, 34.1118718], [73.9282153, 34.1117936], [73.9282293, 34.111741], [73.9282512, 34.1117114], [73.9283032, 34.1116759], [73.9283417, 34.111637], [73.9283795, 34.1115579], [73.9283825, 34.1115116], [73.9283294, 34.1114597], [73.9282975, 34.1114431], [73.9282822, 34.1114201], [73.9282778, 34.111377], [73.9283143, 34.1113349], [73.928403, 34.1112861], [73.9284755, 34.1111618], [73.9284665, 34.1110678], [73.92841, 34.1109675], [73.9284042, 34.1109033], [73.928401, 34.1108231], [73.9283621, 34.1107217], [73.9283796, 34.1106551], [73.9283524, 34.110533], [73.9282726, 34.1104091], [73.928254, 34.1103258], [73.928238, 34.110258], [73.9282909, 34.1101879], [73.9282828, 34.1101525], [73.9282449, 34.1101159], [73.9282426, 34.1100897], [73.9282508, 34.1100171], [73.9282058, 34.1098879], [73.9281626, 34.109843], [73.9281192, 34.1098172], [73.9280825, 34.1097977], [73.9280458, 34.1097355], [73.9280281, 34.1096897], [73.9279782, 34.1096293], [73.9278878, 34.1096012], [73.927833, 34.109557], [73.9277817, 34.1095066], [73.9276857, 34.1094982], [73.9276264, 34.109482], [73.9275849, 34.1094546], [73.9275156, 34.1093317], [73.9274772, 34.109256], [73.9274205, 34.109237], [73.9273786, 34.1092204], [73.9273249, 34.1091153], [73.9272372, 34.1090055], [73.927216, 34.1089568], [73.9271348, 34.1088277], [73.927066, 34.1087907], [73.9270318, 34.1087126], [73.926927, 34.1086968], [73.9268794, 34.1086448], [73.9267935, 34.1086396], [73.926802, 34.1085915], [73.9267747, 34.1085223], [73.9267637, 34.1084188], [73.9267039, 34.1083035], [73.9267092, 34.1080591], [73.9267773, 34.1080053], [73.9268011, 34.107883], [73.9268415, 34.1078183], [73.9268506, 34.1077453], [73.9267736, 34.1076198], [73.9266981, 34.107583], [73.9266977, 34.1074749], [73.9267656, 34.1074484], [73.9267406, 34.1073416], [73.9266089, 34.1072004], [73.9265453, 34.1071069], [73.9265304, 34.1069828], [73.9265599, 34.1068861], [73.9265218, 34.1067665], [73.9264921, 34.106694], [73.9264697, 34.1065871], [73.9263979, 34.1064658], [73.9262967, 34.1064049], [73.9261906, 34.1062987], [73.9259671, 34.1059345], [73.9260316, 34.1058332], [73.9259636, 34.105642], [73.9259134, 34.1055412], [73.9259246, 34.1054052], [73.9258761, 34.10535], [73.9258196, 34.1051709], [73.9258534, 34.1050329], [73.9257554, 34.1048065], [73.9257524, 34.1046878], [73.9257962, 34.1045239], [73.9258697, 34.1044698], [73.9260039, 34.1041993], [73.9261962, 34.1040027], [73.9263353, 34.1038233], [73.9265222, 34.1035196], [73.9265974, 34.1034642], [73.9266663, 34.103372], [73.9266279, 34.1033117], [73.9265768, 34.1032646], [73.9265257, 34.1032645], [73.9265282, 34.1032113], [73.9264496, 34.1031569], [73.9263794, 34.1031704], [73.9263396, 34.1031235], [73.9263764, 34.1030925], [73.9263222, 34.103036], [73.9262541, 34.1031078], [73.9261363, 34.1030149], [73.9260916, 34.1030341], [73.9259602, 34.1029891], [73.9257994, 34.1029522], [73.9256273, 34.1029373], [73.9255716, 34.1028872], [73.9255034, 34.1028828], [73.9253902, 34.1028987], [73.9253225, 34.1029382], [73.9252324, 34.1029454], [73.9250012, 34.1029765], [73.9248195, 34.1030247], [73.9245484, 34.1030448], [73.9244856, 34.1030222], [73.9243226, 34.1030523], [73.924173, 34.1029669], [73.9241211, 34.1029599], [73.9240607, 34.1029715], [73.9239905, 34.1029386], [73.9237562, 34.1029943], [73.9236998, 34.1029479], [73.9236185, 34.1029619], [73.9235218, 34.1029264], [73.923415, 34.1029428], [73.9232326, 34.1028693], [73.923075, 34.1029186], [73.9229005, 34.1027843], [73.9228362, 34.1028255], [73.9226924, 34.1028369], [73.9226892, 34.1027979], [73.922612, 34.1027372], [73.9224389, 34.1027066], [73.9223266, 34.1027177], [73.9222388, 34.1027421], [73.9221997, 34.1027049], [73.9219771, 34.1026986], [73.9218384, 34.1027247], [73.9217768, 34.1027577], [73.9216809, 34.1027844], [73.921584, 34.1028114], [73.9215421, 34.1028617], [73.9215053, 34.1028571], [73.9213821, 34.1029023], [73.9213381, 34.1029352], [73.9210759, 34.1030537], [73.9209338, 34.1031301], [73.9208104, 34.1032655], [73.9205735, 34.1034594], [73.9203238, 34.1036938], [73.9200008, 34.1040969], [73.9195819, 34.1045789], [73.9193446, 34.1048924], [73.9191692, 34.1050593], [73.9189896, 34.1051704], [73.918792, 34.1053113], [73.9186115, 34.1053664], [73.9184186, 34.1054518], [73.9182438, 34.1055434], [73.9180198, 34.1055906], [73.9178698, 34.1056734], [73.9175051, 34.1057471], [73.9173467, 34.1057445], [73.9171926, 34.1056872], [73.9167638, 34.1056676], [73.9164228, 34.1056063], [73.9160681, 34.1055625], [73.9157971, 34.1055847], [73.9157639, 34.1055326], [73.9155599, 34.1055439], [73.9154097, 34.105544], [73.9151482, 34.1054791], [73.9147467, 34.1053479], [73.9143259, 34.1051872], [73.914063, 34.1051015], [73.9136409, 34.1050551], [73.9133629, 34.1050185], [73.9130009, 34.1050127], [73.9125185, 34.1050349], [73.9118533, 34.1050562], [73.9113743, 34.1050566], [73.9103153, 34.1051494], [73.9097866, 34.1052226], [73.909004, 34.105424], [73.9086919, 34.1055675], [73.9082443, 34.1057898], [73.907627, 34.1061142], [73.907404, 34.1062542], [73.907242, 34.1063324], [73.9068023, 34.1065417], [73.9060193, 34.1068587], [73.9058002, 34.1065225], [73.9055915, 34.1063183], [73.9055051, 34.1061329], [73.9053897, 34.1059616], [73.9053634, 34.1058284], [73.905354, 34.1056861], [73.9052272, 34.1054961], [73.9051008, 34.1054289], [73.9049674, 34.1053892], [73.9048594, 34.1052891], [73.904686, 34.1050245], [73.9045882, 34.1046407], [73.9046444, 34.1045456], [73.9046499, 34.1042978], [73.9047194, 34.1036727], [73.9047328, 34.1035521], [73.9047012, 34.1033245], [73.9047092, 34.1031523], [73.9046963, 34.1030301], [73.9046871, 34.1028671], [73.9046831, 34.1027995], [73.9047024, 34.1025943], [73.9047045, 34.1024343], [73.9047037, 34.1022974], [73.9047108, 34.1019703], [73.9046371, 34.1016783], [73.9045642, 34.1013881], [73.9044482, 34.1012483], [73.9043974, 34.1010907], [73.9043074, 34.1009938], [73.9043096, 34.1009146], [73.9042465, 34.1008379], [73.9041963, 34.1006857], [73.9042373, 34.1006045], [73.9043576, 34.1005234], [73.9045044, 34.1004185], [73.9046119, 34.1003315], [73.9048752, 34.1001919], [73.9051145, 34.1000416], [73.9052953, 34.0998202], [73.9053517, 34.0996813], [73.9052792, 34.09943], [73.9052253, 34.0993237], [73.9051997, 34.099266], [73.9050314, 34.0991823], [73.9049288, 34.0991046], [73.9048246, 34.0985084], [73.90485, 34.0983777], [73.9051291, 34.0981841], [73.9051579, 34.0980451], [73.9050239, 34.0978317], [73.9048485, 34.0968747], [73.904625, 34.0965057], [73.9045385, 34.0961522], [73.9045824, 34.0957914], [73.9044709, 34.0955931], [73.9044369, 34.0951441], [73.9042814, 34.094995], [73.9038613, 34.0949164], [73.9035795, 34.0947623], [73.9034699, 34.0946496], [73.9034555, 34.0943181], [73.9037286, 34.0937648], [73.90398, 34.0935739], [73.90433, 34.0934413], [73.9045185, 34.0933039], [73.9046915, 34.0930681], [73.9047024, 34.0929337], [73.9046149, 34.0928069], [73.9044433, 34.0925251], [73.9042264, 34.0924325], [73.9039558, 34.0923552], [73.9038423, 34.0923677], [73.9036638, 34.0925232], [73.9035507, 34.0925496], [73.903307, 34.0924301], [73.903067, 34.0923956], [73.9029044, 34.0923386], [73.9025515, 34.0921686], [73.9023967, 34.092164], [73.9020834, 34.0921908], [73.901939, 34.0921493], [73.9017546, 34.0919233], [73.9017218, 34.0916714], [73.901751, 34.0915487], [73.9018539, 34.0913873], [73.9019808, 34.0912554], [73.9020864, 34.0909325], [73.9021921, 34.0908313], [73.9022803, 34.0907731], [73.9023892, 34.0907432], [73.9025134, 34.0906795], [73.9025486, 34.0905781], [73.9024818, 34.0904905], [73.9022272, 34.0903662], [73.9020386, 34.0903422], [73.9018706, 34.0901517], [73.9017764, 34.0898283], [73.9015112, 34.0896667], [73.9011808, 34.0892643], [73.9010944, 34.0890652], [73.9011222, 34.0888642], [73.901387, 34.0886258], [73.9015465, 34.0885683], [73.9018581, 34.088552], [73.9020957, 34.0884543], [73.9022408, 34.0883919], [73.9024298, 34.0882313], [73.9024476, 34.0881645], [73.9024038, 34.0880879], [73.9022253, 34.0879672], [73.9021689, 34.0878694], [73.9022114, 34.0877169], [73.9022993, 34.0875525], [73.9023378, 34.0874693], [73.902451, 34.0873968], [73.9024725, 34.0873428], [73.9024843, 34.0871941], [73.9025921, 34.0869099], [73.9027277, 34.0868006], [73.9031854, 34.086454], [73.9034706, 34.086105], [73.9036926, 34.0857546], [73.9038451, 34.0854485], [73.9040268, 34.0853264], [73.904366, 34.0852858], [73.9047611, 34.0852298], [73.9052378, 34.0852275], [73.9056867, 34.0851695], [73.9059893, 34.0850791], [73.9061224, 34.0849693], [73.9062564, 34.0847566], [73.9064954, 34.0844117], [73.9068248, 34.0839233], [73.9070849, 34.0835194], [73.9072605, 34.0831739], [73.9074123, 34.0829077], [73.9075201, 34.0826857], [73.9075495, 34.0824371], [73.9075013, 34.0822059], [73.9073581, 34.081847], [73.9072015, 34.0815906], [73.9067759, 34.0809922], [73.9067156, 34.0808872], [73.906668, 34.0807248], [73.9065691, 34.0804255], [73.9064367, 34.0797227], [73.9062875, 34.0788397], [73.906165, 34.0781971], [73.9059696, 34.0773798], [73.9056867, 34.0764142], [73.9054687, 34.0757599], [73.9052722, 34.0753503], [73.9050278, 34.0749782], [73.900963, 34.0735649], [73.9005905, 34.0733988], [73.900502, 34.0732935], [73.9003939, 34.0730387], [73.9002194, 34.0726561], [73.8999156, 34.0722108], [73.8998471, 34.0720077], [73.8998684, 34.0717221], [73.8998888, 34.0713572], [73.9001098, 34.0709999], [73.9002968, 34.0706816], [73.900542, 34.0703101], [73.9007183, 34.069953], [73.9007939, 34.0695571], [73.9007806, 34.0692509], [73.9006523, 34.0689627], [73.9003592, 34.0684755], [73.8999933, 34.0680487], [73.8993828, 34.0675048], [73.8984802, 34.0668848], [73.8980907, 34.066484], [73.8978225, 34.0660798], [73.8976909, 34.0657769], [73.8976471, 34.0655751], [73.8976179, 34.0653168], [73.8976036, 34.0649715], [73.897685, 34.0644873], [73.8978116, 34.0640133], [73.8978392, 34.0636928], [73.8978263, 34.0635009], [73.8977759, 34.0632116], [73.897686, 34.0629252], [73.8975277, 34.0625562], [73.8973034, 34.0621812], [73.8970323, 34.0617344], [73.8967482, 34.0612489], [73.8965799, 34.0608992], [73.8965276, 34.0607774], [73.8964783, 34.0606791], [73.89628, 34.0605108], [73.8961272, 34.0603537], [73.8961048, 34.0602873], [73.896111, 34.0602076], [73.8961116, 34.0601467], [73.8960535, 34.0600476], [73.8960753, 34.0599385], [73.8960722, 34.0598721], [73.8960277, 34.059783], [73.8961439, 34.0595628], [73.89623, 34.0593826], [73.8966328, 34.0591969], [73.8966516, 34.0586062], [73.8965205, 34.0580449], [73.896671, 34.0577442], [73.8972109, 34.0572626], [73.8971342, 34.0568035], [73.897493, 34.056195], [73.8974326, 34.0558697], [73.8975577, 34.0555946], [73.8975542, 34.0551959], [73.8976479, 34.0549872], [73.8976648, 34.0547148], [73.8977618, 34.0544163], [73.8980009, 34.0542198], [73.8981491, 34.0541371], [73.8985628, 34.0540696], [73.8990022, 34.0534768], [73.8990935, 34.0533727], [73.8991803, 34.0531684], [73.8993211, 34.0530569], [73.899439, 34.0530004], [73.8996069, 34.052979], [73.899683, 34.0529552], [73.8997653, 34.0528615], [73.8998906, 34.0522007], [73.8999559, 34.0519466], [73.8999562, 34.0516036], [73.9000164, 34.0514884], [73.9002478, 34.0512869], [73.9003365, 34.0511758], [73.9003074, 34.0509318], [73.9002103, 34.0507459], [73.8998363, 34.0501952]]]]}}, {"type": "Feature", "properties": {"tehsil": "Rafiabad", "district": "Baramulla"}, "geometry": {"type": "MultiPolygon", "coordinates": [[[[74.1407096, 34.243444], [74.1439818, 34.2426724], [74.1456126, 34.2426015], [74.1470718, 34.2422467], [74.1490459, 34.2404019], [74.150505, 34.2376346], [74.1522216, 34.2365702], [74.1541099, 34.2357897], [74.1573714, 34.2346544], [74.1627788, 34.2333061], [74.1699885, 34.2318869], [74.171791, 34.2302547], [74.1732501, 34.2277], [74.1750526, 34.2252872], [74.1774558, 34.2236549], [74.1808032, 34.2223774], [74.1835498, 34.2218806], [74.1868114, 34.2229452], [74.1924762, 34.2273452], [74.1984843, 34.2304676], [74.2006301, 34.2313192], [74.2044925, 34.2330932], [74.2070674, 34.2344415], [74.2104148, 34.2355059], [74.2129897, 34.235293], [74.2174529, 34.2341576], [74.2267226, 34.2343705], [74.23007, 34.2305386], [74.2354774, 34.2281968], [74.2384814, 34.225713], [74.2421722, 34.2252162], [74.2451762, 34.2223065], [74.2460345, 34.2224484], [74.2487811, 34.2245775], [74.2506694, 34.2251452], [74.2554759, 34.2258549], [74.2597674, 34.2268484], [74.2634582, 34.2274162], [74.2688655, 34.2274871], [74.2718696, 34.2264226], [74.273672, 34.2248613], [74.2747878, 34.2221645], [74.2769336, 34.2226613], [74.278736, 34.2238678], [74.2819976, 34.2233], [74.2838859, 34.2223774], [74.2864608, 34.2218806], [74.2900657, 34.223442], [74.2947005, 34.2257839], [74.2996787, 34.2275581], [74.3045711, 34.2287645], [74.3093776, 34.2288355], [74.3145274, 34.2277], [74.3195914, 34.2261388], [74.3243121, 34.2254291], [74.3287753, 34.2249323], [74.3332385, 34.2244355], [74.3397616, 34.2235839], [74.3414783, 34.2203193], [74.3424224, 34.2182611], [74.344139, 34.2161318], [74.3469714, 34.2145704], [74.3525504, 34.2140735], [74.3565416, 34.2170545], [74.3589019, 34.2193611], [74.3585157, 34.2211354], [74.3561554, 34.2231581], [74.3468856, 34.2287645], [74.3442248, 34.2307515], [74.339075, 34.2361445], [74.3330669, 34.2423177], [74.328947, 34.244801], [74.3245696, 34.2462909], [74.3209647, 34.2473552], [74.3140983, 34.2479228], [74.3099784, 34.2470004], [74.3059444, 34.2453686], [74.2993354, 34.2431691], [74.2958163, 34.2414662], [74.2929839, 34.2399762], [74.2913531, 34.2401181], [74.290409, 34.2413953], [74.2915248, 34.2435948], [74.2925548, 34.2462909], [74.2945289, 34.2498384], [74.2967605, 34.2540951], [74.2994212, 34.2573584], [74.3019103, 34.2600541], [74.3040561, 34.2630334], [74.306116, 34.2663674], [74.3093776, 34.2690628], [74.3110942, 34.2701267], [74.3128108, 34.2704104], [74.3165874, 34.2685663], [74.3183898, 34.2658708], [74.3209647, 34.2643812], [74.3229388, 34.2634591], [74.3249988, 34.2628916], [74.3271445, 34.2634591], [74.3308353, 34.2651615], [74.3337535, 34.2655871], [74.3360709, 34.2636719], [74.3381309, 34.2611891], [74.3389892, 34.2584225], [74.3401908, 34.2562943], [74.3419932, 34.2558686], [74.3461131, 34.2568618], [74.3503188, 34.2618275], [74.3551253, 34.2650196], [74.3587302, 34.2684953], [74.3627643, 34.2721837], [74.36697, 34.2762265], [74.3716907, 34.2797017], [74.3787288, 34.2839569], [74.3814754, 34.2858717], [74.3827628, 34.2832477], [74.3834495, 34.2809074], [74.383707, 34.278496], [74.3834495, 34.2758718], [74.3848228, 34.2735313], [74.3895434, 34.2711907], [74.3898009, 34.2668639], [74.3893075, 34.2587949], [74.3905735, 34.256241], [74.3949508, 34.2507606], [74.3977618, 34.2460958], [74.3998217, 34.2442333], [74.4017958, 34.2430271], [74.4041991, 34.2426724], [74.4057655, 34.2428852], [74.4069457, 34.2439495], [74.407568, 34.2455991], [74.4073748, 34.2482952], [74.4071388, 34.250264], [74.4063663, 34.2526229], [74.4064736, 34.2562765], [74.4068384, 34.2582451], [74.408555, 34.2607989], [74.410336, 34.2634235], [74.4124174, 34.2661368], [74.4133401, 34.2676618], [74.4146704, 34.2688322], [74.4182109, 34.2688499], [74.4194126, 34.2726447], [74.4200992, 34.2754463], [74.4210004, 34.2789215], [74.4235754, 34.2849852], [74.4265365, 34.291793], [74.4307422, 34.3001955], [74.4322443, 34.3050878], [74.4314289, 34.3095899], [74.4320297, 34.3189477], [74.428296, 34.3263198], [74.4269657, 34.3313877], [74.4287252, 34.3368451], [74.4277382, 34.3444105], [74.4260001, 34.3479538], [74.4240904, 34.3516209], [74.4226956, 34.3542427], [74.4222021, 34.3560142], [74.421258, 34.3579273], [74.4203138, 34.358813], [74.4192195, 34.3590787], [74.4171166, 34.359309], [74.4157004, 34.3595747], [74.4129324, 34.3604604], [74.4105077, 34.3610095], [74.4087696, 34.361098], [74.4076538, 34.3612752], [74.406023, 34.3621963], [74.4057655, 34.3629756], [74.4056153, 34.3641801], [74.4052291, 34.3653314], [74.4046068, 34.3663764], [74.4041133, 34.367262], [74.401946, 34.3692103], [74.3990063, 34.3725932], [74.397397, 34.3751258], [74.396646, 34.3797126], [74.3961096, 34.3836794], [74.3954229, 34.3855033], [74.3940711, 34.3870971], [74.3929124, 34.3894167], [74.3902087, 34.3899125], [74.385767, 34.3911874], [74.3810785, 34.3936309], [74.3790293, 34.390851], [74.3777632, 34.3880001], [74.3760681, 34.3866544], [74.375124, 34.3846356], [74.3749523, 34.382794], [74.3744373, 34.3808106], [74.3737936, 34.3790574], [74.3716049, 34.3762415], [74.3708324, 34.3736558], [74.3691587, 34.3720795], [74.3678927, 34.3708752], [74.3660259, 34.3696], [74.3643522, 34.3687144], [74.3630647, 34.3671735], [74.3618417, 34.36542], [74.3611336, 34.3643749], [74.3599963, 34.3635779], [74.3582368, 34.3626745], [74.3566489, 34.3617889], [74.3557477, 34.3585827], [74.3546104, 34.3558371], [74.3542242, 34.3539416], [74.3534732, 34.3520107], [74.3523359, 34.3507883], [74.3508339, 34.3493356], [74.3477869, 34.34682], [74.3454695, 34.3455444], [74.342637, 34.34457], [74.3383884, 34.3425679], [74.3361568, 34.3415049], [74.3348479, 34.34131], [74.3340325, 34.3418947], [74.3338823, 34.3425148], [74.3342256, 34.3434715], [74.3340325, 34.3439499], [74.3330455, 34.3442333], [74.3317365, 34.3442511], [74.3304491, 34.3440562], [74.3290329, 34.3436487], [74.3252563, 34.3424794], [74.3206215, 34.3395914], [74.3163299, 34.3373767], [74.313004, 34.3349315], [74.3104076, 34.3328761], [74.3088197, 34.3323977], [74.3075537, 34.3318484], [74.3068242, 34.3311042], [74.3062019, 34.3303777], [74.304893, 34.3305726], [74.303863, 34.3309801], [74.3031978, 34.3320965], [74.3031764, 34.3334608], [74.3023824, 34.3357466], [74.3014812, 34.3378728], [74.3003225, 34.3391485], [74.2982196, 34.3395028], [74.2954731, 34.3397863], [74.2934131, 34.3397863], [74.2910099, 34.3402824], [74.2895078, 34.3409911], [74.2883062, 34.3417353], [74.2868471, 34.3423376], [74.2856884, 34.3424439], [74.2841434, 34.3426211], [74.2831993, 34.3421427], [74.2826092, 34.3424173], [74.2821264, 34.3430286], [74.2815149, 34.3434627], [74.2804098, 34.3434361], [74.2794013, 34.3434627], [74.2744231, 34.3434007], [74.2704749, 34.343064], [74.2651534, 34.3425325], [74.2607546, 34.342692], [74.2588663, 34.3424794], [74.2573428, 34.3415581], [74.2559051, 34.3404773], [74.2528152, 34.3384398], [74.2509269, 34.3371463], [74.2466569, 34.3350378], [74.2411208, 34.3326103], [74.2344689, 34.3295625], [74.231379, 34.3285171], [74.2277527, 34.3281095], [74.2256927, 34.3286057], [74.2222595, 34.3289778], [74.2195987, 34.3300055], [74.2174744, 34.3302182], [74.2156505, 34.3300055], [74.2139339, 34.3294208], [74.2123675, 34.3285702], [74.2073893, 34.3264969], [74.2008447, 34.3247072], [74.1961241, 34.3221376], [74.1938495, 34.3220667], [74.1912746, 34.3220667], [74.189322, 34.3222262], [74.188056, 34.3218718], [74.1865968, 34.3209857], [74.1856956, 34.3203654], [74.1845584, 34.3201882], [74.1830778, 34.3201528], [74.1815972, 34.3172286], [74.1807174, 34.3155804], [74.1801166, 34.3149246], [74.1797519, 34.3141448], [74.1797733, 34.3130637], [74.1796446, 34.3120357], [74.1770482, 34.3102988], [74.1757822, 34.3086327], [74.1733575, 34.3044497], [74.1706323, 34.2998233], [74.1676283, 34.2948598], [74.1655898, 34.2918638], [74.1643023, 34.2870949], [74.163444, 34.2879991], [74.1622853, 34.2884778], [74.1597104, 34.2880168], [74.1565776, 34.2873431], [74.1546893, 34.2867758], [74.1533804, 34.2862439], [74.1520285, 34.2857652], [74.15102, 34.2847015], [74.1504836, 34.2837796], [74.1503763, 34.2828576], [74.1498613, 34.277769], [74.1483164, 34.2719176], [74.1482734, 34.2685662], [74.1490459, 34.2676264], [74.1494965, 34.2667752], [74.1496253, 34.2657466], [74.1490888, 34.2644521], [74.148252, 34.2598944], [74.1462993, 34.2561878], [74.1455269, 34.2548577], [74.1438746, 34.2531727], [74.1415143, 34.2516829], [74.1406774, 34.2501576], [74.1394973, 34.2483839], [74.1388321, 34.2477453], [74.1381883, 34.2470181], [74.1377592, 34.2460958], [74.1377163, 34.2453508], [74.1384458, 34.2449074], [74.1397548, 34.2448719], [74.1402268, 34.2445881], [74.1403556, 34.2441978], [74.1407096, 34.243444]]]]}}, {"type": "Feature", "properties": {"tehsil": "Sopore", "district": "Baramulla"}, "geometry": {"type": "MultiPolygon", "coordinates": [[[[74.3810785, 34.3936309], [74.385767, 34.3911874], [74.3902087, 34.3899125], [74.3929124, 34.3894167], [74.3940711, 34.3870971], [74.3954229, 34.3855033], [74.3961096, 34.3836794], [74.396646, 34.3797126], [74.397397, 34.3751258], [74.3990063, 34.3725932], [74.401946, 34.3692103], [74.4041133, 34.367262], [74.4046068, 34.3663764], [74.4052291, 34.3653314], [74.4056153, 34.3641801], [74.4057655, 34.3629756], [74.406023, 34.3621963], [74.4076538, 34.3612752], [74.4087696, 34.361098], [74.4105077, 34.3610095], [74.4129324, 34.3604604], [74.4157004, 34.3595747], [74.4171166, 34.359309], [74.4192195, 34.3590787], [74.4203138, 34.358813], [74.421258, 34.3579273], [74.4222021, 34.3560142], [74.4226956, 34.3542427], [74.4240904, 34.3516209], [74.4260001, 34.3479538], [74.4277382, 34.3444105], [74.4287252, 34.3368451], [74.4269657, 34.3313877], [74.428296, 34.3263198], [74.4320297, 34.3189477], [74.4314289, 34.3095899], [74.4322443, 34.3050878], [74.4307422, 34.3001955], [74.4265365, 34.291793], [74.4235754, 34.2849852], [74.4210004, 34.2789215], [74.4200992, 34.2754463], [74.4194126, 34.2726447], [74.4182109, 34.2688499], [74.4254207, 34.2674313], [74.4297552, 34.2675377], [74.4314718, 34.2678569], [74.4401407, 34.2686372], [74.4435739, 34.2676441], [74.4441318, 34.2643102], [74.4437456, 34.2605152], [74.4470071, 34.2555139], [74.4492387, 34.2530309], [74.4509553, 34.251612], [74.4506979, 34.2494481], [74.4504404, 34.2458652], [74.4540453, 34.2436657], [74.4584226, 34.236109], [74.4615554, 34.2342286], [74.4628429, 34.2323836], [74.4642591, 34.230645], [74.4653749, 34.2292612], [74.466684, 34.2286823], [74.4672203, 34.2284451], [74.4736146, 34.2278242], [74.4802236, 34.2272387], [74.4892358, 34.2281967], [74.495244, 34.2278064], [74.4988489, 34.2274516], [74.5030117, 34.2257129], [74.5055008, 34.2236903], [74.5052433, 34.2223419], [74.5051574, 34.2205322], [74.5059728, 34.219574], [74.5085907, 34.218261], [74.5120239, 34.2160253], [74.5191907, 34.212512], [74.5226669, 34.2114118], [74.5234823, 34.2130443], [74.5237398, 34.2154575], [74.5239114, 34.2187224], [74.5235252, 34.2217741], [74.5242977, 34.223371], [74.5263576, 34.2239742], [74.529705, 34.2233355], [74.5356273, 34.2203902], [74.5385885, 34.2187224], [74.5420646, 34.2179062], [74.5442962, 34.2175513], [74.5465707, 34.2179062], [74.5492315, 34.2187224], [74.5511198, 34.219716], [74.5531368, 34.2206741], [74.5541453, 34.2223596], [74.5538234, 34.222679], [74.5544243, 34.2238677], [74.5552182, 34.2254113], [74.5557761, 34.2265822], [74.5562911, 34.2277], [74.5568275, 34.2305385], [74.5567632, 34.2325255], [74.5558405, 34.2341753], [74.5543813, 34.2364815], [74.5528364, 34.2388231], [74.5511627, 34.2427965], [74.5497465, 34.2457588], [74.5478153, 34.2481178], [74.544146, 34.2515233], [74.5419144, 34.2548931], [74.5393395, 34.2587771], [74.5357775, 34.2645762], [74.5346617, 34.2667929], [74.5334816, 34.2691337], [74.5325589, 34.269843], [74.5312714, 34.2701444], [74.5302415, 34.2704104], [74.5296192, 34.2707473], [74.5293402, 34.2715453], [74.5290184, 34.2729106], [74.5296836, 34.2745597], [74.5291257, 34.2772371], [74.5272803, 34.2807477], [74.5258212, 34.2839214], [74.5248985, 34.2861907], [74.5241904, 34.2875204], [74.5241046, 34.2891337], [74.52389, 34.2902861], [74.5228815, 34.2910306], [74.5216155, 34.2911902], [74.5209932, 34.2914916], [74.5199847, 34.2929984], [74.5188904, 34.2943989], [74.5174527, 34.2965616], [74.5166373, 34.2985293], [74.516766, 34.2999474], [74.5223236, 34.305655], [74.5238685, 34.3072502], [74.5243621, 34.3088631], [74.5244264, 34.3145879], [74.5237398, 34.3209325], [74.5242548, 34.327064], [74.5245766, 34.3291904], [74.5259714, 34.332947], [74.5270228, 34.33704], [74.5298552, 34.3436133], [74.5316577, 34.3470148], [74.5354986, 34.3508237], [74.5363569, 34.353109], [74.5365071, 34.354597], [74.5353055, 34.3596101], [74.5341682, 34.3632413], [74.5351982, 34.3677934], [74.5362282, 34.3713357], [74.5386743, 34.3750549], [74.5408416, 34.379199], [74.5434809, 34.3871502], [74.5453262, 34.3912051], [74.5457124, 34.3931883], [74.5453262, 34.3949412], [74.5442533, 34.3961275], [74.5430088, 34.3970836], [74.5424723, 34.3978627], [74.542408, 34.399704], [74.541893, 34.4028023], [74.5393181, 34.4056527], [74.5365929, 34.407848], [74.5354574, 34.4084345], [74.5341253, 34.4091226], [74.5322585, 34.4102556], [74.530499, 34.411778], [74.5293617, 34.4134066], [74.5283103, 34.4142032], [74.5271516, 34.4143094], [74.526658, 34.4148936], [74.5253277, 34.4176373], [74.5223021, 34.4212129], [74.5190835, 34.4257795], [74.5176244, 34.4280981], [74.5159292, 34.4304521], [74.5156503, 34.4329122], [74.514277, 34.4357792], [74.5135045, 34.4376905], [74.5107794, 34.4398318], [74.5072174, 34.4420615], [74.5049429, 34.4434772], [74.5038056, 34.4441497], [74.500469, 34.4451937], [74.4984627, 34.4453441], [74.4956517, 34.4457069], [74.4930982, 34.4462377], [74.4909525, 34.4466624], [74.4900083, 34.4467155], [74.4886136, 34.4461315], [74.487133, 34.4448221], [74.4851374, 34.4435657], [74.4836139, 34.4425924], [74.4827771, 34.4418315], [74.4822192, 34.4410529], [74.4814682, 34.4399557], [74.4810819, 34.4388762], [74.480524, 34.4376905], [74.47752, 34.4330537], [74.4766617, 34.4310361], [74.4758248, 34.4291601], [74.4749236, 34.427284], [74.473722, 34.4261158], [74.4721985, 34.4255848], [74.4705677, 34.4254432], [74.4677782, 34.4254432], [74.4596672, 34.4250716], [74.4549894, 34.424045], [74.4523286, 34.4233724], [74.4482946, 34.4225582], [74.4449043, 34.4220272], [74.4426298, 34.422275], [74.4408273, 34.4231246], [74.4394111, 34.4244698], [74.4383812, 34.4256026], [74.4377374, 34.4273017], [74.4375228, 34.428753], [74.4374799, 34.4305583], [74.4368362, 34.431514], [74.4364071, 34.4317264], [74.433875, 34.4326467], [74.4302272, 34.4352306], [74.4277381, 34.4363278], [74.4264078, 34.4364694], [74.424777, 34.4357261], [74.4229316, 34.4348412], [74.4215154, 34.4340625], [74.4203567, 34.4335316], [74.4184684, 34.4329299], [74.4169235, 34.4328237], [74.4158506, 34.4330361], [74.4143915, 34.4341333], [74.4128894, 34.4353014], [74.4117307, 34.4358677], [74.4105291, 34.4365756], [74.4088125, 34.4367526], [74.4067525, 34.4369649], [74.4057226, 34.4370357], [74.4037914, 34.4368587], [74.4002294, 34.4360801], [74.3974828, 34.4345581], [74.3947792, 34.4323989], [74.3924617, 34.429638], [74.3897152, 34.4269123], [74.3871402, 34.4229476], [74.3834495, 34.4179206], [74.381175, 34.4159734], [74.3806171, 34.415584], [74.3791151, 34.4105919], [74.3789863, 34.4078303], [74.3795013, 34.4065202], [74.3806171, 34.4048915], [74.3813467, 34.4037584], [74.3821621, 34.4018109], [74.3825912, 34.399828], [74.3826341, 34.3973846], [74.3821835, 34.3951891], [74.3810785, 34.3936309]]]]}}, {"type": "Feature", "properties": {"tehsil": "Handwara tehsil", "district": "Kupwara"}, "geometry": {"type": "MultiPolygon", "coordinates": [[[[73.9423656, 34.4342395], [73.9368295, 34.4299919], [73.9317655, 34.425284], [73.927474, 34.4199031], [73.9268302, 34.4140262], [73.9300489, 34.4114063], [73.9329671, 34.409636], [73.9336967, 34.4080073], [73.9346408, 34.4063078], [73.9373445, 34.4040417], [73.939104, 34.4025545], [73.9410352, 34.4006424], [73.9421939, 34.3987303], [73.9433527, 34.3969243], [73.9457559, 34.3965348], [73.9504337, 34.3956495], [73.9524936, 34.3904792], [73.9545536, 34.3873627], [73.9567422, 34.3853086], [73.9590168, 34.3832898], [73.9594459, 34.3815189], [73.9590168, 34.379323], [73.9586734, 34.3771979], [73.9595317, 34.374258], [73.9584159, 34.3714951], [73.9559698, 34.368555], [73.954339, 34.3649418], [73.9534378, 34.3617535], [73.9529657, 34.3589902], [73.954339, 34.3532507], [73.9569139, 34.3489636], [73.9591884, 34.3453849], [73.9609909, 34.341877], [73.9683294, 34.3364199], [73.9736509, 34.3354985], [73.9786291, 34.3351087], [73.9819765, 34.3345063], [73.9870834, 34.3341519], [73.9918899, 34.3289778], [73.9956235, 34.3224566], [74.0026187, 34.3145879], [74.0066528, 34.310547], [74.0081977, 34.3097316], [74.0109872, 34.3093772], [74.014163, 34.3101216], [74.0169525, 34.3109014], [74.0193557, 34.3099798], [74.0254497, 34.305655], [74.0270805, 34.302429], [74.0287971, 34.2979266], [74.0292692, 34.2934948], [74.0280246, 34.2856234], [74.0277671, 34.2830704], [74.0287113, 34.2806946], [74.0330457, 34.2750916], [74.0366077, 34.2712616], [74.0371656, 34.2690627], [74.0372514, 34.2663673], [74.0368223, 34.2649132], [74.0356636, 34.2609408], [74.0338182, 34.2593447], [74.0333461, 34.2572519], [74.0357923, 34.2565071], [74.0392174, 34.2563619], [74.0393114, 34.2570391], [74.0396976, 34.2578549], [74.0409422, 34.258653], [74.0442896, 34.2584579], [74.0466285, 34.2586707], [74.0480661, 34.2585643], [74.0497613, 34.2585289], [74.0508342, 34.2589545], [74.0524864, 34.2597526], [74.0536666, 34.2607457], [74.0548253, 34.2612068], [74.0593743, 34.2617033], [74.0609836, 34.2620935], [74.0627646, 34.2625014], [74.0637517, 34.2631221], [74.064846, 34.2630511], [74.0662193, 34.2626255], [74.0685367, 34.2620758], [74.0728497, 34.261189], [74.0771842, 34.2598944], [74.0783429, 34.2588126], [74.0786862, 34.257784], [74.0788793, 34.2565248], [74.0795445, 34.2548399], [74.0835142, 34.2540418], [74.0845012, 34.2541837], [74.0852308, 34.254166], [74.0863037, 34.2542546], [74.0872478, 34.2544497], [74.0885353, 34.2546094], [74.0904665, 34.2538822], [74.0923548, 34.252889], [74.0981698, 34.2491111], [74.1029763, 34.245812], [74.1042852, 34.2451557], [74.1051006, 34.24473], [74.1063022, 34.2438076], [74.107182, 34.2438608], [74.1081905, 34.244393], [74.10995, 34.2443575], [74.1123962, 34.2442688], [74.1142845, 34.2440027], [74.115057, 34.2433464], [74.1151643, 34.2425482], [74.1154003, 34.241342], [74.1158294, 34.240863], [74.1186619, 34.2412533], [74.1205287, 34.2415371], [74.1232753, 34.2438431], [74.1269016, 34.2455814], [74.1281676, 34.2463086], [74.1290903, 34.2467166], [74.1302705, 34.2468762], [74.1324162, 34.2466456], [74.133532, 34.2459361], [74.1361713, 34.244251], [74.1371262, 34.243781], [74.1381454, 34.2435149], [74.1396475, 34.2432311], [74.1407096, 34.243444], [74.1403556, 34.2441978], [74.1402268, 34.2445881], [74.1397548, 34.2448719], [74.1384458, 34.2449074], [74.1377163, 34.2453508], [74.1377592, 34.2460958], [74.1381883, 34.2470181], [74.1388321, 34.2477453], [74.1394973, 34.2483839], [74.1406774, 34.2501576], [74.1415143, 34.2516829], [74.1438746, 34.2531727], [74.1455269, 34.2548577], [74.1462993, 34.2561878], [74.148252, 34.2598944], [74.1490888, 34.2644521], [74.1496253, 34.2657466], [74.1494965, 34.2667752], [74.1490459, 34.2676264], [74.1482734, 34.2685662], [74.1483164, 34.2719176], [74.1498613, 34.277769], [74.1503763, 34.2828576], [74.1504836, 34.2837796], [74.15102, 34.2847015], [74.1520285, 34.2857652], [74.1533804, 34.2862439], [74.1546893, 34.2867758], [74.1565776, 34.2873431], [74.1597104, 34.2880168], [74.1622853, 34.2884778], [74.163444, 34.2879991], [74.1643023, 34.2870949], [74.1655898, 34.2918638], [74.1676283, 34.2948598], [74.1706323, 34.2998233], [74.1733575, 34.3044497], [74.1757822, 34.3086327], [74.1770482, 34.3102988], [74.1796446, 34.3120357], [74.1797733, 34.3130637], [74.1797519, 34.3141448], [74.1801166, 34.3149246], [74.1807174, 34.3155804], [74.1815972, 34.3172286], [74.1830778, 34.3201528], [74.1845584, 34.3201882], [74.1856956, 34.3203654], [74.1865968, 34.3209857], [74.188056, 34.3218718], [74.189322, 34.3222262], [74.1912746, 34.3220667], [74.1938495, 34.3220667], [74.1961241, 34.3221376], [74.2008447, 34.3247072], [74.2073893, 34.3264969], [74.2123675, 34.3285702], [74.2139339, 34.3294208], [74.2156505, 34.3300055], [74.2174744, 34.3302182], [74.2195987, 34.3300055], [74.2222595, 34.3289778], [74.2256927, 34.3286057], [74.2277527, 34.3281095], [74.231379, 34.3285171], [74.2344689, 34.3295625], [74.2411208, 34.3326103], [74.2466569, 34.3350378], [74.2509269, 34.3371463], [74.2528152, 34.3384398], [74.2559051, 34.3404773], [74.2573428, 34.3415581], [74.2588663, 34.3424794], [74.2607546, 34.342692], [74.2651534, 34.3425325], [74.2704749, 34.343064], [74.2744231, 34.3434007], [74.2794013, 34.3434627], [74.2804098, 34.3434361], [74.2815149, 34.3434627], [74.2821264, 34.3430286], [74.2826092, 34.3424173], [74.2831993, 34.3421427], [74.2841434, 34.3426211], [74.2856884, 34.3424439], [74.2868471, 34.3423376], [74.2883062, 34.3417353], [74.2895078, 34.3409911], [74.2910099, 34.3402824], [74.2934131, 34.3397863], [74.2954731, 34.3397863], [74.2982196, 34.3395028], [74.3003225, 34.3391485], [74.3014812, 34.3378728], [74.3023824, 34.3357466], [74.3031764, 34.3334608], [74.3031978, 34.3320965], [74.303863, 34.3309801], [74.304893, 34.3305726], [74.3062019, 34.3303777], [74.3068242, 34.3311042], [74.3075537, 34.3318484], [74.3088197, 34.3323977], [74.3104076, 34.3328761], [74.313004, 34.3349315], [74.3163299, 34.3373767], [74.3206215, 34.3395914], [74.3252563, 34.3424794], [74.3290329, 34.3436487], [74.3304491, 34.3440562], [74.3317365, 34.3442511], [74.3330455, 34.3442333], [74.3340325, 34.3439499], [74.3342256, 34.3434715], [74.3338823, 34.3425148], [74.3340325, 34.3418947], [74.3348479, 34.34131], [74.3361568, 34.3415049], [74.3383884, 34.3425679], [74.342637, 34.34457], [74.3454695, 34.3455444], [74.3477869, 34.34682], [74.3508339, 34.3493356], [74.3523359, 34.3507883], [74.3534732, 34.3520107], [74.3542242, 34.3539416], [74.3546104, 34.3558371], [74.3557477, 34.3585827], [74.3566489, 34.3617889], [74.3582368, 34.3626745], [74.3599963, 34.3635779], [74.3611336, 34.3643749], [74.3618417, 34.36542], [74.3630647, 34.3671735], [74.3643522, 34.3687144], [74.3660259, 34.3696], [74.3678927, 34.3708752], [74.3691587, 34.3720795], [74.3708324, 34.3736558], [74.3716049, 34.3762415], [74.3737936, 34.3790574], [74.3744373, 34.3808106], [74.3749523, 34.382794], [74.375124, 34.3846356], [74.3760681, 34.3866544], [74.3777632, 34.3880001], [74.3790293, 34.390851], [74.3810785, 34.3936309], [74.3821835, 34.3951891], [74.3826341, 34.3973846], [74.3825912, 34.399828], [74.3821621, 34.4018109], [74.3813467, 34.4037584], [74.3806171, 34.4048915], [74.3795013, 34.4065202], [74.3789863, 34.4078303], [74.3791151, 34.4105919], [74.3806171, 34.415584], [74.381175, 34.4159734], [74.3834495, 34.4179206], [74.3871402, 34.4229476], [74.3897152, 34.4269123], [74.3924617, 34.429638], [74.3947792, 34.4323989], [74.3974828, 34.4345581], [74.4002294, 34.4360801], [74.4037914, 34.4368587], [74.4057226, 34.4370357], [74.4067525, 34.4369649], [74.4088125, 34.4367526], [74.4105291, 34.4365756], [74.4117307, 34.4358677], [74.4128894, 34.4353014], [74.4143915, 34.4341333], [74.4158506, 34.4330361], [74.4169235, 34.4328237], [74.4184684, 34.4329299], [74.4203567, 34.4335316], [74.4215154, 34.4340625], [74.4229316, 34.4348412], [74.424777, 34.4357261], [74.4264078, 34.4364694], [74.4277381, 34.4363278], [74.4302272, 34.4352306], [74.433875, 34.4326467], [74.4364071, 34.4317264], [74.4400977, 34.4343811], [74.4415998, 34.4391593], [74.4439172, 34.4457777], [74.4440626, 34.446194], [74.4460589, 34.4519107], [74.4462776, 34.452537], [74.4510841, 34.4580927], [74.4557619, 34.4604281], [74.4600534, 34.4615604], [74.4640445, 34.4637188], [74.4636154, 34.4666201], [74.4605255, 34.4679646], [74.4570493, 34.4689553], [74.4544315, 34.4701583], [74.4531011, 34.4712197], [74.4524574, 34.4724226], [74.451642, 34.4749345], [74.4492387, 34.4773402], [74.4481659, 34.479958], [74.447565, 34.4828234], [74.4479513, 34.4866085], [74.4504404, 34.4879527], [74.4542169, 34.4886247], [74.456191, 34.4882179], [74.4555688, 34.4905879], [74.4537234, 34.4935237], [74.4521999, 34.4967246], [74.4506979, 34.4984223], [74.4476509, 34.4985638], [74.4458913, 34.4979272], [74.4447755, 34.4969015], [74.4448185, 34.4950976], [74.4443464, 34.4933999], [74.4421148, 34.491596], [74.4390678, 34.489792], [74.4355917, 34.4883771], [74.4328022, 34.4877404], [74.4292402, 34.4880588], [74.4273519, 34.4894383], [74.4259357, 34.4915252], [74.4245195, 34.4931523], [74.422245, 34.4933645], [74.4188547, 34.493506], [74.4162368, 34.4931169], [74.4137477, 34.4925156], [74.4085979, 34.4902519], [74.4031906, 34.490075], [74.4010019, 34.4908532], [74.3985557, 34.4916313], [74.395852, 34.4919851], [74.3929767, 34.4906409], [74.3905305, 34.4896505], [74.3884706, 34.4890846], [74.3855094, 34.4896152], [74.3821191, 34.4900396], [74.3801879, 34.4907117], [74.3779134, 34.4918789], [74.3739223, 34.494178], [74.3710041, 34.4956636], [74.3707466, 34.4976089], [74.3716049, 34.4989175], [74.3722915, 34.5005444], [74.3722486, 34.5022067], [74.3667125, 34.505425], [74.3603181, 34.5077237], [74.3554258, 34.509209], [74.3493747, 34.5104467], [74.3454265, 34.5117198], [74.3418645, 34.512427], [74.3402767, 34.513594], [74.3387317, 34.5149377], [74.3383455, 34.5161753], [74.3395471, 34.5186506], [74.3370151, 34.5214086], [74.3322944, 34.5231411], [74.3282604, 34.5239544], [74.3253851, 34.5240604], [74.3231964, 34.5234947], [74.3201494, 34.5221158], [74.3161583, 34.5208782], [74.31221, 34.5192163], [74.3085622, 34.5185445], [74.3072748, 34.5189688], [74.3050432, 34.5193578], [74.3036699, 34.5189334], [74.3004512, 34.5180494], [74.298048, 34.5176958], [74.2943573, 34.5172008], [74.2870187, 34.5169179], [74.2828989, 34.5167411], [74.2817831, 34.5152913], [74.2815256, 34.5132757], [74.2819547, 34.5116844], [74.2823839, 34.5104113], [74.2836284, 34.5089614], [74.2836284, 34.5068396], [74.2834997, 34.504753], [74.2820835, 34.5038335], [74.2801523, 34.5057079], [74.2771911, 34.5076883], [74.2747449, 34.5089614], [74.2704963, 34.5107296], [74.2689943, 34.5117198], [74.2647457, 34.513983], [74.2616128, 34.5178726], [74.2548322, 34.5191102], [74.2532755, 34.519028], [74.2481374, 34.5187566], [74.2429876, 34.518297], [74.2390394, 34.5179434], [74.2311859, 34.5177312], [74.2296409, 34.5191102], [74.2277526, 34.5226461], [74.227066, 34.5252272], [74.225521, 34.5280204], [74.224019, 34.5302831], [74.2211866, 34.5333236], [74.2222593, 34.5405001], [74.2255209, 34.5451663], [74.2248343, 34.5492666], [74.2236326, 34.5554874], [74.2236326, 34.5590217], [74.2294691, 34.5617077], [74.2344473, 34.5641109], [74.2387388, 34.5652418], [74.2420004, 34.5673621], [74.2413138, 34.5693411], [74.2397688, 34.5740056], [74.2358206, 34.5748537], [74.2262076, 34.5740056], [74.2183111, 34.5747123], [74.211273, 34.5734402], [74.2057799, 34.5714614], [74.2008017, 34.5687757], [74.1983984, 34.5666554], [74.1987417, 34.5634041], [74.1970251, 34.5594458], [74.1941069, 34.5583149], [74.1882704, 34.5590217], [74.1832922, 34.5595872], [74.1760824, 34.5590217], [74.1729925, 34.5584562], [74.170246, 34.5552046], [74.1680144, 34.5525184], [74.1654394, 34.5519529], [74.1599463, 34.5546391], [74.1549681, 34.5543564], [74.1505049, 34.5532253], [74.1481016, 34.5515287], [74.1451834, 34.5495494], [74.1417502, 34.5471458], [74.136772, 34.5448835], [74.1326521, 34.5440351], [74.1292189, 34.5419141], [74.1263006, 34.5385205], [74.1232107, 34.5342782], [74.1216658, 34.5308842], [74.1202925, 34.5273487], [74.1178892, 34.523813], [74.1137694, 34.5256516], [74.1108511, 34.5274901], [74.1079329, 34.527773], [74.0967749, 34.5293286], [74.0914534, 34.5249445], [74.0911101, 34.5205601], [74.0919684, 34.5163169], [74.092655, 34.5136294], [74.0948866, 34.5093859], [74.0897368, 34.5071226], [74.082527, 34.5051422], [74.0753172, 34.503869], [74.0701674, 34.5030202], [74.0646742, 34.5033031], [74.0579794, 34.5040105], [74.0526579, 34.5030202], [74.0435599, 34.5028787], [74.03738, 34.5021714], [74.0353201, 34.501747], [74.0258787, 34.4989176], [74.0200422, 34.4959466], [74.0142058, 34.493683], [74.0027045, 34.4891554], [73.9979762, 34.4878343], [73.9976405, 34.4877405], [73.9932632, 34.4866793], [73.9897441, 34.4863255], [73.9834785, 34.487033], [73.9795302, 34.4889431], [73.9756679, 34.4914899], [73.9724063, 34.4927632], [73.9674281, 34.4938951], [73.9646815, 34.4907825], [73.9627933, 34.4889431], [73.9605617, 34.4861133], [73.9584159, 34.4846276], [73.9548968, 34.4831419], [73.9518069, 34.4805948], [73.9488029, 34.4774817], [73.9444255, 34.4729533], [73.9426231, 34.4705475], [73.9420222, 34.4671509], [73.9442538, 34.4634004], [73.9458846, 34.4601451], [73.9449405, 34.4547664], [73.9433955, 34.4497414], [73.943138, 34.4457069], [73.9462279, 34.442097], [73.9463996, 34.4391948], [73.945713, 34.4353014], [73.9423656, 34.4342395]]]]}}, {"type": "Feature", "properties": {"tehsil": "Kupwara", "district": "Kupwara"}, "geometry": {"type": "MultiPolygon", "coordinates": [[[[73.8767736, 34.4509386], [73.8855456, 34.4441497], [73.8876914, 34.4433003], [73.8908671, 34.4433003], [73.8961028, 34.443725], [73.9033984, 34.443725], [73.906332, 34.4433741], [73.913362, 34.4425332], [73.9146422, 34.4423801], [73.9180755, 34.4423093], [73.9227103, 34.4407521], [73.926916, 34.4397611], [73.9322375, 34.4389116], [73.9360141, 34.437779], [73.939104, 34.4362925], [73.9412498, 34.4343811], [73.9423656, 34.4342395], [73.945713, 34.4353014], [73.9463996, 34.4391948], [73.9462279, 34.442097], [73.943138, 34.4457069], [73.9433955, 34.4497414], [73.9449405, 34.4547664], [73.9458846, 34.4601451], [73.9442538, 34.4634004], [73.9420222, 34.4671509], [73.9426231, 34.4705475], [73.9444255, 34.4729533], [73.9488029, 34.4774817], [73.9518069, 34.4805948], [73.9548968, 34.4831419], [73.9584159, 34.4846276], [73.9605617, 34.4861133], [73.9627933, 34.4889431], [73.9646815, 34.4907825], [73.9674281, 34.4938951], [73.9724063, 34.4927632], [73.9756679, 34.4914899], [73.9795302, 34.4889431], [73.9834785, 34.487033], [73.9897441, 34.4863255], [73.9932632, 34.4866793], [73.9976405, 34.4877405], [73.9979762, 34.4878343], [74.0027045, 34.4891554], [74.0142058, 34.493683], [74.0200422, 34.4959466], [74.0258787, 34.4989176], [74.0353201, 34.501747], [74.03738, 34.5021714], [74.0435599, 34.5028787], [74.0526579, 34.5030202], [74.0579794, 34.5040105], [74.0646742, 34.5033031], [74.0701674, 34.5030202], [74.0753172, 34.503869], [74.082527, 34.5051422], [74.0897368, 34.5071226], [74.0948866, 34.5093859], [74.092655, 34.5136294], [74.0919684, 34.5163169], [74.0911101, 34.5205601], [74.0914534, 34.5249445], [74.0967749, 34.5293286], [74.1079329, 34.527773], [74.1108511, 34.5274901], [74.1137694, 34.5256516], [74.1178892, 34.523813], [74.1202925, 34.5273487], [74.1216658, 34.5308842], [74.1232107, 34.5342782], [74.1263006, 34.5385205], [74.1292189, 34.5419141], [74.1326521, 34.5440351], [74.136772, 34.5448835], [74.1417502, 34.5471458], [74.1451834, 34.5495494], [74.1481016, 34.5515287], [74.1505049, 34.5532253], [74.1549681, 34.5543564], [74.1599463, 34.5546391], [74.1654394, 34.5519529], [74.1680144, 34.5525184], [74.170246, 34.5552046], [74.1729925, 34.5584562], [74.1760824, 34.5590217], [74.1832922, 34.5595872], [74.1882704, 34.5590217], [74.1941069, 34.5583149], [74.1970251, 34.5594458], [74.1987417, 34.5634041], [74.1983984, 34.5666554], [74.2008017, 34.5687757], [74.2057799, 34.5714614], [74.211273, 34.5734402], [74.2183111, 34.5747123], [74.2262076, 34.5740056], [74.2358206, 34.5748537], [74.2397688, 34.5740056], [74.2413138, 34.5693411], [74.2420004, 34.5673621], [74.2387388, 34.5652418], [74.2344473, 34.5641109], [74.2294691, 34.5617077], [74.2236326, 34.5590217], [74.2236326, 34.5554874], [74.2248343, 34.5492666], [74.2255209, 34.5451663], [74.2222593, 34.5405001], [74.2211866, 34.5333236], [74.224019, 34.5302831], [74.225521, 34.5280204], [74.227066, 34.5252272], [74.2277526, 34.5226461], [74.2296409, 34.5191102], [74.2311859, 34.5177312], [74.2390394, 34.5179434], [74.2429876, 34.518297], [74.2481374, 34.5187566], [74.2532755, 34.519028], [74.2548322, 34.5191102], [74.2616128, 34.5178726], [74.2647457, 34.513983], [74.2689943, 34.5117198], [74.2704963, 34.5107296], [74.2747449, 34.5089614], [74.2771911, 34.5076883], [74.2801523, 34.5057079], [74.2820835, 34.5038335], [74.2834997, 34.504753], [74.2836284, 34.5068396], [74.2836284, 34.5089614], [74.2823839, 34.5104113], [74.2819547, 34.5116844], [74.2815256, 34.5132757], [74.2817831, 34.5152913], [74.2828989, 34.5167411], [74.2870187, 34.5169179], [74.2943573, 34.5172008], [74.298048, 34.5176958], [74.3004512, 34.5180494], [74.3036699, 34.5189334], [74.3050432, 34.5193578], [74.3072748, 34.5189688], [74.3085622, 34.5185445], [74.31221, 34.5192163], [74.3161583, 34.5208782], [74.3201494, 34.5221158], [74.3231964, 34.5234947], [74.3253851, 34.5240604], [74.3282604, 34.5239544], [74.3322944, 34.5231411], [74.3370151, 34.5214086], [74.3395471, 34.5186506], [74.3383455, 34.5161753], [74.3387317, 34.5149377], [74.3402767, 34.513594], [74.3418645, 34.512427], [74.3454265, 34.5117198], [74.3493747, 34.5104467], [74.3554258, 34.509209], [74.3603181, 34.5077237], [74.3667125, 34.505425], [74.3722486, 34.5022067], [74.3722915, 34.5005444], [74.3716049, 34.4989175], [74.3707466, 34.4976089], [74.3710041, 34.4956636], [74.3739223, 34.494178], [74.3779134, 34.4918789], [74.3801879, 34.4907117], [74.3821191, 34.4900396], [74.3855094, 34.4896152], [74.3884706, 34.4890846], [74.3905305, 34.4896505], [74.3929767, 34.4906409], [74.395852, 34.4919851], [74.3985557, 34.4916313], [74.4010019, 34.4908532], [74.4031906, 34.490075], [74.4085979, 34.4902519], [74.4137477, 34.4925156], [74.4162368, 34.4931169], [74.4188547, 34.493506], [74.422245, 34.4933645], [74.4245195, 34.4931523], [74.4259357, 34.4915252], [74.4273519, 34.4894383], [74.4292402, 34.4880588], [74.4328022, 34.4877404], [74.4355917, 34.4883771], [74.4390678, 34.489792], [74.4421148, 34.491596], [74.4443464, 34.4933999], [74.4448185, 34.4950976], [74.4447755, 34.4969015], [74.4458913, 34.4979272], [74.4476509, 34.4985638], [74.4506979, 34.4984223], [74.4521999, 34.4967246], [74.4537234, 34.4935237], [74.4555688, 34.4905879], [74.456191, 34.4882179], [74.4574356, 34.4878112], [74.4591522, 34.4867146], [74.4611263, 34.485335], [74.4630146, 34.4839554], [74.4641733, 34.4821867], [74.4656753, 34.4809839], [74.4670486, 34.4804533], [74.468851, 34.4809839], [74.4707822, 34.4821513], [74.4768333, 34.4862194], [74.4780778, 34.4892614], [74.4803524, 34.4943903], [74.4830989, 34.4984931], [74.485116, 34.500792], [74.4827556, 34.5028786], [74.4806957, 34.5052128], [74.4795799, 34.507264], [74.4793224, 34.5098809], [74.479537, 34.512038], [74.4797086, 34.5143012], [74.485073, 34.5173776], [74.4912099, 34.5193931], [74.4966173, 34.5198174], [74.4990634, 34.5206307], [74.5021104, 34.5220804], [74.5033121, 34.523919], [74.5042991, 34.5267122], [74.5064878, 34.5298942], [74.5073032, 34.5323337], [74.5104789, 34.5347377], [74.5136976, 34.5353387], [74.5173025, 34.5360811], [74.5217228, 34.5372831], [74.5254564, 34.5385204], [74.5295333, 34.5405707], [74.5357132, 34.5439289], [74.5390176, 34.5472517], [74.5469999, 34.5535787], [74.5495319, 34.5586328], [74.5513343, 34.5637574], [74.552021, 34.569447], [74.5521926, 34.5757016], [74.5512485, 34.5787051], [74.5494031, 34.5805778], [74.5460128, 34.585489], [74.5437383, 34.5948513], [74.54391, 34.5988432], [74.5451974, 34.6013513], [74.5458412, 34.6088044], [74.5473432, 34.6171399], [74.5481586, 34.6211307], [74.5516347, 34.6270636], [74.5536518, 34.6286174], [74.5552396, 34.6296768], [74.5574283, 34.6316896], [74.5627498, 34.6353972], [74.5682859, 34.6441537], [74.5701313, 34.647896], [74.57129, 34.6508616], [74.5729637, 34.6544625], [74.5735645, 34.659687], [74.5751953, 34.6625109], [74.5771265, 34.6667114], [74.5775127, 34.6747586], [74.5785427, 34.6787467], [74.579873, 34.6816758], [74.5852375, 34.6858753], [74.590044, 34.6920859], [74.5924043, 34.6967435], [74.5926189, 34.7018242], [74.5924902, 34.7082805], [74.5937776, 34.7118084], [74.598949, 34.7212446], [74.5993566, 34.7269587], [74.6022748, 34.7307502], [74.6039432, 34.7377535], [74.5934433, 34.7503703], [74.5802199, 34.761681], [74.5661737, 34.7642202], [74.5415504, 34.7669334], [74.5229199, 34.7670789], [74.5226464, 34.7671057], [74.5055037, 34.7696774], [74.5013162, 34.7713254], [74.4980993, 34.7725913], [74.4786579, 34.7794668], [74.4743146, 34.7705914], [74.4709779, 34.7713895], [74.4680367, 34.7713609], [74.4671023, 34.7716843], [74.4668155, 34.7721855], [74.4663856, 34.7731291], [74.4601308, 34.7811481], [74.4484807, 34.7823207], [74.4482166, 34.7822725], [74.4480117, 34.7822794], [74.4478347, 34.7823034], [74.4477864, 34.7823034], [74.4475019, 34.7821922], [74.4473893, 34.7820916], [74.4471544, 34.7820352], [74.4468262, 34.7818741], [74.4462819, 34.7816364], [74.4458403, 34.7814469], [74.445576, 34.78141], [74.4449861, 34.7812089], [74.4448369, 34.7811409], [74.4446309, 34.7809755], [74.4444444, 34.7807802], [74.4441785, 34.780582], [74.443672, 34.7803042], [74.4433259, 34.7800669], [74.4429228, 34.7798798], [74.4427301, 34.7798402], [74.4424934, 34.779815], [74.4422574, 34.7798037], [74.4420265, 34.779715], [74.4418939, 34.7796424], [74.4417121, 34.7795456], [74.4415402, 34.7793841], [74.4413385, 34.7793882], [74.4411368, 34.7794166], [74.4409872, 34.7793884], [74.440984, 34.7793298], [74.4408177, 34.7790607], [74.4405304, 34.7789562], [74.4403769, 34.7789465], [74.4402994, 34.7789173], [74.4400564, 34.7787933], [74.4399616, 34.7787008], [74.4398548, 34.7785596], [74.4396739, 34.7783453], [74.4394218, 34.7782186], [74.4391944, 34.7780227], [74.438972, 34.7777086], [74.4388889, 34.7777062], [74.4387495, 34.7775357], [74.4384646, 34.7772799], [74.4383726, 34.7772311], [74.4381413, 34.7770564], [74.4380129, 34.7768719], [74.4379687, 34.7767434], [74.4378443, 34.7765655], [74.4376343, 34.7764656], [74.4374403, 34.776201], [74.4371804, 34.7760226], [74.4371067, 34.7759073], [74.4371274, 34.7758184], [74.4369823, 34.7755726], [74.4369172, 34.7755325], [74.4368872, 34.775368], [74.4368779, 34.7753093], [74.4369078, 34.7752393], [74.4368733, 34.7751807], [74.436887, 34.77509], [74.436887, 34.7750522], [74.436841, 34.7750031], [74.4368249, 34.7749615], [74.4367536, 34.7748538], [74.4367812, 34.774833], [74.436749, 34.7747687], [74.4366891, 34.7747479], [74.4364865, 34.7745322], [74.4364795, 34.7744566], [74.4363664, 34.7743963], [74.4361693, 34.7741331], [74.4360992, 34.7741167], [74.435959, 34.7741195], [74.4358454, 34.7741525], [74.4356884, 34.7740894], [74.4355281, 34.7740154], [74.4354078, 34.7739303], [74.4354078, 34.7738508], [74.4353008, 34.7737685], [74.4353183, 34.7736355], [74.4345687, 34.773179], [74.4324016, 34.773183], [74.4294625, 34.7748504], [74.4284259, 34.7751136], [74.427027, 34.7750652], [74.4259395, 34.7757033], [74.4231664, 34.7759596], [74.422323, 34.776576], [74.4189962, 34.7773696], [74.4183134, 34.7781864], [74.4134383, 34.7816916], [74.4089333, 34.7811073], [74.4024689, 34.7818813], [74.3956982, 34.7854894], [74.3604777, 34.7871414], [74.3461396, 34.7868399], [74.3460927, 34.7867837], [74.3460379, 34.7867341], [74.3459622, 34.7866866], [74.3458753, 34.786671], [74.3457722, 34.7866812], [74.3456737, 34.7867336], [74.3455697, 34.7868428], [74.3455155, 34.7868777], [74.3452889, 34.7869181], [74.3450823, 34.7869298], [74.3447991, 34.7869284], [74.344527, 34.7868997], [74.3439584, 34.7869577], [74.3436977, 34.7870537], [74.343435, 34.7870742], [74.3431277, 34.7870526], [74.3429273, 34.7869932], [74.3427783, 34.7869036], [74.3425141, 34.7868126], [74.3421265, 34.7866811], [74.3417956, 34.7865958], [74.3416346, 34.7865327], [74.3414617, 34.7863227], [74.3414462, 34.7861923], [74.3413256, 34.7859888], [74.3411859, 34.7859519], [74.3410185, 34.7859188], [74.3406102, 34.7859122], [74.3404674, 34.7859079], [74.3402321, 34.7858386], [74.3399622, 34.7858691], [74.339813, 34.785809], [74.3389749, 34.7857301], [74.3387166, 34.7857406], [74.3385366, 34.785704], [74.3382498, 34.7856789], [74.3380514, 34.7856951], [74.3378655, 34.7855571], [74.3377337, 34.7855232], [74.3373448, 34.7853299], [74.3369339, 34.7851992], [74.3365928, 34.7849343], [74.336298, 34.7847926], [74.3360776, 34.7847493], [74.3358959, 34.7847425], [74.3356437, 34.7847561], [74.335464, 34.7848106], [74.3352558, 34.7849692], [74.3348984, 34.7851758], [74.3343772, 34.7853529], [74.3339342, 34.7855257], [74.3337317, 34.7856723], [74.3335734, 34.7856813], [74.3333764, 34.7855573], [74.333086, 34.7855], [74.3328886, 34.7855356], [74.3326446, 34.785406], [74.3325575, 34.7854041], [74.3323094, 34.7854633], [74.3321196, 34.7854728], [74.3320254, 34.785523], [74.3317935, 34.7853576], [74.3314671, 34.7853169], [74.3311698, 34.7853541], [74.3308099, 34.7851599], [74.3306227, 34.7851431], [74.3304277, 34.785133], [74.3302943, 34.7851874], [74.3302177, 34.7851461], [74.3295909, 34.7850053], [74.3294903, 34.7849481], [74.3292318, 34.7849162], [74.3290623, 34.7849547], [74.3289401, 34.7848066], [74.3286252, 34.7847105], [74.3282886, 34.7846962], [74.3281704, 34.7847208], [74.3280714, 34.7847126], [74.327962, 34.7845712], [74.3275979, 34.7842912], [74.3275444, 34.7841593], [74.3273341, 34.7840623], [74.3272746, 34.7840406], [74.327063, 34.7840337], [74.3269809, 34.7840609], [74.3269288, 34.7840358], [74.3268773, 34.7840302], [74.3266811, 34.7840721], [74.3266013, 34.7840442], [74.3264926, 34.7839683], [74.326369, 34.7839217], [74.3263062, 34.7839324], [74.326215, 34.7840632], [74.3261782, 34.7841577], [74.3260779, 34.7842402], [74.3259557, 34.7842486], [74.3254458, 34.7843765], [74.3253172, 34.7844466], [74.324968, 34.7845364], [74.3248469, 34.7845967], [74.3246925, 34.784573], [74.3245748, 34.7846041], [74.324358, 34.7846171], [74.3242465, 34.7845637], [74.3241674, 34.7845519], [74.3240376, 34.7845669], [74.3239201, 34.7846109], [74.3238725, 34.7845954], [74.3237738, 34.7845904], [74.3237254, 34.7845263], [74.3236497, 34.7844788], [74.3235745, 34.7844573], [74.3234882, 34.7844813], [74.3222816, 34.7826741], [74.3203564, 34.7819782], [74.320352, 34.7819135], [74.3203099, 34.7818529], [74.3202673, 34.7817873], [74.3200967, 34.7817351], [74.3200663, 34.781712], [74.3199311, 34.7816868], [74.3197334, 34.7816003], [74.31958, 34.7815904], [74.3192001, 34.7814924], [74.3190692, 34.7814181], [74.3188736, 34.7813552], [74.3186833, 34.7812869], [74.3185865, 34.7812791], [74.3184159, 34.7811979], [74.3183338, 34.7811022], [74.3182534, 34.7810665], [74.3179771, 34.7810466], [74.3179067, 34.7810137], [74.3175981, 34.7808823], [74.3173769, 34.780832], [74.3173095, 34.7808032], [74.3171981, 34.7807648], [74.3171076, 34.7807474], [74.3169596, 34.7806824], [74.3166993, 34.7805699], [74.3165209, 34.7804713], [74.3163218, 34.7803938], [74.3161056, 34.7802793], [74.3159725, 34.7802618], [74.315881, 34.7802291], [74.3157877, 34.7802175], [74.3156954, 34.7801355], [74.3156281, 34.7801353], [74.3155321, 34.7800857], [74.3154296, 34.7800495], [74.3152812, 34.7800416], [74.3151098, 34.7800469], [74.3148085, 34.780103], [74.3146691, 34.7801787], [74.3145227, 34.7801669], [74.3142779, 34.780233], [74.3139122, 34.7802455], [74.313815, 34.7803276], [74.3132805, 34.7803993], [74.313088, 34.7804394], [74.3129858, 34.7805577], [74.3129124, 34.7805801], [74.3127304, 34.7807066], [74.3126116, 34.7807996], [74.3124982, 34.7808375], [74.3124162, 34.7809369], [74.3122325, 34.7809864], [74.3122147, 34.78105], [74.3121774, 34.7810653], [74.3120883, 34.7810574], [74.311934, 34.7810995], [74.3118289, 34.781171], [74.3117162, 34.7811901], [74.3116186, 34.781264], [74.3115781, 34.7813178], [74.3115252, 34.781364], [74.3114721, 34.7814541], [74.3114468, 34.7815523], [74.3113774, 34.7816158], [74.3113264, 34.7816801], [74.31133, 34.7817297], [74.3113063, 34.7817844], [74.3113037, 34.7818218], [74.3110632, 34.7819586], [74.3108309, 34.782149], [74.3107263, 34.7821765], [74.3104644, 34.7822922], [74.3102947, 34.7822944], [74.3101095, 34.7823091], [74.3099171, 34.7824052], [74.309727, 34.7825041], [74.2854134, 34.7625557], [74.2694375, 34.750008], [74.2608905, 34.7429138], [74.2414768, 34.7270764], [74.2223011, 34.7213161], [74.2152402, 34.7191577], [74.2089801, 34.7170025], [74.1818547, 34.7014918], [74.181732, 34.7014246], [74.1815187, 34.7012811], [74.1814872, 34.7012799], [74.1813993, 34.7011569], [74.1813315, 34.7006373], [74.1812527, 34.7004627], [74.1809316, 34.7001022], [74.1804665, 34.6993889], [74.1802735, 34.6992311], [74.1800201, 34.6991386], [74.1797045, 34.6990333], [74.1794803, 34.6988746], [74.1790094, 34.6984062], [74.1786668, 34.6982329], [74.1782726, 34.6981088], [74.1779948, 34.697961], [74.1776967, 34.6976808], [74.1774811, 34.6973257], [74.1771902, 34.6970994], [74.176579, 34.6969056], [74.1758137, 34.696675], [74.1582914, 34.6882429], [74.158134, 34.6878383], [74.1580504, 34.687537], [74.1580731, 34.687057], [74.1580747, 34.6867933], [74.1579475, 34.6863218], [74.1578098, 34.6860517], [74.1576591, 34.6857273], [74.1574863, 34.6853851], [74.1573521, 34.6852019], [74.1572185, 34.6849562], [74.1570649, 34.684605], [74.1569486, 34.6842993], [74.1568201, 34.6839139], [74.1567558, 34.6836514], [74.1566939, 34.6834585], [74.1566745, 34.6831056], [74.1566568, 34.6829731], [74.1566437, 34.6828184], [74.1565818, 34.6825761], [74.1564994, 34.6823483], [74.1563267, 34.6820553], [74.156238, 34.6818727], [74.1561486, 34.6817752], [74.1558969, 34.6813098], [74.1558058, 34.6811394], [74.1558003, 34.6810914], [74.1557638, 34.6810649], [74.1557602, 34.6810056], [74.1557229, 34.6809832], [74.1557067, 34.6809447], [74.1556234, 34.6808769], [74.1554839, 34.6807025], [74.1554052, 34.6806546], [74.1553777, 34.6806262], [74.1553338, 34.680549], [74.1552615, 34.6804639], [74.1551797, 34.680308], [74.1550601, 34.6801502], [74.1549987, 34.6800623], [74.1548904, 34.6799936], [74.1548185, 34.6799219], [74.1547369, 34.6798873], [74.1546752, 34.6798095], [74.1546165, 34.6797804], [74.1545591, 34.6797807], [74.1543835, 34.6796569], [74.1540636, 34.6795088], [74.1539393, 34.6794624], [74.153876, 34.6794256], [74.1538288, 34.6793666], [74.1536188, 34.6792652], [74.1535714, 34.67921], [74.1533855, 34.6791175], [74.153275, 34.679072], [74.1531529, 34.6790151], [74.1530164, 34.678912], [74.1528632, 34.6788853], [74.1527883, 34.6788555], [74.15267, 34.6788377], [74.1524114, 34.6787713], [74.1521796, 34.6787339], [74.1519781, 34.6786716], [74.1517228, 34.6785633], [74.1515295, 34.6785393], [74.1513347, 34.6784355], [74.1509916, 34.6784367], [74.1505237, 34.6782208], [74.15036, 34.6780832], [74.1501626, 34.6779151], [74.1499827, 34.6778604], [74.1498175, 34.6777615], [74.1496753, 34.6777005], [74.149603, 34.6775501], [74.1494436, 34.6774221], [74.1492837, 34.6772665], [74.1491046, 34.6770357], [74.1489344, 34.6769542], [74.1486611, 34.6767374], [74.1485267, 34.676603], [74.1484457, 34.6764973], [74.1483439, 34.6764128], [74.1482782, 34.67639], [74.1482339, 34.6763149], [74.1481349, 34.6762218], [74.1480671, 34.6761609], [74.1480447, 34.676131], [74.1479938, 34.6759475], [74.1479336, 34.6757719], [74.1478511, 34.675613], [74.1478313, 34.6755338], [74.1478156, 34.675431], [74.1478401, 34.6752909], [74.1478558, 34.6752363], [74.1478475, 34.6751768], [74.147839, 34.6750962], [74.147853, 34.6750445], [74.1478433, 34.6750249], [74.1478493, 34.6749863], [74.1478047, 34.6749749], [74.1477285, 34.6749203], [74.1476587, 34.6749143], [74.1475816, 34.6748537], [74.1475719, 34.6748061], [74.1475712, 34.6747555], [74.1474835, 34.674526], [74.1472033, 34.6740004], [74.1470957, 34.6738866], [74.14702, 34.6737889], [74.1469733, 34.6736953], [74.1469883, 34.6736245], [74.1469567, 34.6735661], [74.1468299, 34.6735261], [74.1468082, 34.6735002], [74.1467693, 34.6734529], [74.1467247, 34.6734158], [74.1466719, 34.6734141], [74.1466476, 34.6733774], [74.1466841, 34.6733307], [74.1466669, 34.6732682], [74.1466562, 34.6732506], [74.1464764, 34.6732025], [74.1464562, 34.6731459], [74.1463771, 34.6731034], [74.1463596, 34.673062], [74.1463933, 34.673009], [74.146321, 34.6729231], [74.1462906, 34.6728711], [74.1462099, 34.6726564], [74.1462155, 34.672497], [74.1461702, 34.6723587], [74.1460212, 34.6721827], [74.1459026, 34.6721285], [74.1457607, 34.6720701], [74.1457262, 34.6720385], [74.1456867, 34.6719332], [74.1452914, 34.6716503], [74.1451187, 34.6714475], [74.1449161, 34.6713746], [74.1448291, 34.6713061], [74.1447218, 34.6710367], [74.1446402, 34.6707352], [74.1446428, 34.6706556], [74.1444803, 34.6703107], [74.1444409, 34.6701407], [74.1444598, 34.6699579], [74.1445293, 34.6698744], [74.1446734, 34.6698051], [74.1448105, 34.6696907], [74.1447858, 34.6695382], [74.1446793, 34.6694841], [74.1446431, 34.6693477], [74.1445205, 34.6692255], [74.1444821, 34.6690484], [74.1445256, 34.6688186], [74.1445229, 34.668772], [74.1442563, 34.668492], [74.1442142, 34.6683909], [74.1442127, 34.6681842], [74.1442601, 34.6680732], [74.144239, 34.6678771], [74.1441729, 34.6676208], [74.1441256, 34.6674621], [74.1440765, 34.6673607], [74.1440041, 34.667309], [74.1439153, 34.6672248], [74.1438534, 34.6671197], [74.1438652, 34.6670234], [74.1439204, 34.6669317], [74.1439276, 34.6668425], [74.1438953, 34.6667668], [74.14376, 34.6666386], [74.1436702, 34.6664923], [74.143667, 34.6663867], [74.1437207, 34.6662531], [74.1438161, 34.666078], [74.1438371, 34.6659491], [74.1438307, 34.6658181], [74.1437705, 34.6655982], [74.1437696, 34.6655263], [74.1439463, 34.6651084], [74.1440147, 34.6650516], [74.1440681, 34.6650371], [74.1447252, 34.6649493], [74.144816, 34.6649219], [74.1455728, 34.6646431], [74.1456502, 34.6646054], [74.1458201, 34.6643951], [74.1458686, 34.6643553], [74.1460883, 34.6642731], [74.1462579, 34.6642469], [74.1468434, 34.6642175], [74.1468091, 34.6641237], [74.146828, 34.6639722], [74.146892, 34.6638448], [74.1468322, 34.6637389], [74.146795, 34.6635928], [74.1466593, 34.6634785], [74.1466255, 34.6633435], [74.1466831, 34.6630666], [74.1467533, 34.6630264], [74.1469891, 34.6629922], [74.1472205, 34.6627596], [74.1474909, 34.662596], [74.1476864, 34.6624574], [74.147767, 34.6620494], [74.1477979, 34.661041], [74.1478, 34.6609113], [74.1477827, 34.6608695], [74.1476573, 34.6608707], [74.1473337, 34.6608457], [74.1471553, 34.6607647], [74.1469479, 34.6605532], [74.1468511, 34.6603448], [74.1467867, 34.6601107], [74.1467452, 34.6598138], [74.1469056, 34.6593855], [74.1470381, 34.659117], [74.1470463, 34.659076], [74.1470423, 34.659004], [74.1468451, 34.6586916], [74.1465895, 34.6586085], [74.1463286, 34.6587036], [74.1459327, 34.6586083], [74.1456596, 34.6587225], [74.1455351, 34.6587822], [74.1453842, 34.6588776], [74.1452759, 34.6590269], [74.1450529, 34.6593844], [74.1449422, 34.6594295], [74.1448017, 34.6594344], [74.144728, 34.6593901], [74.1447175, 34.6591716], [74.1446194, 34.658911], [74.1445237, 34.6585967], [74.1443501, 34.658524], [74.1442037, 34.6583712], [74.1440502, 34.6582265], [74.1439982, 34.6582428], [74.1438662, 34.6582221], [74.1437997, 34.6582805], [74.1437954, 34.6583576], [74.1437373, 34.658484], [74.1435842, 34.6586113], [74.1435041, 34.6586916], [74.143425, 34.6588099], [74.1434296, 34.6588998], [74.1434864, 34.6590926], [74.1436556, 34.6592403], [74.1437072, 34.6594791], [74.1436582, 34.6596051], [74.1435575, 34.6596791], [74.1433708, 34.6597274], [74.1431389, 34.6598153], [74.1427646, 34.6601635], [74.1424348, 34.6603717], [74.1421415, 34.6604965], [74.1418504, 34.6605433], [74.1414628, 34.6605683], [74.1412187, 34.6606248], [74.1409969, 34.6607056], [74.1406317, 34.6607502], [74.1399615, 34.6607597], [74.1397843, 34.6607038], [74.1393676, 34.6607282], [74.1391388, 34.6606616], [74.1388767, 34.6605611], [74.1386703, 34.6605188], [74.1384158, 34.6605324], [74.137949, 34.6605083], [74.1377579, 34.6605232], [74.1375987, 34.6606101], [74.1375131, 34.6607365], [74.1373675, 34.6607667], [74.1370316, 34.6607013], [74.1365092, 34.6607855], [74.13616, 34.6608687], [74.1357932, 34.6609562], [74.1354748, 34.6609638], [74.1352622, 34.6609116], [74.1350638, 34.6607692], [74.1348139, 34.6606164], [74.1341595, 34.6606501], [74.1335668, 34.6607376], [74.1333732, 34.6608193], [74.1329619, 34.6608344], [74.1323288, 34.6607195], [74.1317185, 34.6607973], [74.131418, 34.6607767], [74.1309417, 34.6606427], [74.1307305, 34.6605524], [74.1304887, 34.6603471], [74.1302797, 34.6600331], [74.12986, 34.6599624], [74.1294885, 34.6599353], [74.1294056, 34.6598433], [74.1290427, 34.6597068], [74.1289445, 34.6596081], [74.1287448, 34.6595073], [74.1285859, 34.659356], [74.1284692, 34.6591219], [74.1282496, 34.6589373], [74.1279225, 34.6589046], [74.1275041, 34.6590179], [74.1269409, 34.6590252], [74.1264121, 34.6589626], [74.1259052, 34.6591462], [74.12558, 34.6593882], [74.1247817, 34.659616], [74.124329, 34.6597923], [74.1239031, 34.6600879], [74.1231107, 34.6606943], [74.1226322, 34.6611178], [74.1221852, 34.6613551], [74.1215781, 34.6616216], [74.1211556, 34.6621289], [74.1209914, 34.6624308], [74.1208462, 34.6626146], [74.1207258, 34.6626672], [74.1201406, 34.6626276], [74.1198093, 34.6626052], [74.1193999, 34.6628005], [74.1193196, 34.6630159], [74.1192133, 34.6630946], [74.1190614, 34.6632874], [74.1186566, 34.6633299], [74.1183868, 34.6634068], [74.118006, 34.6636394], [74.1175099, 34.6637345], [74.1174499, 34.6638854], [74.1172045, 34.6640241], [74.1164857, 34.6641273], [74.1162232, 34.6642956], [74.115846, 34.6643257], [74.1153996, 34.6642441], [74.1148249, 34.6643167], [74.1146403, 34.6644486], [74.1141613, 34.6645785], [74.1139789, 34.6647871], [74.1137057, 34.6649259], [74.1134787, 34.6652234], [74.1133659, 34.6658323], [74.1134128, 34.6660915], [74.1135491, 34.6663909], [74.1137224, 34.6669169], [74.1136839, 34.6670986], [74.1137144, 34.6674404], [74.1136496, 34.6676866], [74.113509, 34.6678717], [74.1130438, 34.6680589], [74.1127353, 34.6680141], [74.1119509, 34.6682318], [74.1115203, 34.6683933], [74.1114311, 34.668554], [74.1114227, 34.6686309], [74.111509, 34.6688], [74.1116354, 34.6688757], [74.1117095, 34.6689675], [74.1117036, 34.6691353], [74.1116979, 34.6693001], [74.111584, 34.6696645], [74.1113324, 34.6698673], [74.1108505, 34.670237], [74.1106588, 34.6704326], [74.1105173, 34.6706402], [74.1104698, 34.6708974], [74.1104719, 34.6710038], [74.110477, 34.6712665], [74.1103527, 34.6715462], [74.110319, 34.6715814], [74.1098786, 34.6720425], [74.1097395, 34.6723242], [74.1096781, 34.6726117], [74.1096054, 34.6728572], [74.1096106, 34.6729935], [74.10969, 34.6732707], [74.1096022, 34.6734432], [74.1093937, 34.6736521], [74.1089738, 34.6738226], [74.1088306, 34.6740703], [74.1087909, 34.6744664], [74.108888, 34.6749551], [74.1090809, 34.6752633], [74.109107, 34.6754265], [74.1090471, 34.6756825], [74.1090307, 34.6757873], [74.1091994, 34.6760748], [74.1094045, 34.6764265], [74.1094161, 34.6766088], [74.1093323, 34.6768476], [74.1091868, 34.6770224], [74.1089666, 34.6771382], [74.1084248, 34.6773519], [74.1083432, 34.6775075], [74.1082506, 34.6776104], [74.1081907, 34.6776878], [74.1082, 34.6777878], [74.1082782, 34.6779261], [74.1085361, 34.6784208], [74.1087459, 34.6786415], [74.1089269, 34.6787468], [74.1088886, 34.6789402], [74.1088134, 34.6790594], [74.1087701, 34.6791303], [74.1087713, 34.6792093], [74.1088249, 34.6793217], [74.1087759, 34.6794085], [74.1084303, 34.679624], [74.1082507, 34.6796584], [74.1081386, 34.6798146], [74.107998, 34.6798556], [74.1076528, 34.6798218], [74.1074064, 34.6797225], [74.1072383, 34.6797365], [74.1071342, 34.6798547], [74.1070065, 34.6799313], [74.1067143, 34.6799162], [74.1066368, 34.6799851], [74.1064904, 34.6799801], [74.1060819, 34.6797775], [74.1058756, 34.6797584], [74.1057093, 34.6797108], [74.105508, 34.6797622], [74.1053632, 34.6797181], [74.1052137, 34.679709], [74.1048455, 34.6796278], [74.1045913, 34.6796605], [74.1045033, 34.679729], [74.1043549, 34.6797888], [74.1041907, 34.6798846], [74.1039965, 34.6799194], [74.1038282, 34.6798305], [74.1035246, 34.6797358], [74.10341, 34.679651], [74.1032432, 34.6796125], [74.102936, 34.6794089], [74.1028365, 34.6792951], [74.102809, 34.6791625], [74.1025091, 34.6789975], [74.1024472, 34.6789257], [74.1022818, 34.6788575], [74.1022106, 34.6787475], [74.1020377, 34.6786968], [74.1018874, 34.6785371], [74.1018494, 34.6783973], [74.1017506, 34.6782429], [74.1016718, 34.6781565], [74.1015447, 34.6778271], [74.1014863, 34.6777705], [74.101503, 34.677701], [74.1015685, 34.6776587], [74.1015346, 34.6775156], [74.1014648, 34.6773313], [74.1013729, 34.6773118], [74.1011828, 34.6773545], [74.1009822, 34.6772829], [74.1008836, 34.6771626], [74.1007438, 34.677066], [74.1004231, 34.6769786], [74.1003408, 34.6766881], [74.1000971, 34.6765703], [74.0999976, 34.6764475], [74.0999321, 34.6761668], [74.0996616, 34.6760524], [74.0996088, 34.675931], [74.0994208, 34.6757102], [74.0993819, 34.6755047], [74.0994438, 34.6753659], [74.0993807, 34.675242], [74.099103, 34.6750612], [74.0990489, 34.6749695], [74.0987688, 34.6749194], [74.0983113, 34.6747305], [74.0981631, 34.6746863], [74.0981727, 34.674499], [74.0980799, 34.6744004], [74.0978039, 34.673936], [74.0976972, 34.6738376], [74.0976099, 34.6736931], [74.0975778, 34.6734648], [74.0976008, 34.6732833], [74.0974473, 34.6730544], [74.0972217, 34.6728652], [74.0969975, 34.6727611], [74.0965684, 34.6727343], [74.0963737, 34.6726076], [74.0963461, 34.6723708], [74.0963855, 34.6722523], [74.0963386, 34.6721728], [74.0962309, 34.6721065], [74.0961109, 34.671886], [74.0960653, 34.6716917], [74.0958586, 34.6716902], [74.0956943, 34.6715956], [74.0955635, 34.6715663], [74.0952385, 34.6710815], [74.0950631, 34.6709139], [74.0949462, 34.6708062], [74.0948346, 34.6707484], [74.0946106, 34.6704811], [74.094422, 34.6703782], [74.0940855, 34.6703241], [74.0938069, 34.6703562], [74.0937074, 34.6703512], [74.0933819, 34.6701741], [74.09323, 34.6701415], [74.0930214, 34.6699935], [74.0929623, 34.669843], [74.0928684, 34.6697825], [74.0927441, 34.6697827], [74.0924475, 34.6695281], [74.0920309, 34.6693763], [74.0918861, 34.6693616], [74.0918069, 34.6693919], [74.0916858, 34.6693508], [74.0914639, 34.6692788], [74.0912617, 34.6691429], [74.0911142, 34.6690842], [74.0908101, 34.6690514], [74.0905869, 34.6690408], [74.0903574, 34.6690037], [74.090183, 34.6689154], [74.0901042, 34.6688292], [74.089851, 34.6688762], [74.0897387, 34.6689467], [74.0896536, 34.6689477], [74.0895449, 34.6690154], [74.0892059, 34.669081], [74.0891237, 34.669196], [74.0889098, 34.6692293], [74.0887994, 34.6693321], [74.0887134, 34.6693566], [74.0886904, 34.6693999], [74.0884659, 34.6695208], [74.0884102, 34.6696412], [74.0881776, 34.6697321], [74.0880619, 34.6698169], [74.0879695, 34.6698266], [74.087869, 34.6698768], [74.0874936, 34.6699997], [74.0871443, 34.670065], [74.0869756, 34.6701343], [74.0868008, 34.6701684], [74.0867446, 34.6702635], [74.0865791, 34.6703387], [74.086198, 34.6703859], [74.0860474, 34.6704352], [74.0858699, 34.6704401], [74.0856301, 34.6704993], [74.0854138, 34.670594], [74.0846669, 34.6705437], [74.0845602, 34.6705588], [74.0845117, 34.6706248], [74.0843878, 34.6706279], [74.0842931, 34.6706987], [74.0841583, 34.6707089], [74.0840142, 34.6709064], [74.0839367, 34.6710066], [74.0839516, 34.6710973], [74.0837634, 34.6712243], [74.0836823, 34.6712109], [74.0834966, 34.6712565], [74.0830649, 34.6711451], [74.0827074, 34.671087], [74.0825544, 34.6711041], [74.0823988, 34.671089], [74.0819873, 34.6709749], [74.0816571, 34.6708802], [74.0814655, 34.6708906], [74.0812911, 34.670916], [74.0811115, 34.6708829], [74.0808063, 34.6706926], [74.0804632, 34.670592], [74.0800063, 34.6705239], [74.0796309, 34.670488], [74.0793813, 34.670408], [74.0789781, 34.6703475], [74.0783752, 34.6702762], [74.0776261, 34.6702534], [74.0769184, 34.6701799], [74.0765202, 34.6701325], [74.0762801, 34.6700595], [74.0761032, 34.670075], [74.0756697, 34.6700104], [74.0755113, 34.6700555], [74.0753777, 34.670059], [74.0752453, 34.6700238], [74.0750089, 34.670051], [74.0747403, 34.6699804], [74.0744779, 34.6698486], [74.0743789, 34.6697593], [74.0741304, 34.6696893], [74.0739943, 34.6695477], [74.0738748, 34.6694935], [74.0736716, 34.6694827], [74.0732976, 34.6693361], [74.07284, 34.6692816], [74.0725742, 34.6692693], [74.0722674, 34.6691966], [74.072176, 34.6691946], [74.0718082, 34.6692461], [74.0713441, 34.6693165], [74.0711907, 34.6693702], [74.0710231, 34.6694884], [74.0708307, 34.6695528], [74.0707125, 34.6696189], [74.0703523, 34.6698332], [74.0702527, 34.6700108], [74.0701276, 34.6701302], [74.0698027, 34.6702678], [74.069757, 34.6703472], [74.0696204, 34.6704464], [74.069494, 34.6704991], [74.0692658, 34.6706518], [74.0690232, 34.6707721], [74.0688473, 34.6707865], [74.0686358, 34.6708259], [74.0683446, 34.670851], [74.0678399, 34.6708682], [74.0674569, 34.6709132], [74.067237, 34.670877], [74.0668911, 34.6707471], [74.0663762, 34.6706795], [74.0662158, 34.670604], [74.0659721, 34.6705477], [74.065793, 34.6705438], [74.0656622, 34.6705848], [74.0655836, 34.6706677], [74.0652414, 34.6707668], [74.0649844, 34.6708238], [74.0646687, 34.6708136], [74.0646421, 34.6708131], [74.0646269, 34.6708127], [74.0642743, 34.6708926], [74.0641722, 34.6708747], [74.0638679, 34.670774], [74.0633904, 34.6707572], [74.0630921, 34.6707896], [74.0627717, 34.67082], [74.0625457, 34.6708775], [74.0624238, 34.6708872], [74.0621857, 34.6708445], [74.0621706, 34.6708411], [74.0616293, 34.6708042], [74.0613492, 34.6707949], [74.0611547, 34.6708405], [74.0610734, 34.6708947], [74.0605265, 34.6710869], [74.0550196, 34.6721076], [74.0547954, 34.6722574], [74.0547007, 34.6723986], [74.0546109, 34.6726785], [74.0545316, 34.6727614], [74.0544772, 34.6728819], [74.0543306, 34.67298], [74.054256, 34.6732623], [74.0541517, 34.6733277], [74.054094, 34.6734688], [74.0540785, 34.673571], [74.0541013, 34.6736451], [74.054192, 34.673784], [74.0542145, 34.6739541], [74.0542006, 34.6740371], [74.0541368, 34.6740716], [74.0539796, 34.673885], [74.0537345, 34.6736941], [74.0535803, 34.6735922], [74.0529784, 34.6733625], [74.0526998, 34.6733132], [74.0524028, 34.673252], [74.0520183, 34.6731157], [74.051745, 34.6730764], [74.051483, 34.6730742], [74.0512478, 34.673091], [74.0504382, 34.6729507], [74.0501865, 34.672959], [74.0500283, 34.6730186], [74.0498786, 34.6729784], [74.0496494, 34.6729846], [74.049456, 34.6729584], [74.0491062, 34.6727448], [74.048833, 34.6726769], [74.0483747, 34.672493], [74.0481148, 34.6725097], [74.0477442, 34.6724565], [74.0474833, 34.6723711], [74.0472196, 34.6723336], [74.0469342, 34.6724108], [74.0467162, 34.6724729], [74.0465545, 34.6726023], [74.0463384, 34.6727297], [74.0460806, 34.6728119], [74.045855, 34.6728549], [74.0461251, 34.673988], [74.0432362, 34.6742624], [74.0427269, 34.6749411], [74.0426064, 34.6752045], [74.0423719, 34.6753824], [74.0422775, 34.6754491], [74.0421299, 34.6754968], [74.0420711, 34.6755454], [74.0420407, 34.6755823], [74.0419502, 34.6756063], [74.0417759, 34.6756331], [74.0416416, 34.675658], [74.0414906, 34.6757099], [74.0413508, 34.6757507], [74.0412912, 34.6757836], [74.0412326, 34.6758389], [74.0411614, 34.6758919], [74.0410867, 34.6759211], [74.0409189, 34.6759542], [74.0408387, 34.6759733], [74.040769, 34.6760199], [74.0407213, 34.6760625], [74.0406653, 34.6761147], [74.0405909, 34.6761841], [74.0405109, 34.6762091], [74.0403358, 34.6762261], [74.0402172, 34.6762538], [74.0400666, 34.6763596], [74.0399961, 34.6764377], [74.0398493, 34.6765246], [74.0396913, 34.6766415], [74.0394992, 34.6767275], [74.039256, 34.6769165], [74.0390242, 34.6769929], [74.0387538, 34.677073], [74.0385783, 34.6771302], [74.0383814, 34.6771543], [74.0382928, 34.6771987], [74.0381154, 34.6772944], [74.0380685, 34.6773598], [74.0380221, 34.6773786], [74.0378512, 34.6775316], [74.0377782, 34.6776019], [74.0377199, 34.6776603], [74.0376583, 34.677687], [74.0375554, 34.6777029], [74.0372824, 34.6777331], [74.0371291, 34.6778126], [74.0370886, 34.6778494], [74.0370493, 34.6778968], [74.0369234, 34.6779595], [74.0368649, 34.6780727], [74.0368012, 34.6781037], [74.0367259, 34.6781706], [74.0365825, 34.6782247], [74.0364825, 34.6783164], [74.0363786, 34.6783975], [74.0359905, 34.6785379], [74.0357615, 34.6787025], [74.0356584, 34.6788411], [74.0352106, 34.6790808], [74.0349862, 34.6792175], [74.0342945, 34.6793246], [74.0338701, 34.6794957], [74.0336413, 34.6795819], [74.0329778, 34.6796642], [74.0326745, 34.6798148], [74.0318683, 34.6801344], [74.0311822, 34.6804354], [74.0311305, 34.6808489], [74.0310267, 34.6811329], [74.0308343, 34.6813287], [74.0305786, 34.6814497], [74.0304189, 34.6816321], [74.0303964, 34.6818332], [74.0303735, 34.6820206], [74.0302442, 34.6821788], [74.0299831, 34.6824035], [74.0298618, 34.68269], [74.0298779, 34.6828674], [74.030028, 34.6831361], [74.0298234, 34.6831881], [74.0294907, 34.6831184], [74.0291244, 34.6829725], [74.0287466, 34.6827502], [74.0284027, 34.6826509], [74.0279858, 34.682354], [74.0277231, 34.6821001], [74.027406, 34.681765], [74.0268486, 34.6817089], [74.0263692, 34.6817312], [74.0258653, 34.6818219], [74.0254209, 34.6816852], [74.0252025, 34.6817021], [74.0247081, 34.6816822], [74.0236526, 34.6813978], [74.0232228, 34.6814272], [74.0226907, 34.6813716], [74.0224509, 34.6814091], [74.0223213, 34.6814791], [74.0218666, 34.6815383], [74.0214362, 34.681499], [74.021041, 34.6816031], [74.0197717, 34.6815158], [74.0194115, 34.681377], [74.0191345, 34.6813479], [74.0187594, 34.6812846], [74.0184151, 34.6813643], [74.0181139, 34.6813176], [74.0176705, 34.6813399], [74.0171378, 34.6812306], [74.0143707, 34.6832785], [74.0143328, 34.6832908], [74.0142488, 34.6833069], [74.0141366, 34.683316], [74.0141037, 34.6833286], [74.0140664, 34.683369], [74.0140293, 34.6834142], [74.0139793, 34.6834405], [74.0139116, 34.6834565], [74.0138213, 34.683489], [74.0137574, 34.6835045], [74.013681, 34.6835112], [74.0135438, 34.6835179], [74.0134077, 34.6835379], [74.0132739, 34.6835578], [74.0131224, 34.6836026], [74.0129625, 34.6836856], [74.0127555, 34.6837928], [74.0125595, 34.6838706], [74.0123328, 34.6839755], [74.0121156, 34.6840336], [74.0117451, 34.684113], [74.0112994, 34.6841989], [74.0110171, 34.6842378], [74.010685, 34.684274], [74.0103694, 34.6842899], [74.0099986, 34.6843247], [74.009723, 34.6843748], [74.0095465, 34.6844304], [74.0094026, 34.6845092], [74.0092949, 34.6845866], [74.00919, 34.6845391], [74.0090718, 34.6845263], [74.0089287, 34.6845319], [74.0086541, 34.684561], [74.0084307, 34.6845463], [74.0082065, 34.6845249], [74.0081334, 34.6845126], [74.0079955, 34.6844451], [74.0077807, 34.6843857], [74.0076124, 34.684365], [74.0073276, 34.6843738], [74.0070564, 34.6844131], [74.0068594, 34.6844343], [74.0061897, 34.684448], [74.0056133, 34.6844232], [74.0050753, 34.6843782], [74.0045706, 34.6842989], [74.0042424, 34.6842401], [74.003994, 34.6842017], [74.0037911, 34.6841507], [74.0034621, 34.683982], [74.0030512, 34.6836967], [74.0019943, 34.6829933], [73.9990134, 34.6831445], [73.9979587, 34.6823726], [73.9975197, 34.6822907], [73.9971967, 34.682253], [73.9967965, 34.6822331], [73.9964515, 34.682231], [73.9961331, 34.6822593], [73.9958897, 34.6823226], [73.9955319, 34.6824292], [73.9953473, 34.6824181], [73.9951438, 34.6823701], [73.9949391, 34.6823518], [73.9947722, 34.6823756], [73.9946278, 34.682424], [73.9944769, 34.6824378], [73.9943846, 34.6823941], [73.9940879, 34.6823607], [73.9938828, 34.6823577], [73.9936469, 34.6824122], [73.9933658, 34.6823789], [73.9930574, 34.6824175], [73.9927415, 34.6824501], [73.9925565, 34.6824336], [73.9924854, 34.682426], [73.9922762, 34.6824963], [73.9921533, 34.682521], [73.9919277, 34.6825941], [73.9917573, 34.6826153], [73.9915756, 34.6825966], [73.9913185, 34.68262], [73.9909942, 34.6825513], [73.9906706, 34.6825215], [73.9902181, 34.682477], [73.9899896, 34.6825133], [73.98975, 34.6825588], [73.9894277, 34.6825663], [73.9892589, 34.682565], [73.9890893, 34.6825318], [73.9886904, 34.6822662], [73.9883519, 34.6821304], [73.9876591, 34.6820843], [73.9875705, 34.6820621], [73.987422, 34.6820084], [73.9872762, 34.6820521], [73.9871621, 34.6820296], [73.9870129, 34.6820642], [73.9869075, 34.6820395], [73.9868602, 34.6821387], [73.9867522, 34.6822655], [73.9867275, 34.6823744], [73.9865686, 34.6824844], [73.9864764, 34.68252], [73.9864176, 34.6826046], [73.9863079, 34.6826754], [73.9862954, 34.682719], [73.9861825, 34.6828458], [73.9861093, 34.6829482], [73.9860214, 34.682975], [73.9858113, 34.6829611], [73.9857315, 34.6830061], [73.9857231, 34.6830468], [73.9854874, 34.6832089], [73.9853258, 34.6832749], [73.9852572, 34.6832617], [73.9851239, 34.6832816], [73.9850732, 34.6833113], [73.9850571, 34.6833665], [73.9849515, 34.6834099], [73.9848835, 34.6834123], [73.9847755, 34.6833658], [73.9847181, 34.6833572], [73.9846253, 34.6833799], [73.9845535, 34.683424], [73.9843903, 34.6833984], [73.9842651, 34.6834088], [73.9841537, 34.6833974], [73.9840949, 34.6833322], [73.9840028, 34.6833549], [73.9838511, 34.6833382], [73.9837974, 34.6833039], [73.9837618, 34.6832106], [73.9836356, 34.6831579], [73.9835298, 34.6830931], [73.98341, 34.6830504], [73.9832578, 34.6830416], [73.9831223, 34.6830489], [73.9829617, 34.6829544], [73.9828813, 34.6829484], [73.9828481, 34.6830248], [73.9827079, 34.6830528], [73.9826257, 34.6830261], [73.9825003, 34.6831693], [73.9824233, 34.683192], [73.9822902, 34.6832045], [73.9822068, 34.6831904], [73.9820997, 34.6832029], [73.9820577, 34.6832476], [73.9819859, 34.6832588], [73.9818628, 34.683196], [73.9817588, 34.6831776], [73.9816625, 34.6831382], [73.9815453, 34.6830648], [73.9813905, 34.6830682], [73.9812527, 34.6831293], [73.9811379, 34.68316], [73.9810501, 34.6832445], [73.9808011, 34.6833374], [73.9804592, 34.6836002], [73.9803559, 34.6837216], [73.9801526, 34.6838362], [73.9799759, 34.6838811], [73.9798423, 34.6839365], [73.9796318, 34.68408], [73.9794281, 34.6841172], [73.978931, 34.684024], [73.978575, 34.6840204], [73.9782842, 34.6840293], [73.9781037, 34.6840821], [73.9780745, 34.6841196], [73.9780899, 34.6842166], [73.9780773, 34.6844064], [73.9780326, 34.6845572], [73.9780153, 34.6846236], [73.9780328, 34.6846854], [73.9780192, 34.6847323], [73.9779417, 34.6847631], [73.9777723, 34.684734], [73.977676, 34.6847872], [73.9776116, 34.6848654], [73.977464, 34.6849356], [73.9773469, 34.6848716], [73.9770348, 34.6847777], [73.9770098, 34.6847075], [73.9769753, 34.6846701], [73.9767139, 34.6845546], [73.976633, 34.6845862], [73.9765275, 34.6845931], [73.9762962, 34.684671], [73.9761529, 34.6846615], [73.976017, 34.6845795], [73.9757811, 34.6846675], [73.9755981, 34.6848107], [73.9754212, 34.68493], [73.9753604, 34.6850204], [73.9752535, 34.6850696], [73.9748439, 34.6854388], [73.974816, 34.6854984], [73.974692, 34.6855486], [73.9742493, 34.6855885], [73.9739767, 34.6855965], [73.9738184, 34.6856207], [73.9737224, 34.685695], [73.9733762, 34.6857468], [73.9731908, 34.685829], [73.9727798, 34.6857869], [73.9727655, 34.6857834], [73.9722976, 34.6858541], [73.9720397, 34.6859437], [73.9719303, 34.6860404], [73.9718898, 34.6862134], [73.9717062, 34.6864494], [73.9716382, 34.6867002], [73.9717221, 34.6868698], [73.9715723, 34.6872109], [73.9711566, 34.6872458], [73.9708175, 34.6871982], [73.9703282, 34.686966], [73.9695011, 34.6864939], [73.9691113, 34.68614], [73.9690973, 34.6861223], [73.9688411, 34.6857401], [73.9686729, 34.6853102], [73.9685484, 34.6848352], [73.9683367, 34.6834764], [73.9681845, 34.6830127], [73.9680594, 34.6828122], [73.9676613, 34.6824722], [73.9672423, 34.6820922], [73.9667836, 34.6814932], [73.9664568, 34.681047], [73.9664082, 34.6809806], [73.9657724, 34.6803841], [73.9649318, 34.6797756], [73.9645806, 34.6793958], [73.9640839, 34.6787276], [73.9640483, 34.6786914], [73.9632986, 34.6779126], [73.9624117, 34.6770394], [73.9614953, 34.6761208], [73.960564, 34.6753205], [73.9602099, 34.6751103], [73.9595928, 34.6748456], [73.9589476, 34.6745038], [73.9583634, 34.6741019], [73.9574312, 34.6733646], [73.9565461, 34.6728225], [73.9558519, 34.6725174], [73.9552585, 34.6722879], [73.9547951, 34.6720139], [73.9541658, 34.6716039], [73.9538046, 34.6713651], [73.9535073, 34.6711981], [73.9532698, 34.6710793], [73.9531379, 34.6709315], [73.9530507, 34.6707469], [73.9530372, 34.6706217], [73.9530698, 34.6704065], [73.9531855, 34.6699257], [73.9532948, 34.6691276], [73.9533802, 34.6689448], [73.9535061, 34.6687916], [73.9537229, 34.6686423], [73.9539457, 34.6684979], [73.9543042, 34.6682151], [73.9546064, 34.6680167], [73.954754, 34.6679508], [73.9550353, 34.6678795], [73.9553154, 34.6677833], [73.9553184, 34.6677785], [73.9555005, 34.6676907], [73.9556943, 34.6676017], [73.9559179, 34.6674329], [73.9560015, 34.6673572], [73.9560476, 34.6672525], [73.9561158, 34.6670151], [73.9561397, 34.6669534], [73.95615, 34.6668403], [73.9561699, 34.6666323], [73.9562023, 34.6664936], [73.956292, 34.6663065], [73.9563989, 34.6661114], [73.9564254, 34.6659769], [73.9564206, 34.665793], [73.9563846, 34.6656019], [73.9563065, 34.6654309], [73.9561259, 34.6652021], [73.9559147, 34.6649249], [73.9556916, 34.6645935], [73.9555336, 34.6644274], [73.9549908, 34.6639698], [73.9545005, 34.663554], [73.9538379, 34.6631252], [73.9531171, 34.6626876], [73.9524894, 34.6622366], [73.9518151, 34.6617557], [73.9512013, 34.661334], [73.9506224, 34.6609126], [73.9501594, 34.66049], [73.9495873, 34.6598428], [73.9492067, 34.6593641], [73.9488143, 34.6588095], [73.94838, 34.6581098], [73.9483356, 34.6579753], [73.9483311, 34.657851], [73.9483437, 34.6576859], [73.9483492, 34.6574477], [73.9483021, 34.6572486], [73.9481933, 34.6570072], [73.9480007, 34.6566205], [73.9478599, 34.656322], [73.9477434, 34.6559738], [73.9476394, 34.6555238], [73.9476099, 34.6552058], [73.9476316, 34.6551128], [73.9477661, 34.6548176], [73.9478138, 34.654689], [73.9478142, 34.6546815], [73.9478743, 34.6545169], [73.9479282, 34.6544333], [73.9480469, 34.6543465], [73.9483581, 34.6541503], [73.948785, 34.6538189], [73.9492067, 34.6535228], [73.9500812, 34.6531156], [73.9504995, 34.6527776], [73.9510669, 34.6525102], [73.9523742, 34.651916], [73.9526512, 34.6517546], [73.9529929, 34.6514139], [73.9534989, 34.6504862], [73.9536093, 34.6500102], [73.953546, 34.6492399], [73.9533602, 34.6489654], [73.9531445, 34.6488896], [73.9522631, 34.6489323], [73.9513697, 34.6489784], [73.9505921, 34.648977], [73.9504735, 34.6489463], [73.9504314, 34.6489075], [73.95038, 34.6488125], [73.9503044, 34.648639], [73.950183, 34.6484056], [73.9500083, 34.648203], [73.9498385, 34.648053], [73.949588, 34.6479078], [73.9490631, 34.6477056], [73.9483531, 34.6475243], [73.9476084, 34.6473885], [73.9463869, 34.6472523], [73.9454814, 34.6471498], [73.9446443, 34.6471215], [73.9439664, 34.6471708], [73.9430921, 34.647301], [73.9425273, 34.6473386], [73.9417291, 34.6473362], [73.9408615, 34.647383], [73.9396173, 34.6474324], [73.938941, 34.6474442], [73.9382969, 34.6473842], [73.9377177, 34.6472848], [73.9375114, 34.6472145], [73.937382, 34.647128], [73.937233, 34.6469435], [73.937097, 34.6468459], [73.9369161, 34.6467637], [73.9363609, 34.6465748], [73.9357884, 34.6463638], [73.9351067, 34.6460517], [73.9348818, 34.6459144], [73.9346716, 34.6457245], [73.9344498, 34.6454575], [73.9342153, 34.6452059], [73.9339875, 34.6448634], [73.9337906, 34.6445514], [73.9336299, 34.6442364], [73.9334356, 34.6440261], [73.9332757, 34.6437498], [73.9331913, 34.6435871], [73.933083, 34.6433216], [73.9329466, 34.6431058], [73.9327027, 34.6426297], [73.9324741, 34.6421911], [73.9324312, 34.6420798], [73.9322669, 34.6416543], [73.9321485, 34.641444], [73.9320847, 34.6412352], [73.932083, 34.6410705], [73.932148, 34.6406963], [73.9322496, 34.6404271], [73.9323668, 34.6403115], [73.9327236, 34.6401702], [73.9327839, 34.6401241], [73.9328909, 34.6399142], [73.9331726, 34.6395869], [73.9331915, 34.6394858], [73.9331681, 34.6393779], [73.933072, 34.6392809], [73.9332098, 34.6390426], [73.9332844, 34.6388783], [73.9334678, 34.6385764], [73.9335198, 34.638377], [73.9335108, 34.6382485], [73.9332895, 34.6377256], [73.9332576, 34.6375874], [73.9332638, 34.6374542], [73.9332916, 34.6372506], [73.9332213, 34.6367243], [73.9332355, 34.6362425], [73.9332587, 34.6357981], [73.9332834, 34.635639], [73.9334415, 34.6352601], [73.9337832, 34.6346379], [73.9339356, 34.6340964], [73.9339391, 34.6339542], [73.9338674, 34.6335162], [73.9337766, 34.6332194], [73.9336337, 34.6329733], [73.9333398, 34.6325969], [73.9335763, 34.6323159], [73.9336342, 34.6322328], [73.9336646, 34.6321398], [73.9335587, 34.6319457], [73.9334022, 34.6317541], [73.9330905, 34.6314865], [73.9326461, 34.6310742], [73.9321994, 34.6306427], [73.9319262, 34.6303421], [73.9316849, 34.6298865], [73.9316319, 34.6297218], [73.9316283, 34.6295975], [73.9316729, 34.6294334], [73.9317569, 34.6292071], [73.9319375, 34.628967], [73.9320646, 34.6288196], [73.9323557, 34.6283114], [73.9326942, 34.6278608], [73.9327619, 34.627682], [73.9327727, 34.6275499], [73.9325956, 34.6266211], [73.9324203, 34.6255961], [73.9321792, 34.6246077], [73.9321026, 34.6240639], [73.9321801, 34.6233988], [73.9323304, 34.6227989], [73.9326561, 34.6221174], [73.9329925, 34.6214533], [73.9333215, 34.6203238], [73.933422, 34.6196749], [73.9334783, 34.617877], [73.9335232, 34.6164583], [73.9334322, 34.6151732], [73.9332823, 34.6144288], [73.9330349, 34.6137444], [73.9327607, 34.6132254], [73.9322629, 34.6125079], [73.9317993, 34.6119652], [73.9311576, 34.6113794], [73.9302749, 34.6106678], [73.9295057, 34.6100706], [73.9289819, 34.6096728], [73.928735, 34.6094451], [73.9285599, 34.6091451], [73.9283453, 34.6085687], [73.9282298, 34.6079932], [73.9281996, 34.6075068], [73.9282367, 34.6070906], [73.9283039, 34.6067604], [73.928439, 34.6064379], [73.92875, 34.6058809], [73.9288531, 34.6056148], [73.9288712, 34.6054651], [73.9286895, 34.6041551], [73.9284562, 34.6030914], [73.9289017, 34.6030435], [73.9292524, 34.6029885], [73.9296493, 34.6030319], [73.930116, 34.6031821], [73.9303825, 34.6032162], [73.9307996, 34.6032927], [73.9313909, 34.6032692], [73.931861, 34.6031101], [73.932369, 34.6029205], [73.9330004, 34.6026447], [73.9348797, 34.6018618], [73.9356312, 34.601619], [73.9363842, 34.6016107], [73.9371496, 34.6015013], [73.9386272, 34.6010254], [73.939904, 34.6007448], [73.9408532, 34.6005594], [73.941716, 34.6004526], [73.9424862, 34.6003191], [73.9431037, 34.6000933], [73.9434653, 34.5997789], [73.944239, 34.5990902], [73.9446687, 34.5987845], [73.9459242, 34.5985234], [73.9471977, 34.5984915], [73.9487258, 34.5985034], [73.9493715, 34.5982568], [73.9500123, 34.5982657], [73.950365, 34.59801], [73.9505573, 34.5979444], [73.9514243, 34.5979579], [73.9529139, 34.5977363], [73.9533543, 34.5970218], [73.9537513, 34.5964815], [73.9541975, 34.5958206], [73.9541876, 34.5956509], [73.9541116, 34.5954333], [73.9537154, 34.5945985], [73.9532805, 34.5933262], [73.953221, 34.5928611], [73.9533382, 34.5923604], [73.9534394, 34.5920505], [73.9535607, 34.5918769], [73.9536319, 34.5917705], [73.9536337, 34.5915794], [73.9536179, 34.5915521], [73.9535571, 34.5913454], [73.953351, 34.5910268], [73.9530685, 34.5904426], [73.9526575, 34.5881319], [73.9526195, 34.5877427], [73.952689, 34.5867739], [73.9526549, 34.5863701], [73.9524711, 34.5858468], [73.9523032, 34.5854617], [73.9521817, 34.5851696], [73.9521588, 34.5848655], [73.9522457, 34.5844387], [73.9522566, 34.5838776], [73.9522439, 34.5833779], [73.9521398, 34.5829432], [73.9594795, 34.5820771], [73.9604808, 34.5820165], [73.9516041, 34.5693785], [73.9565744, 34.5663465], [73.9558422, 34.5654794], [73.95569, 34.5651869], [73.9552908, 34.5642867], [73.9548, 34.5634868], [73.954386, 34.5629365], [73.9541291, 34.5625066], [73.9539701, 34.5620917], [73.9537733, 34.5613092], [73.9534937, 34.5605739], [73.9486614, 34.5568497], [73.9450407, 34.5541275], [73.9444147, 34.5533564], [73.9438171, 34.5532163], [73.9411005, 34.5520807], [73.93876, 34.5536824], [73.9050294, 34.5279357], [73.9052034, 34.5271081], [73.9055431, 34.526862], [73.9062879, 34.5259605], [73.9074649, 34.5244606], [73.9083218, 34.5234127], [73.908639, 34.5228943], [73.9090746, 34.5224584], [73.9117035, 34.5190384], [73.9115145, 34.518831], [73.9112978, 34.5186299], [73.9112345, 34.5183315], [73.9111281, 34.5182764], [73.9109388, 34.5181466], [73.9108013, 34.5180165], [73.9105295, 34.5179161], [73.9101983, 34.5177572], [73.9100601, 34.5175886], [73.9099884, 34.5172705], [73.9098661, 34.5172283], [73.9097989, 34.5171634], [73.9096798, 34.5168872], [73.9095212, 34.5166531], [73.9093625, 34.5163353], [73.9090587, 34.5160267], [73.9089086, 34.5159226], [73.908727, 34.5158739], [73.9082809, 34.5158576], [73.9081545, 34.5158284], [73.9080676, 34.5157373], [73.9079964, 34.5155259], [73.9079885, 34.515412], [73.9079253, 34.5153795], [73.9078107, 34.5152949], [73.9073875, 34.5149824], [73.9070193, 34.5149301], [73.9068531, 34.5148482], [73.9066351, 34.5146508], [73.9064649, 34.5145631], [73.9063532, 34.5144139], [73.9062945, 34.5142735], [73.9061986, 34.514212], [73.9061081, 34.5141989], [73.9058793, 34.5142516], [73.9057568, 34.5142473], [73.9053786, 34.5141727], [73.905256, 34.5141639], [73.9050802, 34.5142079], [73.9049204, 34.5143089], [73.9046327, 34.5146912], [73.9044727, 34.5147922], [73.9042382, 34.5148494], [73.9038543, 34.5147396], [73.903753, 34.514766], [73.903497, 34.514687], [73.9032622, 34.5145641], [73.9030753, 34.5142609], [73.9030271, 34.5139753], [73.9029255, 34.513773], [73.9029279, 34.5135732], [73.9029067, 34.5134809], [73.9028432, 34.5132479], [73.9027902, 34.5130632], [73.902849, 34.5129401], [73.9027959, 34.5128213], [73.9028545, 34.5127289], [73.9028279, 34.5126057], [73.9026735, 34.5124473], [73.9026309, 34.5123725], [73.9026629, 34.5122977], [73.9026203, 34.5121656], [73.9024709, 34.5120116], [73.9022466, 34.5117519], [73.9021236, 34.5115628], [73.9018246, 34.5115583], [73.9015416, 34.5114219], [73.9011947, 34.5115317], [73.9009223, 34.5115888], [73.900308, 34.5115003], [73.9001263, 34.5115266], [73.8996506, 34.511989], [73.8996293, 34.5122093], [73.8996721, 34.5124559], [73.8996079, 34.5128258], [73.8994796, 34.5130813], [73.8992604, 34.5132575], [73.8991856, 34.5134205], [73.898849, 34.5135791], [73.8984908, 34.5135747], [73.8982395, 34.5135527], [73.8980686, 34.5136364], [73.8979777, 34.5136716], [73.8979028, 34.5136584], [73.8977957, 34.5135616], [73.8977153, 34.5134074], [73.8975334, 34.5133502], [73.8973353, 34.5132886], [73.8968326, 34.5132243], [73.8966, 34.5131709], [73.8907741, 34.4997445], [73.8915365, 34.4973482], [73.8914731, 34.4972675], [73.891471, 34.4970773], [73.8913558, 34.4969206], [73.8912665, 34.496866], [73.891209, 34.4967948], [73.8912234, 34.496382], [73.8912939, 34.4961765], [73.89136, 34.496077], [73.8913484, 34.4959111], [73.8914087, 34.4958164], [73.8914532, 34.4957185], [73.8915333, 34.4955051], [73.8916336, 34.4951392], [73.8917194, 34.4948244], [73.89182, 34.4945345], [73.8918774, 34.4942529], [73.8920567, 34.4937995], [73.8920939, 34.4935992], [73.8920719, 34.4934013], [73.8920169, 34.4931113], [73.8919985, 34.4928327], [73.8919756, 34.4926446], [73.8918876, 34.4925681], [73.8918066, 34.4923968], [73.8903952, 34.4901006], [73.890315, 34.4899188], [73.8901946, 34.489881], [73.8900282, 34.4895546], [73.8897391, 34.4894303], [73.8895755, 34.4892767], [73.8895123, 34.4891063], [73.889104, 34.4888576], [73.8890781, 34.4887201], [73.8892104, 34.4886158], [73.889219, 34.488547], [73.889055, 34.4884735], [73.889, 34.4882586], [73.8888436, 34.4881564], [73.8885269, 34.4878433], [73.8884491, 34.487727], [73.8882588, 34.4875679], [73.8882184, 34.4874396], [73.8881001, 34.4873137], [73.8879385, 34.4872209], [73.8878712, 34.4870586], [73.8877127, 34.4870063], [73.8875051, 34.4867995], [73.8875079, 34.486702], [73.8874906, 34.4866473], [73.887378, 34.4865569], [73.8873162, 34.4864903], [73.887172, 34.4864143], [73.8870538, 34.4861811], [73.8867707, 34.4859523], [73.8867042, 34.4857807], [73.8863985, 34.4853774], [73.8863988, 34.4851475], [73.8863642, 34.4850019], [73.8861588, 34.4848323], [73.8859126, 34.4844978], [73.8839391, 34.4836862], [73.8824438, 34.4837101], [73.8818309, 34.4746112], [73.8833323, 34.4745813], [73.8869302, 34.4685899], [73.8856955, 34.4653377], [73.8886803, 34.4652095], [73.8878311, 34.4528662], [73.8799049, 34.4532811], [73.8767736, 34.4509386]]]]}}, {"type": "Feature", "properties": {"tehsil": "Karnah", "district": "Kupwara"}, "geometry": {"type": "MultiPolygon", "coordinates": [[[[73.7559108, 34.3808906], [73.755867, 34.3806425], [73.7558607, 34.3805082], [73.755867, 34.3803738], [73.7559421, 34.380224], [73.7560861, 34.3801206], [73.7563176, 34.380038], [73.7563613, 34.3799605], [73.7562987, 34.3797953], [73.7563299, 34.3796507], [73.7561547, 34.3795113], [73.7559982, 34.3792894], [73.755992, 34.379212], [73.756092, 34.3791295], [73.7566298, 34.3789438], [73.7572359, 34.3787946], [73.757461, 34.3786552], [73.7575361, 34.3784746], [73.7575464, 34.3782786], [73.7575554, 34.3780167], [73.7577004, 34.3777323], [73.7577094, 34.3774705], [73.7576188, 34.3773283], [73.75751, 34.3772012], [73.75751, 34.3770965], [73.757673, 34.3769244], [73.7576821, 34.3768272], [73.7573741, 34.3765505], [73.7568487, 34.3763636], [73.7561787, 34.3760722], [73.7557664, 34.3757603], [73.7556395, 34.3754537], [73.7553767, 34.3751919], [73.7551594, 34.3751021], [73.754915, 34.3749899], [73.7546886, 34.3746236], [73.7545347, 34.3743024], [73.754399, 34.3742202], [73.7540281, 34.374265], [73.7538201, 34.3741754], [73.7536032, 34.3734512], [73.753558, 34.3733243], [73.7532959, 34.3731527], [73.7531423, 34.3730184], [73.7531424, 34.3727424], [73.7531424, 34.3726156], [73.7529617, 34.372556], [73.7527359, 34.3724292], [73.7524379, 34.3719297], [73.7524471, 34.3716987], [73.7525647, 34.3715497], [73.7525318, 34.3713016], [73.7524234, 34.3712121], [73.7515832, 34.3711748], [73.7511859, 34.3710928], [73.7510144, 34.3710705], [73.7508338, 34.3707424], [73.7509965, 34.3703548], [73.7511313, 34.3701158], [73.7509958, 34.36978], [73.7510229, 34.3696681], [73.7508875, 34.3694145], [73.750716, 34.3693848], [73.7505986, 34.369191], [73.7509778, 34.3682744], [73.7514742, 34.3673952], [73.7513298, 34.3671196], [73.7508696, 34.3666653], [73.7506891, 34.3658457], [73.7512444, 34.3652536], [73.7520059, 34.3648381], [73.7527907, 34.3643549], [73.7526233, 34.3637731], [73.7525646, 34.3633574], [73.7526348, 34.3629901], [73.752623, 34.362652], [73.7526931, 34.3622657], [73.7525992, 34.3615902], [73.7525406, 34.3610983], [73.7527073, 34.3603132], [73.7527528, 34.3594542], [73.7528456, 34.3590299], [73.7523539, 34.3582587], [73.7522712, 34.35744], [73.7523667, 34.3569835], [73.7525994, 34.3565928], [73.7526615, 34.3564135], [73.7528411, 34.3546951], [73.7504481, 34.3498861], [73.7500338, 34.3440774], [73.7503502, 34.3439746], [73.75051, 34.3439295], [73.7509734, 34.3438939], [73.7512652, 34.3438263], [73.7514674, 34.3438455], [73.7516306, 34.3438808], [73.7518676, 34.3440701], [73.7520577, 34.3441508], [73.7522834, 34.3441668], [73.7526412, 34.3441858], [73.7528199, 34.3442434], [73.7529714, 34.3442625], [73.7532509, 34.3442142], [73.7535574, 34.3441788], [73.7539798, 34.3440601], [73.7541153, 34.3440504], [73.7543864, 34.3441303], [73.7547926, 34.3442868], [73.7552871, 34.3445229], [73.7554724, 34.3446633], [73.7556769, 34.3447908], [73.7558309, 34.3449811], [73.7562108, 34.3451517], [73.7577291, 34.3453756], [73.7661183, 34.3384586], [73.7741744, 34.3323553], [73.7744536, 34.3322986], [73.7745915, 34.3323523], [73.7746786, 34.3324166], [73.7748317, 34.3323926], [73.7750809, 34.3323977], [73.7751865, 34.33232], [73.7752842, 34.3322869], [73.7754078, 34.3321904], [73.775482, 34.3321394], [73.7755436, 34.332146], [73.7756688, 34.3322144], [73.7757689, 34.3322978], [73.7758156, 34.3323849], [73.7758269, 34.3325056], [73.7759478, 34.3325582], [73.7761814, 34.3326521], [73.7762999, 34.3326245], [73.7766796, 34.3326708], [73.776899, 34.3326993], [73.7770999, 34.332676], [73.7772158, 34.3327544], [73.7773109, 34.332754], [73.7774369, 34.332693], [73.7776439, 34.3327335], [73.7777134, 34.3327004], [73.7780143, 34.3327318], [73.7781181, 34.3327742], [73.7782878, 34.3328321], [73.7784765, 34.332893], [73.7785703, 34.3329503], [73.7787255, 34.332986], [73.7788987, 34.3331167], [73.7789906, 34.3331755], [73.7791115, 34.3331689], [73.7791639, 34.3331854], [73.7793483, 34.3331892], [73.7795881, 34.3331393], [73.7798203, 34.3330859], [73.7799173, 34.3331027], [73.7800287, 34.3330981], [73.78025, 34.33314], [73.7803301, 34.3332174], [73.7803815, 34.3332955], [73.7807316, 34.3333916], [73.7809789, 34.3334402], [73.7810339, 34.3334837], [73.7811613, 34.3335417], [73.7815775, 34.3335829], [73.7819656, 34.3336492], [73.7822823, 34.3336849], [73.7827161, 34.3338161], [73.7828923, 34.3338355], [73.7831114, 34.3337797], [73.7833728, 34.3337411], [73.783641, 34.3337553], [73.783743, 34.3337236], [73.7840057, 34.3336392], [73.7840274, 34.3334706], [73.7841547, 34.3333271], [73.7843266, 34.333295], [73.7843743, 34.3332346], [73.7845304, 34.3332254], [73.7845684, 34.33321], [73.7846169, 34.3332015], [73.7847757, 34.3332741], [73.7849391, 34.3333785], [73.7851051, 34.3335315], [73.7852062, 34.3335448], [73.7853495, 34.3336253], [73.7856113, 34.3337837], [73.7858434, 34.3340121], [73.7859627, 34.3340674], [73.7861667, 34.3342175], [73.786342, 34.33443], [73.7864513, 34.3346035], [73.7864707, 34.3346988], [73.7865452, 34.3347582], [73.7866893, 34.3349092], [73.7868056, 34.3349822], [73.7868558, 34.3350659], [73.7870672, 34.335094], [73.7872672, 34.3351477], [73.7875177, 34.3351495], [73.7876347, 34.335131], [73.7877749, 34.3351465], [73.7878079, 34.3350627], [73.7878938, 34.3350373], [73.7881781, 34.335052], [73.7884232, 34.3350426], [73.7888122, 34.3351513], [73.7890625, 34.3352003], [73.7891608, 34.335135], [73.789281, 34.3351141], [73.7896559, 34.3351108], [73.7896735, 34.3350849], [73.7898137, 34.335076], [73.7899577, 34.3350428], [73.7899922, 34.3349998], [73.7900855, 34.3349784], [73.7902705, 34.3349885], [73.7904644, 34.3350658], [73.7905746, 34.3352753], [73.7906444, 34.3353277], [73.7907109, 34.3353118], [73.790782, 34.3353238], [73.7908309, 34.3353909], [73.790895, 34.3354321], [73.7910038, 34.3355397], [73.7911248, 34.335663], [73.7912677, 34.3357261], [73.7913663, 34.3357779], [73.7915316, 34.3357951], [73.7916501, 34.3358153], [73.791803, 34.3357867], [73.7919644, 34.3358005], [73.7920454, 34.3358228], [73.7920997, 34.3358786], [73.7921434, 34.3359469], [73.7921028, 34.3360138], [73.7921047, 34.3360806], [73.792207, 34.3361841], [73.7922961, 34.3362147], [73.7923223, 34.3361716], [73.7924115, 34.3361667], [73.7924207, 34.3361655], [73.7924927, 34.3362105], [73.7925148, 34.3362975], [73.7925709, 34.3363523], [73.7927087, 34.3363884], [73.7929546, 34.3364005], [73.7930438, 34.3364746], [73.7931602, 34.3365199], [73.7933162, 34.3365049], [73.7935653, 34.3364913], [73.7936774, 34.3365266], [73.7938045, 34.3365305], [73.7939071, 34.336574], [73.7940253, 34.3366448], [73.794125, 34.3366501], [73.7941741, 34.336717], [73.7942184, 34.3367531], [73.794341, 34.3367716], [73.7944048, 34.3368192], [73.7944318, 34.3369335], [73.7945014, 34.3370874], [73.7946923, 34.3371209], [73.7947261, 34.3371799], [73.7947852, 34.3372001], [73.7948755, 34.3372254], [73.7949792, 34.337244], [73.7951162, 34.3372209], [73.7953959, 34.3372394], [73.795449, 34.3372765], [73.7956562, 34.3373044], [73.7957033, 34.3373368], [73.7958042, 34.3374138], [73.7959704, 34.3374757], [73.796099, 34.3375189], [73.7962319, 34.3375632], [73.7963553, 34.3375819], [73.7964981, 34.3375613], [73.7966383, 34.3375875], [73.796709, 34.3376307], [73.7968587, 34.3376369], [73.7969575, 34.3376616], [73.7971742, 34.3376503], [73.7972327, 34.3376417], [73.7973102, 34.3375692], [73.7973856, 34.3375377], [73.7974426, 34.3375325], [73.7975283, 34.337543], [73.7976787, 34.3376065], [73.7977755, 34.3375658], [73.7978133, 34.3375781], [73.7979021, 34.3376477], [73.7979919, 34.3376876], [73.7981803, 34.3378093], [73.7984639, 34.3378621], [73.7987518, 34.3379971], [73.7989322, 34.3380486], [73.7989513, 34.3381094], [73.798914, 34.3382484], [73.7990401, 34.3383592], [73.7992035, 34.3385148], [73.7992915, 34.338683], [73.7994227, 34.3388642], [73.7995653, 34.3389862], [73.7996184, 34.3390446], [73.7996387, 34.339118], [73.7996158, 34.3392119], [73.7995795, 34.3393177], [73.7994928, 34.3394667], [73.7994255, 34.3395497], [73.7992985, 34.3396669], [73.7991375, 34.3397238], [73.7989853, 34.3397648], [73.798867, 34.3397671], [73.798635, 34.3398084], [73.7986056, 34.3398263], [73.798576, 34.3399718], [73.7984927, 34.3400252], [73.7984022, 34.3401464], [73.7983561, 34.3401713], [73.7983141, 34.3402927], [73.7982468, 34.3404133], [73.7981656, 34.3404915], [73.7980983, 34.340523], [73.7980636, 34.3406624], [73.7979951, 34.340732], [73.7979904, 34.3408713], [73.7979811, 34.3409348], [73.7979283, 34.3410927], [73.7978804, 34.3413334], [73.797813, 34.3413684], [73.7977758, 34.3415419], [73.7978593, 34.3416471], [73.7978659, 34.3417692], [73.7979188, 34.3418476], [73.7979916, 34.3419952], [73.7979962, 34.3419989], [73.7980229, 34.3421448], [73.7979761, 34.3422878], [73.7979553, 34.3424079], [73.7979472, 34.3425525], [73.7980444, 34.3427402], [73.798205, 34.3428869], [73.798446, 34.3429799], [73.798781, 34.3430285], [73.7989946, 34.3431072], [73.7993505, 34.3432003], [73.799547, 34.3432601], [73.7996503, 34.343356], [73.7998454, 34.34341], [73.8000295, 34.3435404], [73.8001447, 34.3436313], [73.8003057, 34.3438724], [73.8004441, 34.3440041], [73.8004631, 34.3444455], [73.8004533, 34.3447247], [73.800491, 34.3448819], [73.8005817, 34.3449901], [73.8009092, 34.3451067], [73.8011353, 34.3452397], [73.8014297, 34.3452668], [73.8014678, 34.3452027], [73.8017404, 34.3451294], [73.8019673, 34.3451878], [73.8021673, 34.3453001], [73.8023089, 34.3453912], [73.8026856, 34.345363], [73.802924, 34.3452747], [73.8032598, 34.3452125], [73.8034487, 34.3452412], [73.8037897, 34.3451886], [73.8039716, 34.3451767], [73.804246, 34.3451086], [73.8043257, 34.3451403], [73.804556, 34.3451257], [73.8045978, 34.3450881], [73.8048637, 34.3450752], [73.8053209, 34.3450767], [73.805403, 34.345089], [73.8054823, 34.3451281], [73.8055425, 34.3451897], [73.8057239, 34.3452399], [73.8057915, 34.3453284], [73.8059661, 34.3455643], [73.8061578, 34.3455741], [73.8063147, 34.3456027], [73.8066392, 34.3455234], [73.806725, 34.3454914], [73.8071258, 34.3455006], [73.8072928, 34.3454524], [73.8073768, 34.3454576], [73.8075995, 34.345548], [73.8077118, 34.3455516], [73.8078136, 34.3455396], [73.8078724, 34.3454988], [73.8080142, 34.3454354], [73.8084299, 34.3453788], [73.808542, 34.3453167], [73.8088348, 34.3453587], [73.8089371, 34.3452756], [73.8091308, 34.3453131], [73.8093744, 34.3452458], [73.80954, 34.3452636], [73.8096994, 34.3452581], [73.8097839, 34.345276], [73.8098377, 34.345374], [73.8099064, 34.3454647], [73.8100054, 34.3454807], [73.8101141, 34.3454353], [73.8105164, 34.345462], [73.8107319, 34.3453957], [73.81082, 34.3452589], [73.810822, 34.3451273], [73.8107328, 34.3449985], [73.8107243, 34.3448482], [73.8107882, 34.3447676], [73.811008, 34.3447078], [73.8111299, 34.3445767], [73.811177, 34.3442755], [73.811278, 34.344195], [73.8113393, 34.3440101], [73.8117031, 34.3438714], [73.8119509, 34.3439323], [73.8120652, 34.3439666], [73.8121588, 34.3440583], [73.8122796, 34.3441305], [73.8124988, 34.3441587], [73.8125962, 34.3442052], [73.8127901, 34.3443338], [73.8130059, 34.3444187], [73.8132112, 34.3445097], [73.8136146, 34.3447514], [73.8139397, 34.344937], [73.8141877, 34.3451631], [73.814317, 34.3453107], [73.814401, 34.345448], [73.8145066, 34.3456621], [73.8145477, 34.3458731], [73.814532, 34.3461298], [73.814521, 34.3462709], [73.8145385, 34.3463697], [73.8146194, 34.3464976], [73.8147338, 34.3466136], [73.8148716, 34.3466991], [73.814938, 34.3467239], [73.8149796, 34.3466438], [73.8150059, 34.3465449], [73.815007, 34.3464131], [73.815032, 34.3461739], [73.815106, 34.3460124], [73.8151837, 34.3457999], [73.8151721, 34.3454298], [73.8152346, 34.3453267], [73.8152464, 34.3451794], [73.8151759, 34.3449815], [73.8149637, 34.3447254], [73.8148768, 34.3445035], [73.814846, 34.3442123], [73.8147895, 34.3440449], [73.8147753, 34.3439477], [73.8147654, 34.343815], [73.8146322, 34.3434513], [73.8146082, 34.3431413], [73.8146159, 34.343077], [73.8147021, 34.3428601], [73.8147125, 34.342675], [73.8147102, 34.3425141], [73.814757, 34.3424061], [73.814768, 34.3423335], [73.8147425, 34.3422437], [73.8145551, 34.3420147], [73.8141987, 34.341663], [73.8140144, 34.3414781], [73.8137827, 34.3412731], [73.8136952, 34.3410282], [73.8135974, 34.3409421], [73.8134121, 34.3406819], [73.8132679, 34.3405], [73.813227, 34.340427], [73.8130658, 34.34034], [73.8129619, 34.3402578], [73.8127835, 34.3399884], [73.8126321, 34.3398642], [73.8123984, 34.3397234], [73.8121749, 34.3396224], [73.8121143, 34.3395848], [73.8118696, 34.3393709], [73.8117943, 34.33934], [73.8115877, 34.3392818], [73.8114036, 34.3391819], [73.8112282, 34.3390479], [73.811099, 34.3389019], [73.811046, 34.3388186], [73.8109547, 34.3384944], [73.8108954, 34.338316], [73.8108225, 34.3382338], [73.8107645, 34.3381854], [73.8106487, 34.3381463], [73.8104836, 34.3380493], [73.8102437, 34.337876], [73.8100039, 34.3376464], [73.8098234, 34.3375123], [73.8096283, 34.3374115], [73.8095977, 34.3373847], [73.8095897, 34.3373231], [73.8096271, 34.3371692], [73.8096464, 34.3370301], [73.812324, 34.3363722], [73.8128914, 34.3343916], [73.8135881, 34.3340643], [73.8144889, 34.3332307], [73.8145778, 34.3331168], [73.8146456, 34.332989], [73.8146762, 34.3328123], [73.8146874, 34.3325892], [73.8146685, 34.3323483], [73.8174301, 34.3314107], [73.8193673, 34.3310676], [73.8273028, 34.3305952], [73.8352655, 34.3306499], [73.8392163, 34.330419], [73.8426123, 34.3294019], [73.8460324, 34.328367], [73.849595, 34.3265479], [73.8509045, 34.3239834], [73.8518952, 34.3222747], [73.8538505, 34.3213679], [73.8552971, 34.3216232], [73.8559387, 34.3221119], [73.859152, 34.3240239], [73.860114, 34.3268536], [73.8625022, 34.3294883], [73.8647459, 34.3327308], [73.865235, 34.3345051], [73.8696244, 34.3346522], [73.8754858, 34.3327043], [73.8874822, 34.3329698], [73.8907709, 34.3377679], [73.8966865, 34.3396526], [73.902775, 34.3435091], [73.9048735, 34.3515467], [73.9054575, 34.3514801], [73.9061882, 34.351448], [73.9069076, 34.3513745], [73.9077237, 34.3514126], [73.9089774, 34.3514496], [73.9095149, 34.3514073], [73.9103429, 34.3511944], [73.9108878, 34.3510843], [73.9111829, 34.3509832], [73.9116386, 34.3508205], [73.9154967, 34.3512118], [73.9154246, 34.3509393], [73.9153302, 34.350465], [73.9150872, 34.3500149], [73.9149725, 34.3493638], [73.9149382, 34.3489174], [73.914963, 34.3487594], [73.915115, 34.3483029], [73.9151226, 34.3480331], [73.9151931, 34.3476043], [73.9154203, 34.3471743], [73.9156255, 34.3470058], [73.9160483, 34.3464276], [73.9221446, 34.3435225], [73.9222817, 34.3432254], [73.9223081, 34.342842], [73.9226447, 34.3425019], [73.9226827, 34.3423333], [73.9228575, 34.3420554], [73.9230058, 34.3416499], [73.9232873, 34.341338], [73.9241206, 34.340939], [73.9243405, 34.340743], [73.9247936, 34.3401441], [73.9253605, 34.3398278], [73.9258389, 34.3396], [73.9263301, 34.3391426], [73.939008, 34.336531], [73.9388984, 34.3349832], [73.9381294, 34.3340023], [73.9373295, 34.3326834], [73.9362039, 34.3311925], [73.9358723, 34.3306025], [73.9358425, 34.3302958], [73.9348514, 34.3288078], [73.9338681, 34.3277741], [73.9332406, 34.3273096], [73.9330236, 34.3269328], [73.9311335, 34.3247609], [73.9303087, 34.3239695], [73.9285029, 34.3184594], [73.9235045, 34.3140899], [73.9215406, 34.3127816], [73.919791, 34.3106433], [73.9190243, 34.3055744], [73.9317497, 34.3050606], [73.931918, 34.3067514], [73.9330949, 34.3083329], [73.9329142, 34.3086676], [73.9325202, 34.3093984], [73.932191, 34.3099968], [73.9320101, 34.3106568], [73.931936, 34.3111935], [73.934634, 34.3119065], [73.9377326, 34.3121112], [73.9387339, 34.3120331], [73.9425279, 34.3114282], [73.9436386, 34.3087704], [73.9437503, 34.3063189], [73.9435443, 34.3053858], [73.9434768, 34.3046367], [73.9434653, 34.3034613], [73.9435055, 34.3023769], [73.9431241, 34.3005407], [73.9429546, 34.2988671], [73.9362516, 34.2956218], [73.9355039, 34.2832134], [73.9410555, 34.2829918], [73.9438799, 34.2804286], [73.9442908, 34.2787723], [73.9451526, 34.2762541], [73.9457114, 34.275773], [73.9471207, 34.2756461], [73.9479599, 34.275547], [73.9488336, 34.2753723], [73.9492899, 34.2752962], [73.9498479, 34.2752163], [73.9502046, 34.2751927], [73.950694, 34.2752464], [73.9515664, 34.2754037], [73.952752, 34.2756792], [73.9540765, 34.2760098], [73.9548672, 34.2761079], [73.955521, 34.2761218], [73.95611, 34.2761087], [73.9566129, 34.2760421], [73.9570944, 34.2759085], [73.9575543, 34.2757211], [73.9579874, 34.2755247], [73.9583828, 34.2753641], [73.9589171, 34.2752925], [73.9593932, 34.2752749], [73.960232, 34.2752484], [73.9609756, 34.2751685], [73.961771, 34.2750347], [73.962193, 34.2749498], [73.9654801, 34.2749245], [73.965639, 34.2748831], [73.9658547, 34.2747318], [73.9660175, 34.2746781], [73.9662047, 34.2744428], [73.9662493, 34.2742882], [73.9663794, 34.2741405], [73.9664079, 34.2741102], [73.9664974, 34.2741102], [73.9665951, 34.2741506], [73.9667701, 34.2741976], [73.9670222, 34.2742582], [73.9671559, 34.2742916], [73.9674207, 34.2742651], [73.9675893, 34.2741856], [73.9677258, 34.2740199], [73.9679506, 34.2739403], [73.9681431, 34.2739801], [73.9683438, 34.273947], [73.9684882, 34.2740266], [73.9686246, 34.2741658], [73.9689295, 34.2742387], [73.9691702, 34.2741924], [73.9694671, 34.2740333], [73.9696917, 34.2740267], [73.9698922, 34.2741593], [73.970245, 34.2743582], [73.9705498, 34.2744046], [73.9707904, 34.2743184], [73.9713437, 34.2744047], [73.9714881, 34.2743517], [73.9716645, 34.2741594], [73.9718649, 34.2741595], [73.9721135, 34.2742457], [73.9725065, 34.2741332], [73.9727791, 34.2741332], [73.9730357, 34.2741267], [73.9731721, 34.2740406], [73.9733003, 34.2738351], [73.9734606, 34.2737357], [73.9737326, 34.2736878], [73.9739331, 34.2737077], [73.9741976, 34.2738602], [73.9745502, 34.2743903], [73.9747827, 34.2745891], [73.9750794, 34.2745958], [73.975304, 34.2744963], [73.9755366, 34.2743307], [73.975745, 34.2742777], [73.9760176, 34.2743174], [73.9763943, 34.2741717], [73.9766428, 34.2741651], [73.9769794, 34.2740327], [73.977316, 34.2738274], [73.9774522, 34.2737148], [73.9777326, 34.273536], [73.9782213, 34.2733838], [73.9785017, 34.2733839], [73.9787179, 34.2732648], [73.9789342, 34.2732714], [73.9792385, 34.2731722], [73.9794705, 34.2730531], [73.9798227, 34.2729605], [73.9801028, 34.2728083], [73.9809432, 34.272696], [73.9813272, 34.2726961], [73.9817194, 34.272544], [73.9818768, 34.2724638], [73.9820694, 34.2722519], [73.9824783, 34.2718284], [73.9828469, 34.2716828], [73.9833594, 34.2716893], [73.9835434, 34.2717952], [73.9836475, 34.2717621], [73.9840237, 34.2718282], [73.984448, 34.2717024], [73.984728, 34.2717884], [73.9849361, 34.2717619], [73.985088, 34.2718545], [73.985528, 34.2718809], [73.9864878, 34.2718609], [73.9866397, 34.2717286], [73.9867757, 34.2715766], [73.9873993, 34.2712527], [73.9884541, 34.2707638], [73.9887976, 34.2706119], [73.9890452, 34.2706119], [73.9892209, 34.2707176], [73.9893807, 34.2707176], [73.9903547, 34.2705262], [73.9905304, 34.270513], [73.9897633, 34.2590814], [73.9911818, 34.2593447], [73.9922547, 34.2591496], [73.9936495, 34.2587417], [73.9943146, 34.2584579], [73.9960527, 34.2576598], [73.9972758, 34.2566667], [73.9990783, 34.2553188], [74.0028333, 34.2529954], [74.0081978, 34.2496964], [74.0104508, 34.2477453], [74.0127039, 34.2469826], [74.0186906, 34.2465392], [74.0206218, 34.245741], [74.0218019, 34.2450493], [74.0232396, 34.2445349], [74.0264153, 34.2444639], [74.0295267, 34.2456169], [74.0306854, 34.246894], [74.0310716, 34.2481888], [74.0343976, 34.2485613], [74.0356636, 34.2492175], [74.0366936, 34.2498206], [74.0375519, 34.2509912], [74.0388608, 34.2547867], [74.0391612, 34.2559573], [74.0392174, 34.2563619], [74.0357923, 34.2565071], [74.0333461, 34.2572519], [74.0338182, 34.2593447], [74.0356636, 34.2609408], [74.0368223, 34.2649132], [74.0372514, 34.2663673], [74.0371656, 34.2690627], [74.0366077, 34.2712616], [74.0330457, 34.2750916], [74.0287113, 34.2806946], [74.0277671, 34.2830704], [74.0280246, 34.2856234], [74.0292692, 34.2934948], [74.0287971, 34.2979266], [74.0270805, 34.302429], [74.0254497, 34.305655], [74.0193557, 34.3099798], [74.0169525, 34.3109014], [74.014163, 34.3101216], [74.0109872, 34.3093772], [74.0081977, 34.3097316], [74.0066528, 34.310547], [74.0026187, 34.3145879], [73.9956235, 34.3224566], [73.9918899, 34.3289778], [73.9870834, 34.3341519], [73.9819765, 34.3345063], [73.9786291, 34.3351087], [73.9736509, 34.3354985], [73.9683294, 34.3364199], [73.9609909, 34.341877], [73.9591884, 34.3453849], [73.9569139, 34.3489636], [73.954339, 34.3532507], [73.9529657, 34.3589902], [73.9534378, 34.3617535], [73.954339, 34.3649418], [73.9559698, 34.368555], [73.9584159, 34.3714951], [73.9595317, 34.374258], [73.9586734, 34.3771979], [73.9590168, 34.379323], [73.9594459, 34.3815189], [73.9590168, 34.3832898], [73.9567422, 34.3853086], [73.9545536, 34.3873627], [73.9524936, 34.3904792], [73.9504337, 34.3956495], [73.9457559, 34.3965348], [73.9433527, 34.3969243], [73.9421939, 34.3987303], [73.9410352, 34.4006424], [73.939104, 34.4025545], [73.9373445, 34.4040417], [73.9346408, 34.4063078], [73.9336967, 34.4080073], [73.9329671, 34.409636], [73.9300489, 34.4114063], [73.9268302, 34.4140262], [73.927474, 34.4199031], [73.9317655, 34.425284], [73.9368295, 34.4299919], [73.9423656, 34.4342395], [73.9412498, 34.4343811], [73.939104, 34.4362925], [73.9360141, 34.437779], [73.9322375, 34.4389116], [73.926916, 34.4397611], [73.9227103, 34.4407521], [73.9180755, 34.4423093], [73.9146422, 34.4423801], [73.913362, 34.4425332], [73.906332, 34.4433741], [73.9033984, 34.443725], [73.8961028, 34.443725], [73.8908671, 34.4433003], [73.8876914, 34.4433003], [73.8855456, 34.4441497], [73.8767736, 34.4509386], [73.8613826, 34.4394235], [73.8481463, 34.4307499], [73.8462921, 34.4332845], [73.8429643, 34.4351351], [73.8403292, 34.4327776], [73.8420798, 34.4284829], [73.8429815, 34.4271056], [73.8408422, 34.4260503], [73.8139256, 34.426461], [73.8138461, 34.4263557], [73.8137269, 34.4262866], [73.8135439, 34.4261946], [73.8134961, 34.4260959], [73.8131897, 34.4261122], [73.8130223, 34.426066], [73.8127073, 34.4260627], [73.8124359, 34.4261022], [73.8123241, 34.4260626], [73.8122562, 34.4259902], [73.8118887, 34.4260463], [73.811669, 34.4261649], [73.8112852, 34.4262704], [73.8110011, 34.4262968], [73.8106768, 34.4262013], [73.8104925, 34.4262013], [73.8100916, 34.4263201], [73.8096711, 34.4263598], [73.8088188, 34.4265191], [73.8085369, 34.4265766], [73.8083008, 34.4266578], [73.8078009, 34.4267575], [73.8074604, 34.4269046], [73.8072235, 34.4269447], [73.8070433, 34.4270541], [73.8065488, 34.427233], [73.8063337, 34.4275024], [73.8057786, 34.4276837], [73.8055484, 34.4275032], [73.8050474, 34.4272762], [73.804728, 34.4270698], [73.8043959, 34.4267446], [73.8042078, 34.4264761], [73.804026, 34.4261199], [73.8039444, 34.4257171], [73.8039374, 34.4253774], [73.8039995, 34.4244581], [73.8041179, 34.4236732], [73.8041929, 34.4233064], [73.8042302, 34.4229604], [73.8041424, 34.4226041], [73.8040108, 34.4223253], [73.8037915, 34.4220413], [73.8034844, 34.4216748], [73.8033027, 34.4213495], [73.8031357, 34.4209733], [73.8028158, 34.4199405], [73.8025087, 34.4193622], [73.8021641, 34.4189286], [73.8018948, 34.4186808], [73.8015816, 34.4184588], [73.8013687, 34.4183608], [73.8010681, 34.4182627], [73.8005796, 34.418139], [73.8002978, 34.4180306], [73.7999912, 34.4178335], [73.7993648, 34.4172449], [73.7985005, 34.4164034], [73.797774, 34.41566], [73.7973089, 34.4152631], [73.7968704, 34.41485], [73.7965949, 34.4146694], [73.7960314, 34.4144269], [73.7952987, 34.4140398], [73.7948102, 34.4137352], [73.7942277, 34.4132809], [73.7940133, 34.4130143], [73.7934807, 34.4120951], [73.7930797, 34.4114135], [73.792685, 34.4108093], [73.7922152, 34.4103755], [73.7917643, 34.4100244], [73.7911255, 34.4097199], [73.7900465, 34.4093324], [73.7888942, 34.4088316], [73.7874479, 34.4082639], [73.7864337, 34.4079543], [73.7859328, 34.4077582], [73.7856385, 34.4075723], [73.7853066, 34.4072728], [73.7849619, 34.4067615], [73.7844956, 34.4057622], [73.7840133, 34.4050135], [73.7833805, 34.403748], [73.7830047, 34.4031437], [73.7826477, 34.4028494], [73.7820594, 34.4025356], [73.7810953, 34.40204], [73.7798994, 34.4014824], [73.7794422, 34.4011932], [73.7789726, 34.4008059], [73.7782399, 34.4000984], [73.7778893, 34.399804], [73.7766878, 34.3990965], [73.7758051, 34.398668], [73.775442, 34.398415], [73.7752605, 34.3981619], [73.7750724, 34.3976349], [73.7747342, 34.3970254], [73.7744775, 34.3967671], [73.7738325, 34.3962868], [73.7731227, 34.3956862], [73.7726405, 34.3950767], [73.7722146, 34.3943019], [73.7719013, 34.3933203], [73.7715006, 34.3914659], [73.7712938, 34.3907012], [73.7710934, 34.3903603], [73.7706613, 34.389947], [73.7701414, 34.3893736], [73.769711, 34.3885363], [73.7696232, 34.387968], [73.7692476, 34.387343], [73.7689472, 34.3867179], [73.7684651, 34.3862375], [73.7677827, 34.385726], [73.7669311, 34.3852456], [73.765923, 34.3848581], [73.7651131, 34.3847336], [73.7642741, 34.3847181], [73.7637983, 34.384775], [73.7632223, 34.3849766], [73.76264, 34.3852815], [73.7623331, 34.3854313], [73.7620326, 34.3853694], [73.7615943, 34.3851369], [73.7609118, 34.3850543], [73.7598224, 34.3848062], [73.7594967, 34.3846151], [73.7592529, 34.3842779], [73.7588709, 34.383508], [73.7587331, 34.3830946], [73.7586015, 34.3823246], [73.7583698, 34.381844], [73.7581757, 34.3816166], [73.7577312, 34.3813737], [73.7567061, 34.3810457], [73.7559108, 34.3808906]]]]}}, {"type": "Feature", "properties": {"tehsil": "Srinagar (North)", "district": "Srinagar"}, "geometry": {"type": "MultiPolygon", "coordinates": [[[[74.8190694, 34.189215], [74.8170294, 34.1887382], [74.8152467, 34.1877828], [74.8138803, 34.1854424], [74.8139928, 34.1805221], [74.8145876, 34.1769447], [74.8150056, 34.175043], [74.8158736, 34.1715186], [74.8191851, 34.1674886], [74.8214034, 34.1652541], [74.8224162, 34.1626471], [74.8250352, 34.1596191], [74.8291724, 34.1582516], [74.8318891, 34.1555645], [74.8337056, 34.1533696], [74.8354096, 34.1519994], [74.8365675, 34.1515616], [74.8425948, 34.1506312], [74.8466689, 34.1504228], [74.8554808, 34.1487749], [74.8604247, 34.1479225], [74.8676034, 34.147865], [74.8726096, 34.147972], [74.8760104, 34.1478436], [74.8831558, 34.1473286], [74.8890781, 34.1478969], [74.8924817, 34.1486038], [74.8981762, 34.1507701], [74.903532, 34.1537533], [74.9074802, 34.1560546], [74.9099865, 34.1585547], [74.9103216, 34.159411], [74.9099521, 34.1607138], [74.9078235, 34.1626456], [74.9047508, 34.1637321], [74.9010129, 34.1641618], [74.8974895, 34.1647477], [74.8969402, 34.1653727], [74.8967289, 34.16669], [74.8969745, 34.1674464], [74.8983779, 34.1711143], [74.8991375, 34.1722079], [74.9004764, 34.1740649], [74.9050426, 34.1761952], [74.9086818, 34.1771893], [74.9118747, 34.178723], [74.915617, 34.1804556], [74.9190845, 34.1813644], [74.9212474, 34.1820177], [74.9219684, 34.1829265], [74.9217968, 34.184517], [74.9215564, 34.1863914], [74.9221057, 34.188635], [74.92523, 34.1911909], [74.9265689, 34.1919861], [74.9275989, 34.1938319], [74.9316501, 34.1968704], [74.9336757, 34.1985742], [74.9361133, 34.2008175], [74.9382419, 34.2019533], [74.9389002, 34.2021905], [74.9384882, 34.2037995], [74.9378474, 34.2055978], [74.9374583, 34.2070553], [74.936886, 34.2082478], [74.9359247, 34.2102353], [74.9351237, 34.2112953], [74.9333842, 34.2120335], [74.9316675, 34.2127716], [74.9304316, 34.2133773], [74.9281199, 34.214494], [74.9267924, 34.2154404], [74.9251199, 34.2157451], [74.921749, 34.2157613], [74.9193384, 34.2150806], [74.9173198, 34.21393], [74.9156539, 34.2133141], [74.9138705, 34.2125038], [74.9129771, 34.2120322], [74.9069289, 34.21068], [74.9024352, 34.2097215], [74.8996283, 34.2121283], [74.8937583, 34.2169133], [74.8867297, 34.2206323], [74.884754, 34.2211782], [74.8833249, 34.2221795], [74.8810213, 34.2243944], [74.8797877, 34.2256207], [74.8769351, 34.2275021], [74.8722612, 34.2277836], [74.8654694, 34.2283497], [74.8656703, 34.2279518], [74.8659769, 34.2266603], [74.8656083, 34.2250191], [74.8648261, 34.2234049], [74.8627068, 34.219272], [74.8601861, 34.214169], [74.8586395, 34.212114], [74.8571346, 34.2105344], [74.8567842, 34.2102716], [74.8523467, 34.2060243], [74.8506643, 34.2037164], [74.8489841, 34.200588], [74.8483068, 34.198288], [74.8482662, 34.1949305], [74.8468306, 34.1932631], [74.8445569, 34.1887439], [74.8435318, 34.1859769], [74.8427881, 34.1833834], [74.8418505, 34.1823206], [74.8406299, 34.1817898], [74.8376172, 34.1813192], [74.8334816, 34.1818356], [74.826972, 34.185757], [74.822116, 34.1880304], [74.8190694, 34.189215]]]]}}, {"type": "Feature", "properties": {"tehsil": "Srinagar (South)", "district": "Srinagar"}, "geometry": {"type": "MultiPolygon", "coordinates": [[[[74.8420569, 34.0648302], [74.8417854, 34.0644633], [74.8387813, 34.0636812], [74.8360991, 34.0632901], [74.83361, 34.0627391], [74.8312926, 34.0616903], [74.8292756, 34.0603215], [74.8281169, 34.0589527], [74.828031, 34.0575839], [74.8288893, 34.055895], [74.8304772, 34.0552017], [74.8332882, 34.0551128], [74.837923, 34.0557883], [74.8418498, 34.0591838], [74.8440385, 34.0612636], [74.8456049, 34.0622947], [74.8470382, 34.062575], [74.8486089, 34.0621347], [74.8489641, 34.0616123], [74.84936, 34.0610681], [74.8492133, 34.0601177], [74.8486089, 34.0594327], [74.8469138, 34.0577794], [74.8460126, 34.0568017], [74.8456782, 34.0561289], [74.8456907, 34.0555039], [74.8463988, 34.0542595], [74.8473679, 34.0540006], [74.848337, 34.0541727], [74.8503041, 34.0548283], [74.8530507, 34.0564817], [74.8557329, 34.0566594], [74.8572618, 34.0571124], [74.8577196, 34.0576054], [74.8577424, 34.0582311], [74.857628, 34.0587811], [74.8567354, 34.0596912], [74.8539888, 34.0608289], [74.8490449, 34.0642799], [74.8451539, 34.067579], [74.8432084, 34.0700058], [74.841858, 34.072243], [74.8395921, 34.0745181], [74.8385164, 34.0750299], [74.8332979, 34.0761106], [74.8319475, 34.076357], [74.8303453, 34.0765087], [74.8204118, 34.0754849], [74.8200092, 34.075454], [74.8147355, 34.0750489], [74.8101187, 34.0740301], [74.8090397, 34.0740726], [74.8074212, 34.0749132], [74.8069202, 34.0754558], [74.8067404, 34.0769348], [74.8063165, 34.0791372], [74.8060339, 34.0834461], [74.8062779, 34.0852547], [74.806689, 34.087308], [74.8070101, 34.0893612], [74.8070481, 34.0909243], [74.8065505, 34.0924157], [74.8035026, 34.0933582], [74.8016297, 34.0933406], [74.794666, 34.0904652], [74.7918303, 34.088596], [74.7873357, 34.0865512], [74.7865448, 34.0854967], [74.7863076, 34.0842587], [74.7864176, 34.0829887], [74.7872382, 34.0824], [74.7885218, 34.0820988], [74.7928443, 34.0806656], [74.7931752, 34.0802036], [74.7940449, 34.0775836], [74.796245, 34.0754426], [74.7987538, 34.0740685], [74.8061184, 34.0712584], [74.8066, 34.0708921], [74.8077106, 34.0687649], [74.8090196, 34.0678673], [74.8100795, 34.0678532], [74.8111009, 34.0680628], [74.8133111, 34.0688805], [74.816916, 34.0708446], [74.8195338, 34.0713422], [74.8258638, 34.0702758], [74.8301339, 34.0700625], [74.8354769, 34.0702936], [74.8378801, 34.0699381], [74.8397255, 34.0693693], [74.8417854, 34.0683028], [74.8423862, 34.0668986], [74.8426008, 34.0655654], [74.8420569, 34.0648302]]]]}}, {"type": "Feature", "properties": {"tehsil": "Pampore", "district": "Pulwama"}, "geometry": {"type": "MultiPolygon", "coordinates": [[[[74.9052357, 34.0141965], [74.9072099, 34.0119198], [74.9098277, 34.0093763], [74.9146557, 34.0038799], [74.91575, 34.0027414], [74.9201917, 33.997885], [74.9207926, 33.9973691], [74.9219942, 33.9970844], [74.922874, 33.9967642], [74.9234319, 33.9965685], [74.9236679, 33.9958213], [74.9234748, 33.9954833], [74.9225735, 33.994665], [74.9214148, 33.9940601], [74.9192261, 33.9930816], [74.9164581, 33.9928325], [74.9150634, 33.9920853], [74.9140334, 33.9890253], [74.9133253, 33.9828158], [74.9131536, 33.9814813], [74.9139046, 33.9795241], [74.9155354, 33.9780116], [74.9173164, 33.9765169], [74.9204922, 33.9742926], [74.9226165, 33.972264], [74.92414, 33.9706268], [74.9250197, 33.9680643], [74.9258351, 33.9634728], [74.9264574, 33.9615685], [74.9273157, 33.9604651], [74.9283027, 33.9600735], [74.9295687, 33.9597354], [74.9310279, 33.9594862], [74.932208, 33.959771], [74.9342894, 33.9605007], [74.9365854, 33.9620312], [74.9398899, 33.963455], [74.9437737, 33.9650389], [74.9445462, 33.9654482], [74.9457478, 33.9659287], [74.9470567, 33.9661067], [74.9488377, 33.9661957], [74.9500608, 33.966338], [74.951241, 33.9668363], [74.9525928, 33.9677439], [74.9534297, 33.9684202], [74.9555111, 33.9686693], [74.9573993, 33.9683668], [74.9597597, 33.9672634], [74.9605536, 33.9656796], [74.9622273, 33.964683], [74.9632358, 33.9628321], [74.9654031, 33.9595218], [74.9665189, 33.9575284], [74.9673772, 33.9569767], [74.9683857, 33.9563893], [74.969244, 33.9564071], [74.9702096, 33.9565851], [74.9718618, 33.9568877], [74.9731493, 33.9572971], [74.9751019, 33.9569945], [74.9765396, 33.9558732], [74.9775481, 33.9532924], [74.979651, 33.9508183], [74.9807652, 33.9490432], [74.9815392, 33.9478101], [74.9822044, 33.9463149], [74.9826765, 33.9461191], [74.9837708, 33.9461725], [74.9851441, 33.9456029], [74.9867964, 33.9438406], [74.9886417, 33.9420249], [74.990766, 33.9400489], [74.9924612, 33.9375032], [74.9929547, 33.9351711], [74.993813, 33.9328033], [74.995594, 33.9313968], [74.9963665, 33.9307203], [74.9976969, 33.9303108], [74.998641, 33.9304532], [74.9997782, 33.9298657], [75.0007224, 33.9294384], [75.0029111, 33.9288152], [75.0034475, 33.9294028], [75.0032115, 33.93056], [75.0017953, 33.9339783], [75.0009584, 33.9368445], [74.9995637, 33.9405652], [74.9989414, 33.9424343], [74.9985552, 33.943805], [74.998877, 33.9453359], [74.9993706, 33.9464217], [75.0026107, 33.9483797], [75.0043702, 33.9490739], [75.0052714, 33.9491807], [75.006473, 33.9489137], [75.007503, 33.9479703], [75.0081467, 33.9474719], [75.0095629, 33.9469379], [75.0114298, 33.9468489], [75.014658, 33.9478976], [75.0161739, 33.9480456], [75.0193708, 33.9477521], [75.0211501, 33.9466709], [75.022695, 33.9469023], [75.0238108, 33.9470981], [75.0240254, 33.9477211], [75.024476, 33.9486823], [75.0250339, 33.9491629], [75.0271153, 33.9488781], [75.0290251, 33.9480415], [75.032587, 33.9471871], [75.0365996, 33.9451935], [75.0381446, 33.944784], [75.0399256, 33.9439118], [75.0412345, 33.9429149], [75.0427365, 33.94085], [75.0433159, 33.9396573], [75.0447964, 33.9393546], [75.0481653, 33.93923], [75.0533581, 33.9393724], [75.0545168, 33.939408], [75.0560832, 33.9397107], [75.058465, 33.9398709], [75.062778, 33.9402447], [75.0627351, 33.9409746], [75.0625419, 33.9418647], [75.0622201, 33.9431642], [75.0603533, 33.9448196], [75.0590873, 33.9452291], [75.057714, 33.9453893], [75.056169, 33.9454249], [75.0549888, 33.9452291], [75.0535512, 33.9447662], [75.052135, 33.9444814], [75.0511479, 33.9446416], [75.0503754, 33.9456385], [75.0500536, 33.9468489], [75.0503111, 33.9493409], [75.0537443, 33.9570479], [75.0561905, 33.9622982], [75.0582289, 33.9637575], [75.0591731, 33.9671567], [75.0592589, 33.9677439], [75.0597524, 33.9688473], [75.0601387, 33.9694345], [75.0610614, 33.9691854], [75.0619411, 33.9685981], [75.0632715, 33.9685092], [75.06531, 33.9683134], [75.0672412, 33.9685448], [75.069344, 33.9689363], [75.0710392, 33.9703955], [75.0727129, 33.9719437], [75.0732708, 33.9728156], [75.0734424, 33.9739011], [75.0730133, 33.9753247], [75.0724554, 33.9752179], [75.0704384, 33.9762144], [75.0687217, 33.9764813], [75.0679064, 33.9763567], [75.0662327, 33.9758229], [75.064559, 33.9754314], [75.0631642, 33.9758763], [75.0611472, 33.9766948], [75.0605893, 33.9776023], [75.0603747, 33.9788657], [75.0600314, 33.9800223], [75.0613403, 33.9818372], [75.0624347, 33.9822108], [75.0640011, 33.9825133], [75.0655889, 33.9826023], [75.067091, 33.9826379], [75.0685501, 33.9828158], [75.069623, 33.9832606], [75.0711894, 33.9840079], [75.0719833, 33.9848263], [75.072627, 33.9859651], [75.0728631, 33.9869258], [75.0730347, 33.9876375], [75.0730991, 33.9882246], [75.072906, 33.9884381], [75.0721764, 33.9882958], [75.0715756, 33.9878154], [75.0698805, 33.9877798], [75.0694084, 33.9887762], [75.0691509, 33.9908044], [75.0703954, 33.9947895], [75.0715541, 33.9982764], [75.0702238, 34.0033284], [75.0710821, 34.0048938], [75.0775194, 34.0128626], [75.0794506, 34.0151748], [75.0807809, 34.0164554], [75.0814676, 34.0187675], [75.080266, 34.0190876], [75.0788497, 34.0174158], [75.0770473, 34.0157083], [75.0755882, 34.0150325], [75.0744295, 34.0146412], [75.0734424, 34.0152815], [75.072112, 34.0168111], [75.072114, 34.0168848], [75.072155, 34.0184118], [75.0734853, 34.0203681], [75.0744724, 34.0233915], [75.0749874, 34.027055], [75.0752019, 34.0304338], [75.0778198, 34.0354129], [75.0797939, 34.0400716], [75.0790643, 34.0434499], [75.0774765, 34.0550417], [75.0766611, 34.0647122], [75.0763177, 34.0785761], [75.0771331, 34.0839788], [75.0768327, 34.0856493], [75.0765323, 34.0861825], [75.0775194, 34.0872487], [75.0788927, 34.0881728], [75.0821113, 34.0886704], [75.0833559, 34.0897722], [75.0834846, 34.0959916], [75.0849866, 34.0996519], [75.0890636, 34.1054442], [75.090158, 34.108127], [75.0909305, 34.1095838], [75.0884521, 34.1111561], [75.0851476, 34.1126928], [75.0830233, 34.1129416], [75.0793111, 34.1129327], [75.0780666, 34.1130659], [75.0781846, 34.116237], [75.0776267, 34.1163436], [75.0754487, 34.1167611], [75.0743329, 34.1168232], [75.0721872, 34.1162548], [75.070374, 34.1152599], [75.0683784, 34.1137055], [75.0679707, 34.1123642], [75.0675094, 34.1105165], [75.0663614, 34.1097526], [75.0657928, 34.1092374], [75.0649452, 34.1078427], [75.0639045, 34.1061282], [75.0630033, 34.1055064], [75.0620699, 34.1048845], [75.0601172, 34.1055685], [75.0585294, 34.1061726], [75.0562012, 34.1060216], [75.0559008, 34.1059061], [75.0560939, 34.104849], [75.0556755, 34.1039428], [75.054667, 34.103241], [75.0541949, 34.102939], [75.0532186, 34.1027968], [75.0517702, 34.1028679], [75.0494313, 34.1029923], [75.0490343, 34.1024859], [75.0475538, 34.1005048], [75.0459123, 34.0994387], [75.0453222, 34.098568], [75.045172, 34.0981327], [75.0452793, 34.0974753], [75.046041, 34.0969244], [75.0488949, 34.0952986], [75.0524461, 34.0937615], [75.0529933, 34.0931307], [75.0540876, 34.0914248], [75.0545919, 34.090092], [75.0538087, 34.0895856], [75.0517809, 34.0883061], [75.0494742, 34.0867156], [75.0459766, 34.085205], [75.0435948, 34.0838455], [75.0403225, 34.0823971], [75.0386596, 34.0814641], [75.037297, 34.0811175], [75.0347328, 34.0838366], [75.0327909, 34.0860047], [75.0313961, 34.0869644], [75.029937, 34.0875597], [75.0281989, 34.0878796], [75.0269973, 34.0879418], [75.0254953, 34.0877374], [75.0238752, 34.0868844], [75.0233281, 34.0861291], [75.023092, 34.0847252], [75.0230276, 34.082797], [75.0233602, 34.081002], [75.0236714, 34.0777852], [75.0238109, 34.0758657], [75.0240576, 34.0743816], [75.0226951, 34.0736795], [75.0206029, 34.0726131], [75.0190151, 34.0720088], [75.0181675, 34.0735818], [75.01688, 34.0754835], [75.0161397, 34.0763811], [75.0156033, 34.0768343], [75.0153887, 34.0767277], [75.015142, 34.0763011], [75.0149596, 34.0756346], [75.0146806, 34.0741505], [75.0143051, 34.073093], [75.0141656, 34.0715466], [75.0143909, 34.0707201], [75.0144339, 34.0701247], [75.0142944, 34.0697425], [75.0118804, 34.0685961], [75.010947, 34.0682672], [75.0098741, 34.0680895], [75.0089943, 34.0682317], [75.0071597, 34.0689249], [75.0051641, 34.0702758], [75.0037908, 34.0712178], [75.0027931, 34.0718488], [75.0016451, 34.0724531], [75.0005507, 34.0729241], [74.9996924, 34.0732263], [74.9981582, 34.073324], [74.9970961, 34.0727997], [74.9973321, 34.0718844], [74.9975788, 34.0708446], [74.9978793, 34.0691115], [74.9981689, 34.0677518], [74.9987268, 34.0666764], [74.9992633, 34.0656543], [74.9996924, 34.0649344], [75.0005722, 34.0638234], [75.0011623, 34.0629968], [75.0008941, 34.0623569], [74.9992633, 34.0613436], [74.9957013, 34.0591393], [74.9940383, 34.0581705], [74.9906266, 34.0560817], [74.9875581, 34.0550328], [74.9869144, 34.054695], [74.9857557, 34.054375], [74.9840927, 34.0535572], [74.9822581, 34.0527928], [74.9785459, 34.051086], [74.9761212, 34.0499482], [74.9742114, 34.0494593], [74.9702632, 34.0477258], [74.9681711, 34.0467035], [74.9673235, 34.0462235], [74.9648881, 34.0449256], [74.9627638, 34.0434943], [74.9604571, 34.0423386], [74.9593735, 34.0414584], [74.9552643, 34.0400004], [74.9532044, 34.0388358], [74.9523246, 34.0378578], [74.9511337, 34.0369776], [74.9486768, 34.0355729], [74.9475396, 34.0346304], [74.9461019, 34.0337947], [74.9434733, 34.0325055], [74.9424648, 34.0320342], [74.9409199, 34.0316163], [74.9396109, 34.0311807], [74.9383128, 34.0307983], [74.9375725, 34.0302649], [74.9357915, 34.0292423], [74.9348473, 34.0290023], [74.9336457, 34.0289756], [74.9322402, 34.0288511], [74.9314034, 34.0279975], [74.9302447, 34.0276507], [74.9284422, 34.0269572], [74.9275088, 34.0265837], [74.9265861, 34.0260235], [74.9256849, 34.0255078], [74.9251914, 34.0258368], [74.9246442, 34.0265037], [74.9237215, 34.0278997], [74.9230778, 34.0288511], [74.9224555, 34.0294646], [74.9209106, 34.0303093], [74.9202132, 34.0310028], [74.9190974, 34.0320164], [74.9186039, 34.0323454], [74.917649, 34.0321587], [74.9171448, 34.0313496], [74.9168444, 34.0309939], [74.9161899, 34.0307183], [74.9154925, 34.0308873], [74.9141192, 34.0308873], [74.9131644, 34.0307539], [74.9118125, 34.0302382], [74.9113083, 34.0297225], [74.9112654, 34.02886], [74.9114799, 34.0275796], [74.9111044, 34.0269839], [74.9110401, 34.0265926], [74.9112439, 34.0262369], [74.9115765, 34.0258902], [74.9123919, 34.0253122], [74.913851, 34.0247164], [74.9159002, 34.0240673], [74.9163937, 34.0226623], [74.9165761, 34.022191], [74.9167907, 34.0215775], [74.9164474, 34.0211773], [74.9160933, 34.020875], [74.9155033, 34.0204926], [74.9131966, 34.0197278], [74.9107504, 34.0189364], [74.9100315, 34.0183762], [74.9097955, 34.0181361], [74.9091196, 34.0171756], [74.9084329, 34.0159306], [74.9073171, 34.0155305], [74.9063515, 34.0153526], [74.9052357, 34.0141965]]]]}}, {"type": "Feature", "properties": {"tehsil": "Tral", "district": "Pulwama"}, "geometry": {"type": "MultiPolygon", "coordinates": [[[[75.062778, 33.9402447], [75.0644302, 33.9398887], [75.068357, 33.9385535], [75.0706959, 33.9379661], [75.0738501, 33.9367911], [75.0755453, 33.9361502], [75.0750947, 33.9334442], [75.0736785, 33.9314858], [75.0717902, 33.9279428], [75.0643658, 33.9194498], [75.0659398, 33.9177042], [75.0652885, 33.9170994], [75.0651598, 33.9165474], [75.0649452, 33.9159775], [75.0668763, 33.9160844], [75.0656962, 33.9075723], [75.0679386, 33.9073586], [75.068196, 33.9072606], [75.0684535, 33.9071984], [75.0686145, 33.9067887], [75.0685823, 33.9065839], [75.0687303, 33.906265], [75.0683153, 33.9057944], [75.0687466, 33.9053887], [75.0694338, 33.9050817], [75.070374, 33.904901], [75.0714254, 33.9049544], [75.0717258, 33.904901], [75.0720906, 33.9046338], [75.0724447, 33.9044201], [75.0730991, 33.9035297], [75.0738072, 33.9023899], [75.0743866, 33.9013213], [75.0752878, 33.9002705], [75.0761676, 33.8991128], [75.0762749, 33.8989347], [75.0777769, 33.8999677], [75.0791073, 33.9010363], [75.0802231, 33.9019446], [75.0798797, 33.8995759], [75.0803304, 33.8975455], [75.0792789, 33.8942861], [75.0782919, 33.8918281], [75.0786567, 33.8905456], [75.0801158, 33.88937], [75.0825834, 33.8890316], [75.0851798, 33.8899044], [75.0871753, 33.8902784], [75.0899005, 33.8900825], [75.0940418, 33.8902784], [75.0953936, 33.8894056], [75.0957584, 33.8879272], [75.0960803, 33.8864666], [75.095694, 33.8835986], [75.0941705, 33.8805703], [75.0938701, 33.877043], [75.0930762, 33.8762235], [75.0915098, 33.876081], [75.0900292, 33.8760632], [75.0889778, 33.8756712], [75.0881839, 33.8751189], [75.0876903, 33.874531], [75.0867891, 33.8732839], [75.0866174, 33.8711104], [75.088849, 33.8666741], [75.0901794, 33.8636451], [75.0911665, 33.8620237], [75.0922823, 33.8608655], [75.094428, 33.8616851], [75.0970029, 33.8628255], [75.0988054, 33.8645004], [75.0995349, 33.866389], [75.100007, 33.8683489], [75.1000928, 33.8691684], [75.102024, 33.868919], [75.1038694, 33.8685983], [75.1063156, 33.8683132], [75.109148, 33.8680282], [75.1114654, 33.8668523], [75.1152849, 33.8654269], [75.1178169, 33.8648567], [75.1194047, 33.8642153], [75.1213359, 33.8645004], [75.1235246, 33.8659258], [75.1275157, 33.8704512], [75.1290607, 33.8720903], [75.1318073, 33.8728386], [75.134468, 33.8723041], [75.1366138, 33.8715202], [75.1393175, 33.8709501], [75.142107, 33.8727317], [75.1447248, 33.8740144], [75.1474285, 33.8761522], [75.1494026, 33.878682], [75.1515483, 33.8808909], [75.1531362, 33.8827792], [75.1570844, 33.8869119], [75.1601743, 33.8911156], [75.1606464, 33.8953904], [75.1630067, 33.8966728], [75.1646804, 33.8989525], [75.166912, 33.8992019], [75.1702594, 33.8987032], [75.1731777, 33.8987032], [75.1791429, 33.8994868], [75.1847648, 33.9024077], [75.1866102, 33.9029776], [75.1896143, 33.9025145], [75.1926183, 33.9026926], [75.1947212, 33.9057558], [75.195837, 33.9078929], [75.1973819, 33.9093175], [75.1982402, 33.9112408], [75.1974678, 33.9125229], [75.1978111, 33.9150516], [75.1990985, 33.9168323], [75.2013731, 33.9200018], [75.203948, 33.9233492], [75.2103853, 33.932109], [75.2172517, 33.9412594], [75.2208995, 33.9463505], [75.2244186, 33.9510141], [75.2255773, 33.9544671], [75.2264785, 33.9569589], [75.2260494, 33.9600557], [75.2247619, 33.9640779], [75.2216534, 33.9711888], [75.2206929, 33.9734344], [75.2209139, 33.9779654], [75.2215215, 33.9839496], [75.2230397, 33.9895449], [75.2227437, 33.9912116], [75.2225447, 33.9936557], [75.2217577, 33.9967012], [75.2222595, 34.0003806], [75.2222976, 34.002814], [75.223709, 34.0053232], [75.2252291, 34.0097075], [75.2240986, 34.0116851], [75.2236515, 34.0132235], [75.22303, 34.0153621], [75.2230979, 34.0154433], [75.2234287, 34.0158388], [75.2245206, 34.0172101], [75.2256439, 34.0180316], [75.2287101, 34.0188742], [75.2318859, 34.0199057], [75.2320867, 34.0200509], [75.2336005, 34.0211454], [75.2339029, 34.0213641], [75.2346228, 34.0242312], [75.2350605, 34.0266946], [75.2344853, 34.0294302], [75.2338823, 34.0303608], [75.233119, 34.0315387], [75.2327213, 34.0320078], [75.2307488, 34.0323725], [75.2301527, 34.0324827], [75.2258548, 34.0337295], [75.2229646, 34.0342006], [75.220931, 34.0349434], [75.2207919, 34.0350809], [75.2186279, 34.0364917], [75.2178096, 34.0381512], [75.2176809, 34.040036], [75.2177238, 34.0422052], [75.2173805, 34.0444811], [75.2159643, 34.047148], [75.2153635, 34.0499927], [75.2154814, 34.0513883], [75.2146126, 34.0512914], [75.2123168, 34.0513773], [75.2096128, 34.0519483], [75.210514, 34.0539395], [75.2105999, 34.055575], [75.210514, 34.0572105], [75.2088832, 34.059166], [75.2061581, 34.0606771], [75.2036475, 34.0682317], [75.1902579, 34.0686583], [75.1835631, 34.0716445], [75.1739501, 34.0715023], [75.1616763, 34.0791804], [75.155239, 34.0771187], [75.1532835, 34.0826591], [75.1525992, 34.0860187], [75.1505856, 34.0883279], [75.1509852, 34.0902925], [75.1519089, 34.0918168], [75.1521398, 34.0931618], [75.1504796, 34.0949912], [75.1466542, 34.0944626], [75.1430393, 34.0943916], [75.133561, 34.0909102], [75.1317644, 34.0907476], [75.1310319, 34.0905914], [75.1286379, 34.0911334], [75.1261696, 34.0917111], [75.1222014, 34.0912362], [75.1177545, 34.0903824], [75.1143316, 34.0894752], [75.1151776, 34.1010201], [75.1145983, 34.103241], [75.1125169, 34.1046091], [75.1109504, 34.1053198], [75.1077855, 34.1053376], [75.1068842, 34.1050888], [75.105983, 34.104849], [75.1049423, 34.104769], [75.1038909, 34.10492], [75.1029789, 34.1055685], [75.1018417, 34.1063325], [75.1005971, 34.1066435], [75.0998676, 34.1057107], [75.0994491, 34.1052576], [75.0985908, 34.1049023], [75.097239, 34.1053287], [75.0936019, 34.1071498], [75.0921321, 34.1079848], [75.0909305, 34.1095838], [75.090158, 34.108127], [75.0890636, 34.1054442], [75.0849866, 34.0996519], [75.0834846, 34.0959916], [75.0833559, 34.0897722], [75.0821113, 34.0886704], [75.0788927, 34.0881728], [75.0775194, 34.0872487], [75.0765323, 34.0861825], [75.0768327, 34.0856493], [75.0771331, 34.0839788], [75.0763177, 34.0785761], [75.0766611, 34.0647122], [75.0774765, 34.0550417], [75.0790643, 34.0434499], [75.0797939, 34.0400716], [75.0778198, 34.0354129], [75.0752019, 34.0304338], [75.0749874, 34.027055], [75.0744724, 34.0233915], [75.0734853, 34.0203681], [75.072155, 34.0184118], [75.072114, 34.0168848], [75.072112, 34.0168111], [75.0734424, 34.0152815], [75.0744295, 34.0146412], [75.0755882, 34.0150325], [75.0770473, 34.0157083], [75.0788497, 34.0174158], [75.080266, 34.0190876], [75.0814676, 34.0187675], [75.0807809, 34.0164554], [75.0794506, 34.0151748], [75.0775194, 34.0128626], [75.0710821, 34.0048938], [75.0702238, 34.0033284], [75.0715541, 33.9982764], [75.0703954, 33.9947895], [75.0691509, 33.9908044], [75.0694084, 33.9887762], [75.0698805, 33.9877798], [75.0715756, 33.9878154], [75.0721764, 33.9882958], [75.072906, 33.9884381], [75.0730991, 33.9882246], [75.0730347, 33.9876375], [75.0728631, 33.9869258], [75.072627, 33.9859651], [75.0719833, 33.9848263], [75.0711894, 33.9840079], [75.069623, 33.9832606], [75.0685501, 33.9828158], [75.067091, 33.9826379], [75.0655889, 33.9826023], [75.0640011, 33.9825133], [75.0624347, 33.9822108], [75.0613403, 33.9818372], [75.0600314, 33.9800223], [75.0603747, 33.9788657], [75.0605893, 33.9776023], [75.0611472, 33.9766948], [75.0631642, 33.9758763], [75.064559, 33.9754314], [75.0662327, 33.9758229], [75.0679064, 33.9763567], [75.0687217, 33.9764813], [75.0704384, 33.9762144], [75.0724554, 33.9752179], [75.0730133, 33.9753247], [75.0734424, 33.9739011], [75.0732708, 33.9728156], [75.0727129, 33.9719437], [75.0710392, 33.9703955], [75.069344, 33.9689363], [75.0672412, 33.9685448], [75.06531, 33.9683134], [75.0632715, 33.9685092], [75.0619411, 33.9685981], [75.0610614, 33.9691854], [75.0601387, 33.9694345], [75.0597524, 33.9688473], [75.0592589, 33.9677439], [75.0591731, 33.9671567], [75.0582289, 33.9637575], [75.0561905, 33.9622982], [75.0537443, 33.9570479], [75.0503111, 33.9493409], [75.0500536, 33.9468489], [75.0503754, 33.9456385], [75.0511479, 33.9446416], [75.052135, 33.9444814], [75.0535512, 33.9447662], [75.0549888, 33.9452291], [75.056169, 33.9454249], [75.057714, 33.9453893], [75.0590873, 33.9452291], [75.0603533, 33.9448196], [75.0622201, 33.9431642], [75.0625419, 33.9418647], [75.0627351, 33.9409746], [75.062778, 33.9402447]]]]}}, {"type": "Feature", "properties": {"tehsil": "Awantipora", "district": "Pulwama"}, "geometry": {"type": "MultiPolygon", "coordinates": [[[[74.9683857, 33.9563893], [74.9696517, 33.9529898], [74.9718404, 33.9482729], [74.972527, 33.9427903], [74.9714327, 33.9404049], [74.9707246, 33.9389986], [74.9699092, 33.9379483], [74.9691796, 33.9372362], [74.9694371, 33.9361502], [74.9701881, 33.9356518], [74.9708748, 33.9351533], [74.9749732, 33.9321802], [74.9754667, 33.9304354], [74.9754667, 33.9291713], [74.9751663, 33.927747], [74.9741578, 33.9267678], [74.9727845, 33.9250763], [74.9721193, 33.9223699], [74.9720979, 33.9205003], [74.9724412, 33.9192361], [74.9731707, 33.9181143], [74.9738788, 33.9174199], [74.9759817, 33.9173486], [74.9774623, 33.9173664], [74.9779987, 33.9173486], [74.9787926, 33.9170993], [74.979136, 33.9163337], [74.9794793, 33.9153899], [74.9793291, 33.9146064], [74.978857, 33.9136982], [74.9773335, 33.9106709], [74.9750161, 33.9079285], [74.9745655, 33.9065572], [74.9742436, 33.9046516], [74.9737072, 33.902746], [74.9723983, 33.8997006], [74.9717974, 33.8989525], [74.9699092, 33.8984895], [74.9681067, 33.898062], [74.965918, 33.898062], [74.9646735, 33.8978839], [74.9640941, 33.8971715], [74.9601459, 33.8907772], [74.9587297, 33.8896372], [74.9604034, 33.8876066], [74.9645018, 33.8840796], [74.9646306, 33.880499], [74.9652958, 33.8787532], [74.9651885, 33.8778446], [74.9638366, 33.8770964], [74.9622917, 33.8751189], [74.9614978, 33.8741747], [74.9613261, 33.8707897], [74.9622059, 33.8697207], [74.9636864, 33.8687943], [74.9648022, 33.868046], [74.965682, 33.8675471], [74.965961, 33.8666562], [74.9661112, 33.865605], [74.9670553, 33.8647676], [74.9682355, 33.8646073], [74.9695658, 33.8649458], [74.9703169, 33.8651061], [74.9713468, 33.8656941], [74.975059, 33.8675649], [74.9775481, 33.8688121], [74.9776554, 33.8707719], [74.9814105, 33.8687943], [74.9830627, 33.8676718], [74.9838996, 33.8670126], [74.9850797, 33.8666028], [74.9856806, 33.8665672], [74.986732, 33.8671017], [74.987483, 33.8668166], [74.9872684, 33.8651596], [74.987762, 33.8636807], [74.987998, 33.8624513], [74.9878263, 33.8620593], [74.9867105, 33.8617386], [74.9865174, 33.8583709], [74.9849081, 33.8557871], [74.9820757, 33.8514391], [74.9804234, 33.8501026], [74.979887, 33.849764], [74.9780416, 33.8491937], [74.9769473, 33.8486234], [74.9771833, 33.8469483], [74.9781704, 33.8463958], [74.9790072, 33.8461641], [74.9802089, 33.8457721], [74.9818611, 33.8454156], [74.9830198, 33.8431344], [74.9835348, 33.8421542], [74.9837279, 33.8415304], [74.983921, 33.840871], [74.9862385, 33.842778], [74.9872255, 33.8409245], [74.9880409, 33.840069], [74.9904442, 33.8407641], [74.9937486, 33.8403363], [74.9957871, 33.8397838], [75.0008297, 33.8380372], [75.0069022, 33.8373421], [75.0079965, 33.8365935], [75.0074172, 33.8351142], [75.006988, 33.8340091], [75.0073313, 33.8333674], [75.0112152, 33.8302125], [75.0114941, 33.8291609], [75.0113988, 33.8288576], [75.0112366, 33.8283409], [75.0098204, 33.8266475], [75.0084686, 33.8240806], [75.0084257, 33.8230823], [75.0090909, 33.8227793], [75.0107002, 33.8226367], [75.0117087, 33.8225476], [75.012567, 33.8225297], [75.0137472, 33.8234923], [75.0148415, 33.8237954], [75.0169015, 33.8232428], [75.0187254, 33.8227615], [75.0209999, 33.8222267], [75.0233602, 33.822191], [75.0256777, 33.8224406], [75.0268364, 33.823421], [75.028317, 33.8237419], [75.0289607, 33.8231358], [75.028274, 33.8221554], [75.028038, 33.8204084], [75.0280809, 33.8193209], [75.0278878, 33.8181622], [75.0276303, 33.8174847], [75.0259137, 33.8168964], [75.0235963, 33.8163081], [75.0217724, 33.8151137], [75.0206566, 33.8137766], [75.0197339, 33.8122077], [75.0195622, 33.8109953], [75.0193262, 33.8093907], [75.0197232, 33.8094353], [75.0203133, 33.8097295], [75.0208282, 33.8101039], [75.0215471, 33.8105674], [75.0225878, 33.8111023], [75.0242185, 33.8115926], [75.0247657, 33.8116461], [75.0254738, 33.8115748], [75.026418, 33.8114678], [75.0272012, 33.8113876], [75.0276625, 33.8113162], [75.0285315, 33.8112538], [75.0293362, 33.8113162], [75.0300765, 33.811441], [75.0304627, 33.8115748], [75.030849, 33.8115213], [75.030967, 33.8111558], [75.0311065, 33.8106298], [75.0315142, 33.8104515], [75.0342661, 33.8112048], [75.0346792, 33.811294], [75.0350547, 33.8113029], [75.0356179, 33.8111201], [75.0362563, 33.8108839], [75.0366372, 33.8107234], [75.0372219, 33.8106075], [75.0376081, 33.8106343], [75.0378925, 33.8107368], [75.0383323, 33.8109953], [75.0388151, 33.8116416], [75.0390512, 33.8121765], [75.0390565, 33.8132506], [75.0387937, 33.8143471], [75.0384074, 33.8162368], [75.0381768, 33.8167271], [75.037989, 33.8170881], [75.0378442, 33.8174223], [75.0378871, 33.8177388], [75.0381339, 33.817975], [75.0384664, 33.8180552], [75.0390083, 33.8180374], [75.0400597, 33.8177878], [75.0406659, 33.8176318], [75.041036, 33.8174714], [75.0416958, 33.8169811], [75.0427633, 33.8160496], [75.0435519, 33.8155772], [75.0468778, 33.815078], [75.0492596, 33.8148997], [75.0511694, 33.8150959], [75.0522852, 33.8163438], [75.0553321, 33.8202658], [75.0570058, 33.8208362], [75.0580787, 33.822298], [75.0582075, 33.8237954], [75.0567054, 33.8283231], [75.0561046, 33.8302838], [75.0557184, 33.831995], [75.0560188, 33.8337774], [75.0589799, 33.8345973], [75.0617265, 33.8345616], [75.0648593, 33.835845], [75.0658035, 33.8372708], [75.0658035, 33.8385541], [75.0647735, 33.8401225], [75.0627565, 33.8423325], [75.0606536, 33.8442572], [75.0583791, 33.8454691], [75.0546455, 33.8471087], [75.0505256, 33.8508867], [75.048294, 33.8524549], [75.0524139, 33.8551635], [75.0546455, 33.8562326], [75.0561046, 33.8561257], [75.05692, 33.8548427], [75.0573062, 33.8516708], [75.0598812, 33.8513856], [75.0618982, 33.8508867], [75.0637006, 33.8504233], [75.0659322, 33.8503521], [75.0667476, 33.8520272], [75.0687217, 33.8528825], [75.0710821, 33.8528469], [75.0728845, 33.8524905], [75.075159, 33.8518133], [75.0770473, 33.8515639], [75.0794076, 33.8518846], [75.0819397, 33.8523479], [75.0844287, 33.8541656], [75.0867462, 33.8562683], [75.0896644, 33.8598677], [75.0922823, 33.8608655], [75.0911665, 33.8620237], [75.0901794, 33.8636451], [75.088849, 33.8666741], [75.0866174, 33.8711104], [75.0867891, 33.8732839], [75.0876903, 33.874531], [75.0881839, 33.8751189], [75.0889778, 33.8756712], [75.0900292, 33.8760632], [75.0915098, 33.876081], [75.0930762, 33.8762235], [75.0938701, 33.877043], [75.0941705, 33.8805703], [75.095694, 33.8835986], [75.0960803, 33.8864666], [75.0957584, 33.8879272], [75.0953936, 33.8894056], [75.0940418, 33.8902784], [75.0899005, 33.8900825], [75.0871753, 33.8902784], [75.0851798, 33.8899044], [75.0825834, 33.8890316], [75.0801158, 33.88937], [75.0786567, 33.8905456], [75.0782919, 33.8918281], [75.0792789, 33.8942861], [75.0803304, 33.8975455], [75.0798797, 33.8995759], [75.0802231, 33.9019446], [75.0791073, 33.9010363], [75.0777769, 33.8999677], [75.0762749, 33.8989347], [75.0761676, 33.8991128], [75.0752878, 33.9002705], [75.0743866, 33.9013213], [75.0738072, 33.9023899], [75.0730991, 33.9035297], [75.0724447, 33.9044201], [75.0720906, 33.9046338], [75.0717258, 33.904901], [75.0714254, 33.9049544], [75.070374, 33.904901], [75.0694338, 33.9050817], [75.0687466, 33.9053887], [75.0683153, 33.9057944], [75.0687303, 33.906265], [75.0685823, 33.9065839], [75.0686145, 33.9067887], [75.0684535, 33.9071984], [75.068196, 33.9072606], [75.0679386, 33.9073586], [75.0656962, 33.9075723], [75.0668763, 33.9160844], [75.0649452, 33.9159775], [75.0651598, 33.9165474], [75.0652885, 33.9170994], [75.0659398, 33.9177042], [75.0643658, 33.9194498], [75.0717902, 33.9279428], [75.0736785, 33.9314858], [75.0750947, 33.9334442], [75.0755453, 33.9361502], [75.0738501, 33.9367911], [75.0706959, 33.9379661], [75.068357, 33.9385535], [75.0644302, 33.9398887], [75.062778, 33.9402447], [75.058465, 33.9398709], [75.0560832, 33.9397107], [75.0545168, 33.939408], [75.0533581, 33.9393724], [75.0481653, 33.93923], [75.0447964, 33.9393546], [75.0433159, 33.9396573], [75.0427365, 33.94085], [75.0412345, 33.9429149], [75.0399256, 33.9439118], [75.0381446, 33.944784], [75.0365996, 33.9451935], [75.032587, 33.9471871], [75.0290251, 33.9480415], [75.0271153, 33.9488781], [75.0250339, 33.9491629], [75.024476, 33.9486823], [75.0240254, 33.9477211], [75.0238108, 33.9470981], [75.022695, 33.9469023], [75.0211501, 33.9466709], [75.0193708, 33.9477521], [75.0161739, 33.9480456], [75.014658, 33.9478976], [75.0114298, 33.9468489], [75.0095629, 33.9469379], [75.0081467, 33.9474719], [75.007503, 33.9479703], [75.006473, 33.9489137], [75.0052714, 33.9491807], [75.0043702, 33.9490739], [75.0026107, 33.9483797], [74.9993706, 33.9464217], [74.998877, 33.9453359], [74.9985552, 33.943805], [74.9989414, 33.9424343], [74.9995637, 33.9405652], [75.0009584, 33.9368445], [75.0017953, 33.9339783], [75.0032115, 33.93056], [75.0034475, 33.9294028], [75.0029111, 33.9288152], [75.0007224, 33.9294384], [74.9997782, 33.9298657], [74.998641, 33.9304532], [74.9976969, 33.9303108], [74.9963665, 33.9307203], [74.995594, 33.9313968], [74.993813, 33.9328033], [74.9929547, 33.9351711], [74.9924612, 33.9375032], [74.990766, 33.9400489], [74.9886417, 33.9420249], [74.9867964, 33.9438406], [74.9851441, 33.9456029], [74.9837708, 33.9461725], [74.9826765, 33.9461191], [74.9822044, 33.9463149], [74.9815392, 33.9478101], [74.9807652, 33.9490432], [74.979651, 33.9508183], [74.9775481, 33.9532924], [74.9765396, 33.9558732], [74.9751019, 33.9569945], [74.9731493, 33.9572971], [74.9718618, 33.9568877], [74.9702096, 33.9565851], [74.969244, 33.9564071], [74.9683857, 33.9563893]]]]}}, {"type": "Feature", "properties": {"tehsil": "Pulwama tehsil", "district": "Pulwama"}, "geometry": {"type": "MultiPolygon", "coordinates": [[[[74.7134899, 33.8027761], [74.7132862, 33.8018398], [74.7132325, 33.8014119], [74.7129428, 33.8005916], [74.7125029, 33.7990849], [74.7122455, 33.7979972], [74.7120523, 33.7955186], [74.7119558, 33.7934947], [74.7120201, 33.7916044], [74.7122025, 33.7913726], [74.7127068, 33.7907841], [74.7130501, 33.7905077], [74.7137368, 33.7903829], [74.7146273, 33.7909535], [74.714992, 33.7913815], [74.7155392, 33.7916847], [74.7165155, 33.7920413], [74.7180068, 33.7923801], [74.7193158, 33.7925852], [74.7205925, 33.793138], [74.7224593, 33.7937443], [74.7253346, 33.79452], [74.7265041, 33.7950371], [74.7273838, 33.7952957], [74.7277486, 33.7955186], [74.7292614, 33.7967401], [74.7297013, 33.7972215], [74.7304523, 33.797489], [74.7314608, 33.7976317], [74.7329092, 33.79781], [74.7369754, 33.798131], [74.7378659, 33.7984163], [74.7382843, 33.7986035], [74.7386062, 33.7990493], [74.7387028, 33.7995396], [74.7388422, 33.8003598], [74.7390139, 33.8007878], [74.7395289, 33.8011355], [74.7412348, 33.8019557], [74.7428226, 33.8023301], [74.7435093, 33.8025708], [74.7443676, 33.8029542], [74.7451079, 33.8034178], [74.7462451, 33.8040418], [74.7490561, 33.8044876], [74.7501933, 33.8046392], [74.7523606, 33.8052632], [74.7541094, 33.8055485], [74.7588515, 33.8056287], [74.7596347, 33.8055217], [74.7602034, 33.8053702], [74.7607183, 33.8048977], [74.7614372, 33.8040062], [74.7619629, 33.8031949], [74.7621024, 33.8019379], [74.7626388, 33.8012514], [74.7634542, 33.7999497], [74.7642374, 33.7985232], [74.7643447, 33.796963], [74.7645593, 33.796116], [74.7648811, 33.7955632], [74.7652352, 33.7950728], [74.7660291, 33.7946627], [74.7672307, 33.7937978], [74.7682714, 33.7930132], [74.7687006, 33.7925495], [74.769119, 33.7924247], [74.769752, 33.7924426], [74.7705245, 33.7923801], [74.7711682, 33.7922821], [74.7719943, 33.792184], [74.7725522, 33.792077], [74.7734856, 33.7916044], [74.7743225, 33.7911675], [74.7756314, 33.7903294], [74.7758782, 33.7899103], [74.7763717, 33.7889919], [74.7766399, 33.7882875], [74.7818005, 33.7904542], [74.785577, 33.7922642], [74.7889674, 33.7941634], [74.7925722, 33.7958753], [74.7954368, 33.7970165], [74.7957909, 33.7970611], [74.7969174, 33.7971324], [74.7986555, 33.7969987], [74.8024428, 33.7965618], [74.8038483, 33.79633], [74.8044491, 33.7961516], [74.8050713, 33.796009], [74.8058116, 33.7959287], [74.8064983, 33.7958307], [74.8073137, 33.7954919], [74.8086011, 33.7949569], [74.8105216, 33.7940564], [74.8111117, 33.7936195], [74.8118412, 33.792826], [74.8129785, 33.7919165], [74.8142552, 33.7908109], [74.81565, 33.7891078], [74.8164654, 33.78769], [74.8168838, 33.7870124], [74.8176026, 33.7867538], [74.8184287, 33.7867627], [74.8190081, 33.7867449], [74.8198879, 33.7865576], [74.8213148, 33.7842659], [74.8217547, 33.7835169], [74.8220444, 33.7830264], [74.8225486, 33.7827233], [74.8230421, 33.7825984], [74.8239219, 33.782643], [74.8250162, 33.7835615], [74.8260677, 33.7843105], [74.8267007, 33.7854965], [74.8292971, 33.7883053], [74.8323226, 33.7918719], [74.8353696, 33.7952066], [74.838717, 33.79929], [74.8406052, 33.8016526], [74.8434591, 33.8050225], [74.8448861, 33.8066361], [74.8451328, 33.8069838], [74.845401, 33.8074741], [74.8456049, 33.8080357], [74.8460448, 33.808633], [74.846077, 33.8113697], [74.8457658, 33.8116104], [74.8451435, 33.8118689], [74.8448646, 33.8121096], [74.8442101, 33.8130189], [74.8433947, 33.8145521], [74.8432338, 33.8151137], [74.8432338, 33.815595], [74.8440385, 33.8162101], [74.8480189, 33.8187237], [74.8490918, 33.8193388], [74.8495638, 33.8194011], [74.8505294, 33.8192496], [74.8529649, 33.8167716], [74.853791, 33.816014], [74.8541558, 33.8155504], [74.8542738, 33.8150334], [74.8545313, 33.8146769], [74.8549712, 33.8145075], [74.8556685, 33.8143292], [74.856559, 33.814142], [74.8572993, 33.8141153], [74.8587692, 33.8142936], [74.8596811, 33.8138835], [74.8602497, 33.8132952], [74.8607004, 33.8130902], [74.862138, 33.8131347], [74.8630285, 33.8132685], [74.8644555, 33.8133665], [74.865582, 33.8135448], [74.8668694, 33.8139281], [74.8704851, 33.8147125], [74.8730707, 33.8153365], [74.8743904, 33.8155059], [74.8761284, 33.81539], [74.8766971, 33.8150513], [74.8767722, 33.8142757], [74.8764074, 33.8131169], [74.8761499, 33.8118333], [74.8752272, 33.8107992], [74.8744333, 33.8104248], [74.8736822, 33.8100237], [74.8710322, 33.8091857], [74.866333, 33.806538], [74.8635006, 33.8050849], [74.861505, 33.8031949], [74.8591125, 33.8014743], [74.8557329, 33.7990136], [74.8555505, 33.7986302], [74.8553896, 33.7979259], [74.8554325, 33.7971859], [74.8559046, 33.7964013], [74.8562372, 33.795688], [74.8567414, 33.7952066], [74.857192, 33.7946983], [74.8579538, 33.7943595], [74.8586833, 33.7940742], [74.8593807, 33.7936284], [74.8606467, 33.7930845], [74.8611832, 33.7931826], [74.861623, 33.7935482], [74.8620844, 33.7940475], [74.8626959, 33.7942258], [74.8632645, 33.7942525], [74.8637688, 33.7942525], [74.8657536, 33.7938513], [74.8682642, 33.7938424], [74.8687255, 33.7938959], [74.8705172, 33.7942615], [74.8715258, 33.7943328], [74.8720729, 33.7942615], [74.8726416, 33.7937532], [74.87306, 33.7926922], [74.8736286, 33.7914974], [74.8740256, 33.7906147], [74.8742938, 33.7900708], [74.8748088, 33.7896606], [74.8755062, 33.7892683], [74.8764825, 33.7888492], [74.8777056, 33.7890275], [74.8785746, 33.7898835], [74.8794758, 33.7909], [74.88042, 33.7926922], [74.8812675, 33.7941901], [74.8820937, 33.7949658], [74.8840248, 33.7963745], [74.8846257, 33.7964904], [74.8852801, 33.796223], [74.8860204, 33.7959198], [74.8865783, 33.7956256], [74.8871899, 33.795269], [74.8879409, 33.7951709], [74.8886275, 33.7951976], [74.8890674, 33.7954205], [74.8912775, 33.79781], [74.8909342, 33.7983628], [74.8895931, 33.799076], [74.8884559, 33.8000121], [74.8917711, 33.8021429], [74.8948073, 33.8044519], [74.8986268, 33.8069659], [74.9011373, 33.8084814], [74.9016738, 33.8087667], [74.9019098, 33.8088469], [74.9025535, 33.8089272], [74.9032402, 33.8086062], [74.9036372, 33.8081516], [74.9037981, 33.8074563], [74.903841, 33.8071353], [74.9040234, 33.806752], [74.9042916, 33.8062795], [74.9046671, 33.8058605], [74.9052358, 33.8055128], [74.906652, 33.8048085], [74.9079502, 33.8046124], [74.9090123, 33.8047907], [74.9098277, 33.8050938], [74.9111152, 33.8058783], [74.9130034, 33.8074652], [74.9155676, 33.8094977], [74.9169624, 33.8108349], [74.9174237, 33.8114232], [74.9181318, 33.8120294], [74.9191081, 33.812377], [74.9196982, 33.8126623], [74.9209535, 33.8127069], [74.9215758, 33.8127336], [74.922241, 33.8127871], [74.9230134, 33.8129921], [74.9237966, 33.8131526], [74.9247193, 33.8130545], [74.9250626, 33.812591], [74.9250305, 33.811753], [74.9243867, 33.810924], [74.9242151, 33.8103624], [74.9243331, 33.8098454], [74.9245477, 33.8095601], [74.9251056, 33.8090787], [74.925921, 33.8086865], [74.9272942, 33.8084101], [74.9281418, 33.8083656], [74.9294078, 33.8084101], [74.9300408, 33.808526], [74.9309635, 33.8085528], [74.9315858, 33.8083923], [74.9317896, 33.8082051], [74.931854, 33.807688], [74.9315107, 33.8070551], [74.9308562, 33.8066361], [74.9295151, 33.8057446], [74.9262857, 33.8037031], [74.9252128, 33.803079], [74.924773, 33.8024728], [74.9246549, 33.8020092], [74.9246871, 33.8014029], [74.925009, 33.8009037], [74.9253952, 33.8005738], [74.9258459, 33.8003064], [74.9261463, 33.7998784], [74.9265218, 33.799495], [74.9270582, 33.7993613], [74.9276483, 33.7993791], [74.9287641, 33.7996734], [74.9301696, 33.8003866], [74.9317253, 33.8014832], [74.9330234, 33.8020894], [74.934268, 33.8028294], [74.9349546, 33.8032127], [74.9357593, 33.8034445], [74.9363708, 33.803498], [74.9370789, 33.8034356], [74.9376798, 33.8032662], [74.9380875, 33.8030344], [74.9383449, 33.8023301], [74.9380231, 33.8019914], [74.9375617, 33.8015367], [74.9369609, 33.8010374], [74.9362314, 33.8006006], [74.9353945, 33.8001637], [74.9351585, 33.7993881], [74.9350083, 33.7986213], [74.9351156, 33.7977476], [74.9350405, 33.7971324], [74.9346864, 33.7959287], [74.9360382, 33.7949747], [74.9374437, 33.7936284], [74.938463, 33.7928527], [74.9395144, 33.7922196], [74.9403191, 33.7919165], [74.9423575, 33.7916133], [74.9454474, 33.7917827], [74.9510264, 33.7926387], [74.9526358, 33.7928616], [74.9564659, 33.7933609], [74.9597919, 33.7939583], [74.9617338, 33.7945824], [74.9627852, 33.7949123], [74.9643195, 33.7950906], [74.9656069, 33.795376], [74.9670124, 33.7960179], [74.9690401, 33.7976495], [74.971497, 33.8001013], [74.9749625, 33.8038903], [74.9764109, 33.8055039], [74.9785995, 33.8075989], [74.9798012, 33.8085528], [74.9801981, 33.8095066], [74.9811745, 33.8093105], [74.9814963, 33.8089717], [74.9821079, 33.8086241], [74.9828911, 33.8081605], [74.9838567, 33.8074919], [74.9855947, 33.806021], [74.9865925, 33.8050582], [74.9875903, 33.8043182], [74.9883199, 33.8036585], [74.9888778, 33.803079], [74.9897361, 33.8026065], [74.9899185, 33.802348], [74.9906373, 33.8017863], [74.9919033, 33.8005649], [74.9933946, 33.8000924], [74.9943817, 33.7997447], [74.9950683, 33.7995218], [74.9956155, 33.7993702], [74.9961948, 33.7993167], [74.9966347, 33.799397], [74.9971819, 33.7995842], [74.9976861, 33.7998071], [74.9982655, 33.8001102], [74.9983942, 33.800663], [74.9985552, 33.8023836], [74.9986946, 33.8029185], [74.9992847, 33.8037031], [74.999789, 33.8041488], [75.0001645, 33.8046926], [74.9999392, 33.8056465], [74.9995959, 33.8061904], [74.999274, 33.8067966], [74.9990487, 33.8074028], [74.9990165, 33.8079822], [74.9991345, 33.8087845], [74.9996388, 33.8104426], [74.9999177, 33.8108349], [75.0001216, 33.8109597], [75.0004005, 33.8112271], [75.000422, 33.8115837], [75.0004649, 33.8122166], [75.0007117, 33.8125642], [75.0011408, 33.8128227], [75.0019026, 33.8129119], [75.0025892, 33.8129565], [75.0035334, 33.8128138], [75.0053251, 33.812279], [75.0073206, 33.8112806], [75.0078785, 33.8109686], [75.0082862, 33.8107814], [75.0085115, 33.810505], [75.0088012, 33.8100771], [75.0092733, 33.8097295], [75.0100136, 33.8094888], [75.0105929, 33.809364], [75.0115371, 33.8095779], [75.0127602, 33.8099167], [75.0133181, 33.8101306], [75.0140691, 33.8103981], [75.0146806, 33.8105763], [75.0154531, 33.810719], [75.0162899, 33.8104783], [75.0188756, 33.809462], [75.0193262, 33.8093907], [75.0195622, 33.8109953], [75.0197339, 33.8122077], [75.0206566, 33.8137766], [75.0217724, 33.8151137], [75.0235963, 33.8163081], [75.0259137, 33.8168964], [75.0276303, 33.8174847], [75.0278878, 33.8181622], [75.0280809, 33.8193209], [75.028038, 33.8204084], [75.028274, 33.8221554], [75.0289607, 33.8231358], [75.028317, 33.8237419], [75.0268364, 33.823421], [75.0256777, 33.8224406], [75.0233602, 33.822191], [75.0209999, 33.8222267], [75.0187254, 33.8227615], [75.0169015, 33.8232428], [75.0148415, 33.8237954], [75.0137472, 33.8234923], [75.012567, 33.8225297], [75.0117087, 33.8225476], [75.0107002, 33.8226367], [75.0090909, 33.8227793], [75.0084257, 33.8230823], [75.0084686, 33.8240806], [75.0098204, 33.8266475], [75.0112366, 33.8283409], [75.0113988, 33.8288576], [75.0114941, 33.8291609], [75.0112152, 33.8302125], [75.0073313, 33.8333674], [75.006988, 33.8340091], [75.0074172, 33.8351142], [75.0079965, 33.8365935], [75.0069022, 33.8373421], [75.0008297, 33.8380372], [74.9957871, 33.8397838], [74.9937486, 33.8403363], [74.9904442, 33.8407641], [74.9880409, 33.840069], [74.9872255, 33.8409245], [74.9862385, 33.842778], [74.983921, 33.840871], [74.9837279, 33.8415304], [74.9835348, 33.8421542], [74.9830198, 33.8431344], [74.9818611, 33.8454156], [74.9802089, 33.8457721], [74.9790072, 33.8461641], [74.9781704, 33.8463958], [74.9771833, 33.8469483], [74.9769473, 33.8486234], [74.9780416, 33.8491937], [74.979887, 33.849764], [74.9804234, 33.8501026], [74.9820757, 33.8514391], [74.9849081, 33.8557871], [74.9865174, 33.8583709], [74.9867105, 33.8617386], [74.9878263, 33.8620593], [74.987998, 33.8624513], [74.987762, 33.8636807], [74.9872684, 33.8651596], [74.987483, 33.8668166], [74.986732, 33.8671017], [74.9856806, 33.8665672], [74.9850797, 33.8666028], [74.9838996, 33.8670126], [74.9830627, 33.8676718], [74.9814105, 33.8687943], [74.9776554, 33.8707719], [74.9775481, 33.8688121], [74.975059, 33.8675649], [74.9713468, 33.8656941], [74.9703169, 33.8651061], [74.9695658, 33.8649458], [74.9682355, 33.8646073], [74.9670553, 33.8647676], [74.9661112, 33.865605], [74.965961, 33.8666562], [74.965682, 33.8675471], [74.9648022, 33.868046], [74.9636864, 33.8687943], [74.9622059, 33.8697207], [74.9613261, 33.8707897], [74.9614978, 33.8741747], [74.9622917, 33.8751189], [74.9638366, 33.8770964], [74.9651885, 33.8778446], [74.9652958, 33.8787532], [74.9646306, 33.880499], [74.9645018, 33.8840796], [74.9604034, 33.8876066], [74.9587297, 33.8896372], [74.9601459, 33.8907772], [74.9640941, 33.8971715], [74.9646735, 33.8978839], [74.965918, 33.898062], [74.9681067, 33.898062], [74.9699092, 33.8984895], [74.9717974, 33.8989525], [74.9723983, 33.8997006], [74.9737072, 33.902746], [74.9742436, 33.9046516], [74.9745655, 33.9065572], [74.9750161, 33.9079285], [74.9773335, 33.9106709], [74.978857, 33.9136982], [74.9793291, 33.9146064], [74.9794793, 33.9153899], [74.979136, 33.9163337], [74.9787926, 33.9170993], [74.9779987, 33.9173486], [74.9774623, 33.9173664], [74.9759817, 33.9173486], [74.9738788, 33.9174199], [74.9731707, 33.9181143], [74.9724412, 33.9192361], [74.9720979, 33.9205003], [74.9721193, 33.9223699], [74.9727845, 33.9250763], [74.9741578, 33.9267678], [74.9751663, 33.927747], [74.9754667, 33.9291713], [74.9754667, 33.9304354], [74.9749732, 33.9321802], [74.9708748, 33.9351533], [74.9701881, 33.9356518], [74.9694371, 33.9361502], [74.9691796, 33.9372362], [74.9699092, 33.9379483], [74.9707246, 33.9389986], [74.9714327, 33.9404049], [74.972527, 33.9427903], [74.9718404, 33.9482729], [74.9696517, 33.9529898], [74.9683857, 33.9563893], [74.9673772, 33.9569767], [74.9665189, 33.9575284], [74.9654031, 33.9595218], [74.9632358, 33.9628321], [74.9622273, 33.964683], [74.9605536, 33.9656796], [74.9597597, 33.9672634], [74.9573993, 33.9683668], [74.9555111, 33.9686693], [74.9534297, 33.9684202], [74.9525928, 33.9677439], [74.951241, 33.9668363], [74.9500608, 33.966338], [74.9488377, 33.9661957], [74.9470567, 33.9661067], [74.9457478, 33.9659287], [74.9445462, 33.9654482], [74.9437737, 33.9650389], [74.9398899, 33.963455], [74.9365854, 33.9620312], [74.9342894, 33.9605007], [74.932208, 33.959771], [74.9310279, 33.9594862], [74.9295687, 33.9597354], [74.9283027, 33.9600735], [74.9273157, 33.9604651], [74.9264574, 33.9615685], [74.9258351, 33.9634728], [74.9250197, 33.9680643], [74.92414, 33.9706268], [74.9226165, 33.972264], [74.9204922, 33.9742926], [74.9173164, 33.9765169], [74.9155354, 33.9780116], [74.9139046, 33.9795241], [74.9131536, 33.9814813], [74.9133253, 33.9828158], [74.9140334, 33.9890253], [74.9150634, 33.9920853], [74.9164581, 33.9928325], [74.9192261, 33.9930816], [74.9214148, 33.9940601], [74.9225735, 33.994665], [74.9234748, 33.9954833], [74.9236679, 33.9958213], [74.9234319, 33.9965685], [74.922874, 33.9967642], [74.9219942, 33.9970844], [74.9207926, 33.9973691], [74.9201917, 33.997885], [74.91575, 34.0027414], [74.9146557, 34.0038799], [74.9098277, 34.0093763], [74.9072099, 34.0119198], [74.9052357, 34.0141965], [74.9037552, 34.013574], [74.903326, 34.012738], [74.9013734, 34.0124179], [74.9004721, 34.0122756], [74.900279, 34.0113862], [74.8998284, 34.0102301], [74.8987341, 34.009732], [74.8999786, 34.0075442], [74.9013304, 34.0035953], [74.9018669, 34.0015318], [74.9018669, 34.0007313], [74.9006438, 33.9999485], [74.9009502, 33.9986361], [74.9011588, 33.9977426], [74.9012446, 33.99712], [74.9013948, 33.9964796], [74.9013948, 33.9955367], [74.9017811, 33.9941846], [74.8994851, 33.9937221], [74.8982191, 33.9936331], [74.8967814, 33.9936331], [74.8950863, 33.9940067], [74.8936701, 33.9907332], [74.8930049, 33.9904486], [74.8926616, 33.990324], [74.8918032, 33.989986], [74.8905802, 33.9890786], [74.8896575, 33.9876909], [74.888885, 33.9853779], [74.8875761, 33.9839189], [74.8872971, 33.9831894], [74.8870182, 33.9817126], [74.8855591, 33.9789725], [74.8848923, 33.9780275], [74.8832845, 33.9753247], [74.8818898, 33.9726021], [74.8798728, 33.9713209], [74.878993, 33.970698], [74.8764181, 33.9695235], [74.8737573, 33.9681532], [74.8730278, 33.9664448], [74.8703885, 33.9642203], [74.8671484, 33.9613549], [74.8636293, 33.9570123], [74.8614192, 33.953061], [74.8610544, 33.9502487], [74.8604107, 33.9478457], [74.8594665, 33.9464751], [74.8579216, 33.9447662], [74.8549819, 33.9434134], [74.8529863, 33.9417757], [74.8499822, 33.9387672], [74.8484158, 33.9369513], [74.846828, 33.9337646], [74.8457765, 33.9316104], [74.8448324, 33.9301505], [74.8439312, 33.9288152], [74.8436951, 33.9297945], [74.8432874, 33.9307737], [74.8431372, 33.9318953], [74.84303, 33.9329279], [74.8423862, 33.933373], [74.8405194, 33.9329101], [74.8400044, 33.9319487], [74.839468, 33.9305244], [74.8395324, 33.9288152], [74.8386311, 33.9259843], [74.8382664, 33.9229041], [74.837923, 33.9198237], [74.8374939, 33.9147845], [74.8367429, 33.9139475], [74.8339534, 33.9106709], [74.830563, 33.9069134], [74.8296404, 33.9053462], [74.8284784, 33.9039889], [74.8279023, 33.9033159], [74.8261428, 33.9016418], [74.8243403, 33.899095], [74.8234176, 33.8980976], [74.82198, 33.8968865], [74.8212504, 33.894856], [74.8202634, 33.892968], [74.819684, 33.8904922], [74.8195767, 33.8890494], [74.8195338, 33.8878916], [74.8197055, 33.886805], [74.8200917, 33.8857362], [74.8208856, 33.8843468], [74.8211431, 33.8830998], [74.8211646, 33.8811403], [74.8215937, 33.8788601], [74.8213148, 33.8770073], [74.8195123, 33.8723041], [74.8185897, 33.869311], [74.8184609, 33.8667275], [74.8177743, 33.865124], [74.8177528, 33.8638233], [74.81565, 33.8620949], [74.8142981, 33.861008], [74.813354, 33.8599924], [74.8126888, 33.8593331], [74.8114657, 33.858852], [74.8104787, 33.8583709], [74.8095989, 33.8576225], [74.8087191, 33.8566603], [74.8072815, 33.8556802], [74.8066807, 33.8545219], [74.804964, 33.8530785], [74.804492, 33.8521163], [74.803741, 33.8512965], [74.8020458, 33.8498174], [74.8006725, 33.8481601], [74.7990203, 33.8464849], [74.798634, 33.8462176], [74.7974968, 33.8458077], [74.7966814, 33.8455047], [74.7967458, 33.8438651], [74.7968745, 33.8422968], [74.7983551, 33.8412453], [74.7994709, 33.8402294], [74.7992134, 33.8398551], [74.7985053, 33.8398195], [74.7974753, 33.8395521], [74.7965956, 33.8393026], [74.7946, 33.838465], [74.7927117, 33.8375738], [74.7917676, 33.8366826], [74.7905016, 33.8341517], [74.7896647, 33.8334565], [74.7907591, 33.8332248], [74.7911668, 33.8330109], [74.7923898, 33.8307829], [74.7931194, 33.8288578], [74.7930121, 33.8272179], [74.7936988, 33.8261662], [74.7949219, 33.8250075], [74.7942138, 33.8248649], [74.7929477, 33.8250254], [74.7915315, 33.8252215], [74.7906518, 33.8240806], [74.7896433, 33.8225832], [74.7895145, 33.8212462], [74.7888064, 33.8208184], [74.7877121, 33.8204084], [74.7863173, 33.8195883], [74.780631, 33.819927], [74.7774124, 33.8197666], [74.7752023, 33.8196596], [74.7745371, 33.8189466], [74.7741937, 33.8174669], [74.7731852, 33.8162368], [74.771533, 33.8153454], [74.7711468, 33.8145967], [74.771297, 33.8137766], [74.7718334, 33.812903], [74.7725415, 33.8119937], [74.7731852, 33.8110666], [74.7735715, 33.8096225], [74.7728848, 33.8090163], [74.7720909, 33.8089272], [74.7697949, 33.8087132], [74.7674131, 33.8084458], [74.7648167, 33.8083923], [74.7642803, 33.8096582], [74.7632932, 33.8100682], [74.7620487, 33.810407], [74.7602463, 33.810514], [74.7581863, 33.8104605], [74.7571564, 33.8106388], [74.7567701, 33.8113341], [74.7566199, 33.8125286], [74.7563195, 33.813527], [74.7565341, 33.8142401], [74.7571564, 33.8147571], [74.7568559, 33.8152206], [74.7562766, 33.8156485], [74.7552037, 33.816112], [74.7556329, 33.8165577], [74.7557831, 33.8180552], [74.7559118, 33.8195527], [74.7548175, 33.819731], [74.7528219, 33.8191783], [74.7511911, 33.8196062], [74.7499037, 33.8200875], [74.747715, 33.8202301], [74.744904, 33.8203192], [74.7426939, 33.8202123], [74.7405052, 33.8194279], [74.7386384, 33.8173778], [74.7352052, 33.8135805], [74.7310853, 33.8103713], [74.7295189, 33.8091233], [74.7273516, 33.8079287], [74.7256565, 33.8067698], [74.7240686, 33.8057357], [74.7227597, 33.8053256], [74.7215795, 33.8054683], [74.7201633, 33.8063063], [74.7191977, 33.8070908], [74.718275, 33.8074473], [74.7172665, 33.8072512], [74.7164941, 33.8064667], [74.7162795, 33.805076], [74.7155552, 33.8038479], [74.7134899, 33.8027761]]]]}}, {"type": "Feature", "properties": {"tehsil": "Gurez", "district": "Bandipore"}, "geometry": {"type": "MultiPolygon", "coordinates": [[[[74.7707603, 34.6777229], [74.7636011, 34.6782863], [74.7624777, 34.6690763], [74.7682714, 34.6629345], [74.7713184, 34.6623344], [74.7758674, 34.661805], [74.7842359, 34.6597223], [74.7884416, 34.6538623], [74.7870254, 34.6494141], [74.7841501, 34.6420352], [74.7827768, 34.6309833], [74.7808456, 34.6145969], [74.779644, 34.6030822], [74.7786998, 34.5928729], [74.7794294, 34.5873262], [74.7797298, 34.5794118], [74.7811889, 34.5758076], [74.7808456, 34.5725921], [74.7810602, 34.571744], [74.783163, 34.5702245], [74.7850942, 34.5693057], [74.7884416, 34.5685989], [74.7923898, 34.5683869], [74.7960805, 34.5677508], [74.8093843, 34.5573605], [74.8195982, 34.552483], [74.8360776, 34.5457671], [74.8423004, 34.5429038], [74.8545742, 34.5387325], [74.8701095, 34.5324044], [74.8786497, 34.5289043], [74.8856449, 34.5251211], [74.9002361, 34.5139476], [74.9040985, 34.5101638], [74.9100637, 34.5044701], [74.918518, 34.4965124], [74.9213075, 34.4921973], [74.926629, 34.4846983], [74.9305772, 34.4765618], [74.9365854, 34.4711843], [74.9389457, 34.4674339], [74.9419713, 34.4636834], [74.9447608, 34.4630465], [74.9493527, 34.4610296], [74.9504256, 34.4584288], [74.9501037, 34.4544302], [74.9499964, 34.4523423], [74.9563694, 34.449759], [74.959116, 34.4486796], [74.9595666, 34.4479895], [74.9605965, 34.445813], [74.963386, 34.4454945], [74.9657035, 34.4453883], [74.9754667, 34.4446982], [74.9798655, 34.4444682], [74.9820113, 34.444769], [74.9841141, 34.4449637], [74.987719, 34.4448221], [74.9912381, 34.4446274], [74.9947786, 34.4436011], [74.9984479, 34.4419554], [75.0042414, 34.4394779], [75.0100779, 34.4377259], [75.0136828, 34.4368941], [75.0163865, 34.4359031], [75.0167298, 34.4335316], [75.0177812, 34.4310184], [75.0183821, 34.4300273], [75.019412, 34.4281866], [75.0213003, 34.4238326], [75.0219655, 34.4228591], [75.0228023, 34.4220448], [75.0248194, 34.4203279], [75.0255704, 34.4197615], [75.0281453, 34.4190357], [75.0289178, 34.4179737], [75.0304413, 34.4166461], [75.0317073, 34.4155309], [75.0331878, 34.4153007], [75.0355482, 34.4152122], [75.0396251, 34.4150529], [75.0435519, 34.4142209], [75.0460624, 34.4131588], [75.0474357, 34.4119904], [75.048058, 34.4106096], [75.0485945, 34.4105388], [75.0494098, 34.4105034], [75.0506758, 34.410114], [75.0515985, 34.4097599], [75.0533366, 34.4096183], [75.0554824, 34.4095475], [75.0582504, 34.4080427], [75.0601816, 34.40737], [75.0626492, 34.4067326], [75.0671124, 34.4037761], [75.0705242, 34.4004122], [75.0721764, 34.3991375], [75.0723266, 34.3978096], [75.0718331, 34.3959859], [75.0702452, 34.3950475], [75.0703954, 34.3943038], [75.0732064, 34.3917186], [75.0748372, 34.3913114], [75.0748586, 34.3900542], [75.0760603, 34.3888147], [75.084815, 34.3808637], [75.0864029, 34.3799782], [75.0938916, 34.3766665], [75.1015091, 34.3748778], [75.1035905, 34.3733016], [75.1056075, 34.3712648], [75.1064658, 34.3701667], [75.1079035, 34.3693874], [75.1088047, 34.369724], [75.1103711, 34.3703261], [75.1118302, 34.3705564], [75.1129031, 34.3703439], [75.1130318, 34.3698302], [75.1132893, 34.368555], [75.1133323, 34.3667661], [75.1130104, 34.3654023], [75.1128602, 34.3644281], [75.1144695, 34.3638258], [75.116229, 34.3637727], [75.1187181, 34.3636841], [75.1209926, 34.3610272], [75.1210999, 34.3597341], [75.1213789, 34.3583525], [75.122602, 34.3567405], [75.1248979, 34.354845], [75.126872, 34.3536227], [75.1276445, 34.3518158], [75.1285887, 34.3510009], [75.1302194, 34.3500974], [75.132494, 34.3502214], [75.1336098, 34.350682], [75.1343179, 34.3515501], [75.1359916, 34.3517272], [75.1377296, 34.3518158], [75.138545, 34.3507352], [75.1393819, 34.3494774], [75.1403475, 34.3493356], [75.141077, 34.3492116], [75.1432013, 34.3488219], [75.1442313, 34.3480778], [75.1463127, 34.3464302], [75.1482653, 34.3454912], [75.1490593, 34.3446231], [75.1504111, 34.3447648], [75.1531791, 34.3452786], [75.1548314, 34.3464834], [75.157299, 34.3482727], [75.1595735, 34.3498848], [75.1638436, 34.3535696], [75.1650023, 34.3547033], [75.1668262, 34.3556245], [75.168221, 34.3557131], [75.1702165, 34.3554828], [75.1722121, 34.3550576], [75.1752805, 34.3550399], [75.1791644, 34.3557662], [75.1851296, 34.3582462], [75.1874685, 34.359309], [75.1886487, 34.3598227], [75.1899791, 34.3597695], [75.1918673, 34.3592913], [75.1937771, 34.3613283], [75.1956653, 34.3631173], [75.197339, 34.3643926], [75.1984763, 34.3669786], [75.1968241, 34.3711586], [75.1960086, 34.3741163], [75.197339, 34.3788625], [75.1974034, 34.3804387], [75.197103, 34.3815012], [75.1967597, 34.3822627], [75.1962232, 34.3831658], [75.1960301, 34.3842638], [75.1962876, 34.3853794], [75.1968241, 34.3861585], [75.1975536, 34.3865835], [75.1992488, 34.3866544], [75.2019954, 34.3865658], [75.2068877, 34.3864242], [75.2079606, 34.3860523], [75.2088833, 34.3852023], [75.2095055, 34.3846888], [75.2102995, 34.3848304], [75.2114582, 34.3844586], [75.213561, 34.3830242], [75.2155137, 34.3817314], [75.2197408, 34.3796595], [75.2242255, 34.3777114], [75.2289247, 34.3756748], [75.2322078, 34.3731422], [75.2347183, 34.3712471], [75.2353406, 34.3705033], [75.2364564, 34.3700605], [75.2374005, 34.3707158], [75.2387953, 34.3729474], [75.2403831, 34.3743288], [75.2430224, 34.3760644], [75.2462196, 34.3761707], [75.2496528, 34.3770739], [75.2542448, 34.3780302], [75.2547169, 34.3780833], [75.2553177, 34.3775343], [75.2557254, 34.3770562], [75.2563906, 34.3771447], [75.2567982, 34.3774104], [75.2575922, 34.3777291], [75.258429, 34.3776937], [75.2600169, 34.3774104], [75.2615833, 34.3771093], [75.2638364, 34.3764009], [75.265038, 34.3757102], [75.2662611, 34.3738683], [75.2682996, 34.3707158], [75.2685141, 34.3698834], [75.2682566, 34.3688561], [75.2679348, 34.368183], [75.2682566, 34.3674923], [75.2694154, 34.3674746], [75.2706814, 34.3678997], [75.270853, 34.3672089], [75.2714538, 34.366093], [75.2720547, 34.3656325], [75.2732992, 34.3649063], [75.2745008, 34.3642687], [75.2754664, 34.3638436], [75.2774405, 34.3637019], [75.2806592, 34.3632236], [75.2877402, 34.3630288], [75.2891135, 34.3630642], [75.2929973, 34.3643041], [75.2957439, 34.3656502], [75.2977824, 34.3660045], [75.3026318, 34.3652251], [75.3030395, 34.3644812], [75.3034687, 34.3641092], [75.3044557, 34.3641978], [75.3066015, 34.3652428], [75.3077388, 34.3658628], [75.3090048, 34.3663587], [75.310142, 34.3666598], [75.3118157, 34.3667307], [75.3130817, 34.3665004], [75.3143477, 34.3658096], [75.3160643, 34.3627099], [75.318253, 34.3601947], [75.3198623, 34.3588307], [75.3257417, 34.3572188], [75.3273082, 34.3571125], [75.3294539, 34.3575376], [75.3314066, 34.3592204], [75.3339386, 34.3619129], [75.3348183, 34.3637019], [75.3353333, 34.3654731], [75.3353762, 34.3678288], [75.3364706, 34.3735495], [75.3373718, 34.3752852], [75.3382087, 34.3757633], [75.3417492, 34.3765957], [75.3447747, 34.3780302], [75.3472423, 34.3793584], [75.3487873, 34.3812533], [75.3539371, 34.385645], [75.3585291, 34.388797], [75.3599453, 34.3897532], [75.3619945, 34.3870616], [75.3645158, 34.3892839], [75.3671765, 34.3909838], [75.3665005, 34.3938206], [75.3659331, 34.3955655], [75.367841, 34.3968451], [75.371065, 34.3999628], [75.3728002, 34.4016468], [75.3753386, 34.4045104], [75.3786713, 34.4069409], [75.3771432, 34.4086927], [75.3757995, 34.4097048], [75.3744383, 34.4100032], [75.3731695, 34.4110235], [75.3720559, 34.4126529], [75.3700033, 34.4147019], [75.3674536, 34.4166735], [75.3649364, 34.4181085], [75.3610568, 34.4176037], [75.3575074, 34.4176303], [75.3572366, 34.4186475], [75.3564953, 34.419682], [75.3560173, 34.4214032], [75.3548155, 34.4236165], [75.3519345, 34.4257244], [75.3498969, 34.4257666], [75.3476693, 34.4270059], [75.3433825, 34.4273702], [75.3399656, 34.4288157], [75.3376495, 34.4289473], [75.3347128, 34.4306647], [75.3336963, 34.4322553], [75.3333944, 34.4339383], [75.3315667, 34.4352518], [75.3288614, 34.4365828], [75.3269726, 34.4393844], [75.3283222, 34.4408693], [75.3299411, 34.4414184], [75.3326549, 34.4426021], [75.3334048, 34.4439165], [75.3331363, 34.4453781], [75.3323366, 34.4474582], [75.3316273, 34.44879], [75.3322701, 34.450176], [75.3329511, 34.45089], [75.3352018, 34.4513916], [75.3374605, 34.4517796], [75.3380068, 34.4523371], [75.3386823, 34.4542882], [75.3384853, 34.4560087], [75.3391855, 34.4569606], [75.3395845, 34.4587373], [75.340935, 34.460906], [75.3429043, 34.4611485], [75.3467103, 34.4628943], [75.3494244, 34.4639978], [75.3511849, 34.4660841], [75.3529959, 34.469134], [75.3509922, 34.4721447], [75.3497339, 34.4743528], [75.3487504, 34.4755638], [75.3501356, 34.4803832], [75.349294, 34.4808929], [75.3476679, 34.4827419], [75.3454534, 34.4842446], [75.3436893, 34.4863246], [75.3427933, 34.4887433], [75.3433301, 34.4892662], [75.3447095, 34.4919046], [75.3460046, 34.4931761], [75.3472143, 34.4946672], [75.3475041, 34.4965618], [75.3476124, 34.4980046], [75.3472725, 34.4995916], [75.3468953, 34.5020381], [75.34745, 34.5034279], [75.3484027, 34.5051206], [75.3499923, 34.507963], [75.3504729, 34.5096257], [75.3512553, 34.5124464], [75.3515168, 34.5141642], [75.352268, 34.5158252], [75.352519, 34.5173747], [75.3534442, 34.5181459], [75.3542294, 34.519638], [75.3557344, 34.5206118], [75.3579084, 34.5215107], [75.359905, 34.5217708], [75.3623349, 34.5220592], [75.3642263, 34.5220343], [75.365847, 34.5214077], [75.3657587, 34.5225542], [75.3662712, 34.5243595], [75.3639628, 34.5277508], [75.3650564, 34.5321708], [75.3662707, 34.5347132], [75.3664001, 34.5380975], [75.3655952, 34.5379465], [75.3651013, 34.537929], [75.3649869, 34.5379954], [75.3649132, 34.5380727], [75.364769, 34.5381249], [75.3645552, 34.5382663], [75.3643356, 34.5383536], [75.3641682, 34.5383732], [75.3640595, 34.538581], [75.3639819, 34.5386002], [75.3637788, 34.5386658], [75.3636365, 34.5387298], [75.3635103, 34.5387901], [75.3633798, 34.5388159], [75.3631407, 34.5388295], [75.3629927, 34.5387996], [75.3628934, 34.5388281], [75.3628808, 34.5388598], [75.3628897, 34.5389283], [75.3628612, 34.5389756], [75.3628183, 34.5389907], [75.3627969, 34.5390244], [75.3627537, 34.5390376], [75.3626698, 34.5391141], [75.362637, 34.5391324], [75.3625495, 34.5391563], [75.3625604, 34.5392127], [75.3625353, 34.5393125], [75.3623316, 34.5393179], [75.3621281, 34.5393621], [75.3620506, 34.5393991], [75.3619963, 34.5394625], [75.3618102, 34.5395554], [75.3614815, 34.5396256], [75.3613223, 34.5397877], [75.3612052, 34.5398506], [75.3611382, 34.5398543], [75.3610341, 34.5400147], [75.361016, 34.5401046], [75.3610384, 34.5401963], [75.3611433, 34.5403643], [75.3612652, 34.5405113], [75.3614563, 34.5406552], [75.3616662, 34.5408471], [75.3617434, 34.5409697], [75.3617568, 34.5410795], [75.3616547, 34.5411917], [75.3616051, 34.5412925], [75.3615964, 34.5413693], [75.361491, 34.5414175], [75.3613743, 34.5416331], [75.3613962, 34.5417786], [75.3613682, 34.5418326], [75.3612452, 34.5418904], [75.3610601, 34.5419468], [75.3608932, 34.5419753], [75.3605939, 34.5421568], [75.3605136, 34.5422258], [75.3602834, 34.5423787], [75.3601036, 34.5424949], [75.3599008, 34.5426436], [75.3596696, 34.5427589], [75.3596487, 34.5427936], [75.3593806, 34.5429373], [75.3591132, 34.543086], [75.3588189, 34.5432388], [75.3587106, 34.543441], [75.3586309, 34.5435401], [75.3584749, 34.5438176], [75.3584032, 34.5438714], [75.3582842, 34.5438807], [75.3580676, 34.5440058], [75.3579528, 34.5440268], [75.3578346, 34.5440977], [75.3578115, 34.5443334], [75.3577311, 34.5445307], [75.3576249, 34.5446946], [75.3574551, 34.5448122], [75.357364, 34.5449503], [75.3571885, 34.5450485], [75.3571909, 34.5451368], [75.3569939, 34.5453019], [75.3566459, 34.5455588], [75.3563936, 34.5457386], [75.3560384, 34.5459864], [75.3559578, 34.5461401], [75.3559654, 34.5462336], [75.3558351, 34.5464568], [75.3553933, 34.5467647], [75.3551044, 34.5471998], [75.3550691, 34.5475217], [75.3549297, 34.5476188], [75.3549074, 34.5478217], [75.3546216, 34.5479647], [75.3545194, 34.5481057], [75.3545459, 34.5481558], [75.3544379, 34.5482756], [75.3543778, 34.5483926], [75.3542191, 34.5485738], [75.3540166, 34.5486922], [75.3538667, 34.548975], [75.3537489, 34.5490796], [75.3537104, 34.5492337], [75.3535452, 34.5494533], [75.3533648, 34.5495373], [75.3532261, 34.5497856], [75.3532096, 34.5499368], [75.3530737, 34.5504303], [75.3531631, 34.5507031], [75.3531149, 34.5508025], [75.3531408, 34.551299], [75.3530301, 34.551626], [75.3527916, 34.5517679], [75.3525244, 34.5519879], [75.3525651, 34.5521903], [75.3524427, 34.5522548], [75.3523937, 34.552403], [75.3523703, 34.5530545], [75.3523738, 34.5532107], [75.352296, 34.5533909], [75.3521897, 34.5535516], [75.3520563, 34.553558], [75.3519631, 34.5536334], [75.3518997, 34.5536276], [75.3517984, 34.5537858], [75.3517301, 34.5538339], [75.351582, 34.553883], [75.3510385, 34.5542163], [75.3510119, 34.5542612], [75.3509151, 34.554346], [75.3507739, 34.5544116], [75.3506658, 34.5545488], [75.3506535, 34.5545907], [75.3505526, 34.5547119], [75.3503642, 34.5548769], [75.3502511, 34.5549164], [75.3502787, 34.5550242], [75.3501825, 34.5551051], [75.350174, 34.5552113], [75.3501131, 34.5553211], [75.3499387, 34.5553824], [75.3499257, 34.5555006], [75.3498411, 34.5556841], [75.3497627, 34.5557337], [75.349734, 34.5559167], [75.3495565, 34.5560419], [75.3494603, 34.5561945], [75.3493845, 34.5564973], [75.3493289, 34.5567756], [75.3492607, 34.5570578], [75.3492126, 34.5571489], [75.3491343, 34.5571739], [75.3490803, 34.5571631], [75.3488828, 34.5572265], [75.3488871, 34.557265], [75.3487711, 34.5573357], [75.3488098, 34.5573956], [75.3487707, 34.5574208], [75.3486797, 34.5574975], [75.3485881, 34.5576044], [75.3484731, 34.5576457], [75.3483979, 34.5577195], [75.3481262, 34.5579553], [75.3480502, 34.5580695], [75.3480034, 34.5580917], [75.3479271, 34.5582292], [75.3477977, 34.5583332], [75.3477159, 34.5584541], [75.3476496, 34.5586056], [75.3475469, 34.5586611], [75.3475867, 34.5587916], [75.3474124, 34.5589022], [75.3473384, 34.559071], [75.3472873, 34.5591025], [75.3472424, 34.559182], [75.3472769, 34.5593588], [75.3472541, 34.5594437], [75.3472004, 34.5595207], [75.3471523, 34.5595633], [75.347047, 34.5596417], [75.347037, 34.5596974], [75.3469979, 34.5597643], [75.3469786, 34.5599262], [75.3469544, 34.5599763], [75.3469743, 34.5600237], [75.3469435, 34.5600966], [75.3468505, 34.560173], [75.3468414, 34.5602247], [75.3465357, 34.560445], [75.3462994, 34.5605687], [75.3463001, 34.5606545], [75.3462423, 34.5606589], [75.3460252, 34.5607225], [75.3460115, 34.5607566], [75.3458914, 34.5608067], [75.34582, 34.560816], [75.3456826, 34.5610798], [75.3456115, 34.5611304], [75.3455876, 34.5612711], [75.3455255, 34.5613385], [75.3454221, 34.561402], [75.3451046, 34.5617615], [75.3450986, 34.5618461], [75.3448706, 34.5619942], [75.3447405, 34.562212], [75.344578, 34.562266], [75.3444924, 34.5623741], [75.3443728, 34.56244], [75.3443133, 34.5625426], [75.3442622, 34.5625864], [75.3442609, 34.5628576], [75.3441776, 34.5628588], [75.3441414, 34.562874], [75.3441307, 34.5629092], [75.3440855, 34.5629245], [75.3440066, 34.5629711], [75.3439999, 34.5629934], [75.3439235, 34.5630483], [75.343896, 34.5630401], [75.3438523, 34.5630877], [75.3438127, 34.5631035], [75.3437373, 34.563103], [75.3437107, 34.5631283], [75.3436114, 34.5631724], [75.3435368, 34.5631775], [75.3435004, 34.5631965], [75.3434187, 34.5632112], [75.3432942, 34.5631839], [75.3432365, 34.563211], [75.343113, 34.563232], [75.343095, 34.5632562], [75.3430468, 34.5632929], [75.3429803, 34.5633216], [75.3429337, 34.5633222], [75.3427002, 34.5634576], [75.3425747, 34.5634645], [75.3425198, 34.5634192], [75.3424936, 34.5634095], [75.3424428, 34.5634298], [75.342397, 34.5634219], [75.342369, 34.5634419], [75.342338, 34.5634369], [75.3422794, 34.5634934], [75.3421089, 34.5635396], [75.3419916, 34.5635501], [75.3419496, 34.5635673], [75.3418523, 34.5635833], [75.3417506, 34.563565], [75.3416627, 34.563445], [75.3416079, 34.5634679], [75.3415278, 34.563467], [75.3414175, 34.5634457], [75.3413407, 34.56347], [75.3412175, 34.5634226], [75.3411221, 34.5634322], [75.340918, 34.5633849], [75.3408137, 34.5633811], [75.3406154, 34.5634003], [75.3404727, 34.5633976], [75.3402976, 34.5634863], [75.3400364, 34.563574], [75.3399338, 34.5636007], [75.3397969, 34.5637245], [75.3396987, 34.5637612], [75.3396228, 34.5637699], [75.3395896, 34.56383], [75.3395183, 34.5638944], [75.3394073, 34.5639306], [75.3393052, 34.5639814], [75.3391226, 34.5639859], [75.3389918, 34.5640124], [75.3389458, 34.5640413], [75.3387892, 34.5640814], [75.338678, 34.5641639], [75.3385029, 34.5642038], [75.3383376, 34.5642603], [75.3382038, 34.564334], [75.3381549, 34.5644037], [75.3380749, 34.5645821], [75.3378469, 34.564717], [75.3376455, 34.5647459], [75.3374236, 34.5648494], [75.3371951, 34.5649688], [75.337055, 34.5649939], [75.336817, 34.5650933], [75.336775, 34.5651573], [75.3367249, 34.5652841], [75.3365243, 34.5654596], [75.336327, 34.5655273], [75.3360932, 34.5657572], [75.336085, 34.565957], [75.3360137, 34.5660862], [75.3359223, 34.5661135], [75.3358982, 34.5662139], [75.3357657, 34.5663305], [75.3355243, 34.5664676], [75.3354457, 34.5665582], [75.3353926, 34.5666064], [75.3353448, 34.566629], [75.3351842, 34.5666504], [75.3349654, 34.5666572], [75.3348951, 34.5666805], [75.3348866, 34.5667099], [75.3348443, 34.5667296], [75.3347357, 34.5667669], [75.3345784, 34.5667741], [75.3344416, 34.5668307], [75.3341837, 34.5670886], [75.3341702, 34.5672072], [75.3339592, 34.5673299], [75.3338008, 34.5673832], [75.3334524, 34.5675748], [75.3332561, 34.5676738], [75.3331839, 34.5676922], [75.3328903, 34.5676521], [75.3325837, 34.5676319], [75.3323085, 34.5676671], [75.3322476, 34.5676311], [75.3321856, 34.5676279], [75.3321135, 34.5676053], [75.3320481, 34.5675995], [75.33196, 34.5675394], [75.3318105, 34.5675403], [75.3317122, 34.567529], [75.3316268, 34.5675835], [75.3315827, 34.5675838], [75.3315432, 34.5676338], [75.3314106, 34.5676836], [75.331363, 34.5676734], [75.3313174, 34.567637], [75.3312358, 34.5676466], [75.3310067, 34.5676592], [75.3307754, 34.5677638], [75.3306093, 34.5678011], [75.3305689, 34.5678309], [75.3302344, 34.5679471], [75.3301483, 34.5680059], [75.330028, 34.5680387], [75.3299398, 34.5680905], [75.329761, 34.5681638], [75.3297, 34.5681525], [75.3296493, 34.5681484], [75.329403, 34.568402], [75.3292707, 34.5684907], [75.3291033, 34.5687109], [75.3289264, 34.5688291], [75.3288464, 34.5689029], [75.3287221, 34.5689356], [75.3286288, 34.5689437], [75.3284503, 34.5689469], [75.3283611, 34.5689777], [75.3282809, 34.5689654], [75.328091, 34.5689185], [75.3280927, 34.5686917], [75.3280751, 34.5686363], [75.3279517, 34.5685619], [75.3278563, 34.5685494], [75.3277086, 34.568491], [75.3276018, 34.5684162], [75.3275182, 34.5684131], [75.3274331, 34.5683297], [75.3274257, 34.5682424], [75.3274378, 34.5681658], [75.3273854, 34.5681292], [75.3272904, 34.5680945], [75.3271839, 34.5680988], [75.3270402, 34.568051], [75.3269867, 34.5679817], [75.3269203, 34.5679537], [75.3268358, 34.5679381], [75.3267939, 34.5678809], [75.3266784, 34.5678132], [75.3264501, 34.5678135], [75.3264357, 34.5676496], [75.3260329, 34.5674708], [75.3258909, 34.5674415], [75.3257251, 34.5673708], [75.3254761, 34.5670872], [75.3253721, 34.5669932], [75.3252634, 34.5669422], [75.3250936, 34.5668297], [75.3248847, 34.5667593], [75.3245956, 34.5666139], [75.3245274, 34.5665114], [75.3243612, 34.5663995], [75.3238993, 34.5662197], [75.3235578, 34.5659833], [75.3232438, 34.5658583], [75.3228511, 34.5656357], [75.3225236, 34.5654757], [75.3220953, 34.5653966], [75.3216954, 34.5652344], [75.3214871, 34.5651736], [75.3212309, 34.5650625], [75.3211537, 34.5650234], [75.3208583, 34.5649903], [75.320698, 34.5649211], [75.3206678, 34.5648917], [75.3203765, 34.5648315], [75.3202269, 34.5648315], [75.3201291, 34.5647967], [75.320012, 34.5648026], [75.3199168, 34.56484], [75.3198414, 34.5648693], [75.3197829, 34.5649076], [75.3197555, 34.5649632], [75.3197181, 34.5650167], [75.3196275, 34.5650584], [75.319483, 34.5651038], [75.3193993, 34.5652025], [75.3193596, 34.5653265], [75.319308, 34.5654074], [75.3192161, 34.5654852], [75.319193, 34.5655611], [75.3190749, 34.5656351], [75.3190332, 34.5657376], [75.3189245, 34.5657445], [75.3188582, 34.5658145], [75.318784, 34.5658821], [75.3185387, 34.565986], [75.3183898, 34.5660986], [75.3183839, 34.5661814], [75.318362, 34.5662804], [75.3182941, 34.5663951], [75.318212, 34.5664257], [75.3181197, 34.5665721], [75.3180407, 34.5666205], [75.3179275, 34.5667152], [75.3177878, 34.5668438], [75.3177773, 34.5668833], [75.3176749, 34.5669966], [75.3175569, 34.5670355], [75.3175144, 34.5671042], [75.3174794, 34.5671777], [75.3173787, 34.5672288], [75.3173363, 34.5672762], [75.3172549, 34.5674421], [75.3172154, 34.5674883], [75.3170603, 34.5677088], [75.3169291, 34.5677999], [75.3167687, 34.5678846], [75.3166518, 34.5679467], [75.3165606, 34.5680892], [75.3164784, 34.5681834], [75.3163799, 34.5683282], [75.3162931, 34.5684162], [75.3162166, 34.5684716], [75.3161734, 34.5684798], [75.3160674, 34.5685413], [75.3158292, 34.5687291], [75.3156993, 34.5689015], [75.3156246, 34.5689645], [75.3153607, 34.5690584], [75.3153973, 34.5691608], [75.3154377, 34.5693176], [75.3154174, 34.5694158], [75.3153685, 34.5694744], [75.3152573, 34.5695596], [75.3150602, 34.569707], [75.3149333, 34.5697615], [75.3148816, 34.5697691], [75.3148319, 34.5698323], [75.3147415, 34.5699227], [75.3147647, 34.5700477], [75.3147345, 34.5702143], [75.3147342, 34.5703559], [75.3147145, 34.570409], [75.3148327, 34.5704924], [75.3148433, 34.5705713], [75.3148169, 34.5706117], [75.31483, 34.5707369], [75.3148142, 34.5708823], [75.314752, 34.5709296], [75.3147488, 34.5710333], [75.3147062, 34.5711493], [75.3146521, 34.5712353], [75.3146511, 34.5713267], [75.3145892, 34.571487], [75.314548, 34.5715808], [75.3144533, 34.5716944], [75.3144015, 34.5717465], [75.3143923, 34.5718135], [75.3143379, 34.5718826], [75.3144257, 34.5720062], [75.314426, 34.5722848], [75.3144278, 34.572424], [75.3144025, 34.5724568], [75.314433, 34.5725804], [75.3143271, 34.5726766], [75.3142241, 34.5727222], [75.3141743, 34.5727684], [75.3141737, 34.5728406], [75.3140896, 34.5729339], [75.3140539, 34.5729341], [75.3140175, 34.5729738], [75.3139027, 34.5730272], [75.3138698, 34.5730682], [75.3136811, 34.573128], [75.3136332, 34.5732246], [75.3135588, 34.5732726], [75.3134203, 34.5733585], [75.3133619, 34.5734401], [75.3133023, 34.5734947], [75.3132676, 34.5735963], [75.3130701, 34.5738023], [75.3130114, 34.5738965], [75.3129148, 34.5740783], [75.3128211, 34.5741272], [75.3127515, 34.5742488], [75.3126471, 34.5743253], [75.312538, 34.5744392], [75.3125196, 34.5745313], [75.3124501, 34.5746294], [75.3123768, 34.5747187], [75.312326, 34.5748832], [75.312224, 34.5749761], [75.3122242, 34.5750412], [75.3121872, 34.5751094], [75.3120873, 34.5751942], [75.3120468, 34.5752841], [75.3119955, 34.5753344], [75.3118099, 34.5755099], [75.3117517, 34.5755668], [75.3117019, 34.5755945], [75.3116737, 34.5756542], [75.3116284, 34.5756959], [75.3115831, 34.5758244], [75.3115399, 34.5758731], [75.3115031, 34.576035], [75.3115247, 34.5761336], [75.311513, 34.5762167], [75.3114621, 34.5762449], [75.3114655, 34.5763484], [75.3114425, 34.5764021], [75.3113656, 34.5765456], [75.3112984, 34.5766566], [75.3112804, 34.5767148], [75.3112786, 34.5767636], [75.3112488, 34.5768064], [75.3112519, 34.5768457], [75.3112256, 34.5768702], [75.3111765, 34.5768805], [75.3111416, 34.5769408], [75.3110519, 34.5770082], [75.3110112, 34.5770579], [75.310991, 34.5771045], [75.3109647, 34.5771662], [75.3109148, 34.577196], [75.3108311, 34.5773669], [75.3107425, 34.5774945], [75.310589, 34.5775689], [75.3105346, 34.5776198], [75.3104405, 34.5776882], [75.3104246, 34.5777826], [75.3103528, 34.5778463], [75.3102542, 34.5779217], [75.3102408, 34.5779599], [75.3102055, 34.5779881], [75.3101498, 34.5780146], [75.3101125, 34.578016], [75.3100122, 34.578059], [75.3099222, 34.5780625], [75.3098369, 34.5780931], [75.3096105, 34.5781145], [75.3095257, 34.5781483], [75.3093173, 34.5781871], [75.3091938, 34.5782696], [75.3091025, 34.5783044], [75.3088492, 34.5783281], [75.3087943, 34.5783731], [75.3087934, 34.5784837], [75.3087336, 34.5785593], [75.3086704, 34.5786124], [75.3085335, 34.5786956], [75.3083565, 34.5787601], [75.3082467, 34.5787874], [75.3081147, 34.5788013], [75.308042, 34.578871], [75.3079058, 34.5789057], [75.3077724, 34.5788913], [75.3075143, 34.5789207], [75.3073694, 34.5789397], [75.3069706, 34.5789398], [75.3065677, 34.5789172], [75.3062244, 34.5789498], [75.3061615, 34.5789774], [75.306081, 34.5791375], [75.3060099, 34.5792478], [75.3059586, 34.5794091], [75.3058334, 34.5795931], [75.3056442, 34.5798166], [75.3055094, 34.5800069], [75.3052528, 34.5802193], [75.3052031, 34.5803014], [75.3051022, 34.580418], [75.3049025, 34.5805374], [75.3046968, 34.5807228], [75.3045568, 34.5807922], [75.3043856, 34.5810474], [75.3041889, 34.5811828], [75.304013, 34.5815471], [75.3039489, 34.5816275], [75.3037782, 34.5816737], [75.303591, 34.5816954], [75.3035394, 34.5818047], [75.3035138, 34.582178], [75.3034894, 34.5822654], [75.3034058, 34.582384], [75.3031911, 34.5825511], [75.3030496, 34.5827849], [75.302886, 34.5828716], [75.3028366, 34.5830808], [75.3027768, 34.5831857], [75.302771, 34.5833412], [75.3027132, 34.5833941], [75.3028483, 34.5836698], [75.3028562, 34.5837442], [75.3026911, 34.5840593], [75.3025762, 34.5842295], [75.3024926, 34.5842756], [75.302392, 34.5842699], [75.3023298, 34.5843228], [75.3021671, 34.5845078], [75.3021447, 34.5845488], [75.302204, 34.5846581], [75.3021663, 34.5849468], [75.3020658, 34.5850857], [75.3018846, 34.5853067], [75.3017077, 34.5854846], [75.3016459, 34.5855657], [75.3014591, 34.5855938], [75.301338, 34.5856524], [75.3011373, 34.585734], [75.3010684, 34.5857797], [75.3010106, 34.5858866], [75.300994, 34.5859671], [75.3009879, 34.5860703], [75.3010174, 34.5862118], [75.3009802, 34.5863107], [75.3008868, 34.5864075], [75.3008014, 34.5864574], [75.3004452, 34.5865776], [75.3003412, 34.5867], [75.3002607, 34.5867379], [75.3001682, 34.5868158], [75.300018, 34.5869131], [75.2998493, 34.5869732], [75.2995423, 34.587126], [75.2991956, 34.5872957], [75.2989298, 34.5875219], [75.2986604, 34.5876841], [75.2984161, 34.5877401], [75.2983489, 34.5877453], [75.2980381, 34.587746], [75.2975624, 34.5877671], [75.2973843, 34.5876681], [75.296842, 34.5875568], [75.2965086, 34.5875645], [75.2961859, 34.5874829], [75.2957643, 34.5875223], [75.2952806, 34.5874717], [75.2943759, 34.5876099], [75.2939422, 34.5877891], [75.2936021, 34.5878703], [75.2934172, 34.5879546], [75.2930041, 34.5880081], [75.292478, 34.5882534], [75.292134, 34.5884604], [75.2917951, 34.5884978], [75.2915932, 34.5885669], [75.291557, 34.5886351], [75.2911827, 34.5886922], [75.2907466, 34.5887953], [75.2905917, 34.5887705], [75.2901681, 34.5889616], [75.2900688, 34.589065], [75.2895909, 34.5893542], [75.2895317, 34.5895366], [75.2893596, 34.5897624], [75.2889406, 34.5901175], [75.288661, 34.5902119], [75.2885077, 34.5904603], [75.2884156, 34.5904932], [75.2879759, 34.5909683], [75.288002, 34.5911189], [75.2880077, 34.5913309], [75.2879071, 34.5916215], [75.2877698, 34.591981], [75.2875688, 34.5924556], [75.2872063, 34.5928836], [75.2873042, 34.5932921], [75.2871986, 34.5933806], [75.2872016, 34.593454], [75.2869531, 34.5938748], [75.2866775, 34.5944308], [75.2866187, 34.5944576], [75.2865735, 34.5947812], [75.2865559, 34.5948607], [75.2864992, 34.5948929], [75.2864711, 34.5949378], [75.286344, 34.5950677], [75.286235, 34.5951107], [75.2862065, 34.5952709], [75.2861188, 34.5954656], [75.2861067, 34.5955278], [75.2859462, 34.5955639], [75.2857911, 34.5955705], [75.2856725, 34.5955641], [75.2853984, 34.5955196], [75.2851887, 34.5954639], [75.2849875, 34.595413], [75.2849024, 34.5953533], [75.2847213, 34.5953147], [75.2846463, 34.5952891], [75.2846213, 34.5952627], [75.2845012, 34.5952323], [75.2844385, 34.5951916], [75.2843846, 34.5951354], [75.2842271, 34.5950724], [75.2839912, 34.5950045], [75.2837027, 34.5950132], [75.2835348, 34.5950758], [75.2834499, 34.5950245], [75.2831634, 34.5950154], [75.2828983, 34.5950143], [75.2826214, 34.5950547], [75.2824388, 34.5950913], [75.2818924, 34.5950952], [75.2809886, 34.5948909], [75.2808975, 34.5947882], [75.2804514, 34.5946501], [75.2802415, 34.5947068], [75.2799148, 34.5947143], [75.2795622, 34.5947502], [75.2789894, 34.59508], [75.2788688, 34.5951748], [75.2785922, 34.5952933], [75.2780616, 34.5953298], [75.277515, 34.5952472], [75.2768425, 34.5952464], [75.2764832, 34.595281], [75.2759956, 34.5955193], [75.2755183, 34.5955861], [75.2750646, 34.5958689], [75.2742502, 34.5963592], [75.2741387, 34.5965943], [75.2728558, 34.5974113], [75.2716931, 34.5976644], [75.2704295, 34.5978382], [75.2699125, 34.598006], [75.2693454, 34.5978294], [75.2690945, 34.597766], [75.2687576, 34.5979626], [75.2686156, 34.5981271], [75.2680966, 34.5984227], [75.2679846, 34.598593], [75.2678877, 34.5986731], [75.2678608, 34.5987985], [75.2677288, 34.5989466], [75.2677049, 34.5990129], [75.2677065, 34.5993163], [75.2675631, 34.5994862], [75.2675081, 34.5996829], [75.2674472, 34.5998914], [75.2673409, 34.5999187], [75.2672401, 34.6000015], [75.2672173, 34.6000692], [75.2671489, 34.6001773], [75.267029, 34.6002558], [75.2670784, 34.6004991], [75.2669885, 34.6006626], [75.2669169, 34.6007275], [75.2668841, 34.6009052], [75.2666164, 34.6011152], [75.2665712, 34.6012811], [75.2664327, 34.6014479], [75.2663419, 34.6015373], [75.266334, 34.6016046], [75.2663073, 34.6016662], [75.2662548, 34.601712], [75.2661195, 34.6017622], [75.2659817, 34.6017922], [75.2660183, 34.6018903], [75.2660157, 34.60196], [75.2659996, 34.602051], [75.2659701, 34.602165], [75.2659328, 34.602193], [75.2659138, 34.6022453], [75.2656918, 34.6023495], [75.2655406, 34.6023751], [75.2654566, 34.6023925], [75.2654009, 34.6024469], [75.2651981, 34.602505], [75.265153, 34.6025316], [75.2650351, 34.6025664], [75.2647948, 34.6026522], [75.2647093, 34.6027056], [75.2645614, 34.6027301], [75.2643973, 34.6028023], [75.2643489, 34.6028573], [75.2642203, 34.6028974], [75.2641255, 34.6028972], [75.2640611, 34.6029593], [75.2639545, 34.6029555], [75.2637509, 34.6029371], [75.2615395, 34.6003734], [75.2544045, 34.5990063], [75.248544, 34.6009539], [75.2477144, 34.6034982], [75.2489455, 34.6067299], [75.2502333, 34.6108124], [75.2525669, 34.6156405], [75.2548121, 34.6188367], [75.255808, 34.6187826], [75.2566874, 34.6170936], [75.262737, 34.6176396], [75.2658425, 34.6191413], [75.2679417, 34.6206744], [75.2677914, 34.6207885], [75.2677587, 34.6209073], [75.2675849, 34.621018], [75.2673882, 34.6212422], [75.2672898, 34.6214204], [75.2673688, 34.6217147], [75.2677824, 34.6220251], [75.2680141, 34.6221836], [75.2682176, 34.6223725], [75.2682472, 34.62244], [75.2683655, 34.6226128], [75.268382, 34.622818], [75.2684281, 34.6230017], [75.2683658, 34.6231044], [75.2683607, 34.6231721], [75.2681837, 34.6234018], [75.2681083, 34.6234316], [75.2679804, 34.6236288], [75.267987, 34.6236586], [75.2680921, 34.6237234], [75.2681611, 34.6238422], [75.2681546, 34.6239097], [75.2681099, 34.6239746], [75.2678901, 34.6241395], [75.2678575, 34.6242963], [75.2677853, 34.624372], [75.2677001, 34.6245045], [75.267764, 34.6246603], [75.2678758, 34.6247765], [75.2681593, 34.6257875], [75.2683238, 34.6260687], [75.268529, 34.6262737], [75.2693379, 34.626533], [75.2696175, 34.6265545], [75.2700028, 34.6268006], [75.2700787, 34.6269685], [75.2702071, 34.627074], [75.2704176, 34.6277505], [75.270431, 34.6278886], [75.2703982, 34.6280078], [75.2703029, 34.6281188], [75.2702045, 34.6283274], [75.270231, 34.628471], [75.2701656, 34.6287041], [75.2702975, 34.6288666], [75.2702845, 34.6290022], [75.2701202, 34.6290968], [75.2700491, 34.6292085], [75.2698863, 34.6293118], [75.2698086, 34.6296147], [75.2695408, 34.6297236], [75.2693546, 34.6300476], [75.2692121, 34.6301454], [75.2689544, 34.6304807], [75.2688563, 34.6309029], [75.2688701, 34.6311574], [75.2688345, 34.6312515], [75.2686738, 34.6315488], [75.2686881, 34.6316401], [75.2688421, 34.6318608], [75.2688816, 34.6320347], [75.2687924, 34.6323644], [75.2687602, 34.632435], [75.2687281, 34.6325616], [75.2686745, 34.6326058], [75.2686066, 34.6328266], [75.26851, 34.6329032], [75.2683956, 34.6331094], [75.2684064, 34.6331859], [75.2683528, 34.6333302], [75.2682169, 34.633454], [75.2682206, 34.6336277], [75.2681598, 34.633725], [75.268192, 34.6338427], [75.268142, 34.633937], [75.2680265, 34.6339626], [75.2679658, 34.6340569], [75.2676795, 34.6342072], [75.2675293, 34.6344634], [75.2674865, 34.6346814], [75.2674866, 34.6348611], [75.2674687, 34.6349318], [75.2673363, 34.6350615], [75.2672469, 34.6352412], [75.2671038, 34.6353591], [75.2671111, 34.6356007], [75.267061, 34.6356773], [75.2671298, 34.6358489], [75.2671334, 34.6359358], [75.2670982, 34.6360692], [75.2669855, 34.636133], [75.2669116, 34.6362345], [75.2669014, 34.6364155], [75.2668029, 34.6365054], [75.2667819, 34.6367344], [75.2667186, 34.6368185], [75.2665284, 34.636923], [75.2664756, 34.6369868], [75.2664721, 34.6370709], [75.2663842, 34.6372101], [75.2663243, 34.6372449], [75.2661869, 34.6373175], [75.2661129, 34.6373871], [75.2661024, 34.6375147], [75.2661447, 34.6375727], [75.2661483, 34.6376511], [75.2662013, 34.6377787], [75.2662261, 34.6379933], [75.2662649, 34.6380397], [75.2662756, 34.6381297], [75.2662192, 34.6382109], [75.2662228, 34.6383125], [75.2661203, 34.6382963], [75.2660039, 34.6382041], [75.2658443, 34.6380517], [75.2654665, 34.6379986], [75.2651733, 34.6378639], [75.2648758, 34.6376903], [75.2646905, 34.6376832], [75.2644363, 34.6376869], [75.2643372, 34.6376479], [75.2641605, 34.6376125], [75.2638934, 34.6376232], [75.2637986, 34.6376126], [75.2636306, 34.6376694], [75.2634195, 34.6376871], [75.2630232, 34.6375986], [75.2628208, 34.6376093], [75.262304, 34.637613], [75.2620285, 34.6376627], [75.2618072, 34.6376354], [75.2616262, 34.6376213], [75.2614668, 34.637593], [75.2611136, 34.6375931], [75.2608294, 34.6376959], [75.260416, 34.6376642], [75.2601405, 34.6376855], [75.2599769, 34.6376537], [75.2593356, 34.6377956], [75.2592238, 34.6378983], [75.2586129, 34.6380754], [75.2584968, 34.6381375], [75.258252, 34.6381601], [75.2579503, 34.6382539], [75.2575399, 34.6384713], [75.2571416, 34.6383157], [75.2565756, 34.6380961], [75.2554531, 34.6376542], [75.254041, 34.6380388], [75.2497709, 34.6392106], [75.2470779, 34.6396255], [75.2429795, 34.6402787], [75.2401203, 34.6410819], [75.2373576, 34.6418587], [75.2365315, 34.6420882], [75.2344233, 34.6405567], [75.2319342, 34.6406891], [75.2302283, 34.6407641], [75.2293754, 34.6407862], [75.2252555, 34.6417792], [75.2183998, 34.6434563], [75.2182066, 34.6432621], [75.2181758, 34.6432323], [75.218039, 34.643229], [75.217815, 34.6431617], [75.2176595, 34.643165], [75.2174905, 34.6432158], [75.2173966, 34.6431507], [75.2173363, 34.6431341], [75.2172585, 34.6431694], [75.2171069, 34.6432235], [75.2171123, 34.643677], [75.2171874, 34.6439153], [75.2169996, 34.6439506], [75.2167797, 34.6438182], [75.2165383, 34.6437785], [75.2163666, 34.6438359], [75.2158087, 34.6438502], [75.2151677, 34.6438623], [75.2147198, 34.643891], [75.2143228, 34.6438359], [75.2138936, 34.6436946], [75.213663, 34.6436902], [75.2135503, 34.6437388], [75.213443, 34.6438844], [75.213325, 34.643955], [75.2131158, 34.6441757], [75.21303, 34.6442551], [75.2126867, 34.6445067], [75.2124023, 34.644692], [75.2121824, 34.6448575], [75.2121502, 34.6448862], [75.2120671, 34.6449171], [75.2117935, 34.6450054], [75.2116916, 34.6451135], [75.2115682, 34.6453187], [75.2114475, 34.6454379], [75.2113241, 34.6455019], [75.2110612, 34.645557], [75.2107984, 34.6455791], [75.2106777, 34.6455879], [75.2104899, 34.6456607], [75.2100903, 34.6457468], [75.209983, 34.6458262], [75.2099025, 34.6459631], [75.2097791, 34.6460734], [75.2096182, 34.6461396], [75.2075905, 34.6445685], [75.206362, 34.6443655], [75.2044523, 34.6443743], [75.202682, 34.6453982], [75.2007294, 34.6459366], [75.19912, 34.6466427], [75.198133, 34.6470575], [75.1959443, 34.6468898], [75.1938844, 34.646219], [75.1921463, 34.6463073], [75.1905584, 34.6472958], [75.1897216, 34.6481961], [75.1881337, 34.6483726], [75.1876992, 34.6484587], [75.187144, 34.6485469], [75.1865593, 34.6485271], [75.1863205, 34.6484476], [75.1860765, 34.648419], [75.185599, 34.6483969], [75.185304, 34.64843], [75.1850733, 34.648377], [75.1846817, 34.6483814], [75.1845825, 34.648483], [75.1844323, 34.6485822], [75.1843598, 34.6486032], [75.1838998, 34.6486716], [75.1834814, 34.6485933], [75.1827908, 34.6483903], [75.1825118, 34.6482932], [75.1821256, 34.6481961], [75.1817125, 34.6481299], [75.1811761, 34.6480372], [75.1809025, 34.6479666], [75.1805323, 34.647949], [75.1802856, 34.6479401], [75.178628, 34.6447803], [75.1786387, 34.6444361], [75.178467, 34.644286], [75.1783597, 34.6442772], [75.1781881, 34.644339], [75.1779306, 34.6442154], [75.1778126, 34.6440477], [75.1775443, 34.6440124], [75.1773298, 34.6438888], [75.177083, 34.6439506], [75.176847, 34.64388], [75.1766539, 34.6437983], [75.1765707, 34.6437873], [75.1764634, 34.6438932], [75.1762918, 34.6439528], [75.1760584, 34.6439992], [75.1759833, 34.6440786], [75.1759484, 34.6441955], [75.1759699, 34.6443015], [75.1759726, 34.6443743], [75.1758465, 34.6447053], [75.1758197, 34.6448266], [75.1757902, 34.6449844], [75.1757862, 34.6452172], [75.1759216, 34.645877], [75.1758975, 34.6462278], [75.1759243, 34.6463691], [75.1761818, 34.6467795], [75.1762783, 34.6469207], [75.1763481, 34.6470796], [75.1763387, 34.6471789], [75.1762542, 34.6473366], [75.1762944, 34.6475286], [75.1763555, 34.6476345], [75.1763991, 34.6477609], [75.1764554, 34.6478635], [75.1765714, 34.647965], [75.1767357, 34.6480891], [75.1766914, 34.6481222], [75.1765466, 34.6481862], [75.176281, 34.6482557], [75.1760557, 34.6483175], [75.1758412, 34.6484311], [75.1756132, 34.6485491], [75.1753865, 34.648676], [75.1752055, 34.6488327], [75.1748125, 34.6494097], [75.1746677, 34.6496281], [75.1745202, 34.6498543], [75.1743793, 34.6501334], [75.1742627, 34.6503629], [75.1741212, 34.6505642], [75.1739314, 34.6507501], [75.1737691, 34.6508665], [75.1736256, 34.6509062], [75.1734594, 34.6509316], [75.1733065, 34.6509564], [75.1732421, 34.6509658], [75.1730979, 34.6510116], [75.1729766, 34.6511048], [75.1728673, 34.651155], [75.1725541, 34.6511815], [75.1723945, 34.6512025], [75.172137, 34.6512378], [75.1719486, 34.6513078], [75.1718608, 34.651369], [75.1718031, 34.6514082], [75.1717045, 34.6515119], [75.1715657, 34.6516581], [75.171323, 34.6518181], [75.170983, 34.6519212], [75.1707825, 34.6519598], [75.1705257, 34.6519918], [75.1704171, 34.6520315], [75.1702266, 34.6521333], [75.1700737, 34.6522285], [75.1699571, 34.6522682], [75.1698156, 34.6522737], [75.1696721, 34.6522946], [75.1695849, 34.65232], [75.1695621, 34.6523333], [75.169495, 34.6523763], [75.1694468, 34.652416], [75.1693086, 34.6525363], [75.1691165, 34.652678], [75.169027, 34.6527566], [75.1689029, 34.6528694], [75.1688379, 34.6529323], [75.1686837, 34.653132], [75.1686113, 34.6532258], [75.1685241, 34.6534001], [75.1684691, 34.6535137], [75.1682847, 34.653752], [75.1682109, 34.6538435], [75.1679876, 34.6540421], [75.1678777, 34.6541425], [75.1676685, 34.6542716], [75.1674485, 34.6544128], [75.167238, 34.654554], [75.1670288, 34.6546577], [75.1665392, 34.6548949], [75.165858, 34.6552303], [75.1653591, 34.6554752], [75.1647931, 34.655751], [75.1639348, 34.6561746], [75.1632321, 34.6565408], [75.1628941, 34.6566247], [75.1620197, 34.6567041], [75.1615477, 34.6565805], [75.1610327, 34.6565717], [75.1603567, 34.6567217], [75.1592088, 34.6568276], [75.1574278, 34.6571365], [75.1572561, 34.6571012], [75.1565266, 34.6568453], [75.1511192, 34.6551685], [75.1448535, 34.6554156], [75.1419353, 34.654992], [75.1384592, 34.6512146], [75.1380729, 34.6516736], [75.1369571, 34.6516736], [75.1362276, 34.6521325], [75.1354551, 34.652309], [75.1344252, 34.6522649], [75.1335776, 34.6524855], [75.1331162, 34.6527768], [75.1328587, 34.6529974], [75.132333, 34.6531033], [75.1319897, 34.6530327], [75.1317, 34.6531033], [75.1311958, 34.6531651], [75.130949, 34.6532798], [75.1301336, 34.6531739], [75.1295328, 34.6533593], [75.129168, 34.653421], [75.1285243, 34.6537123], [75.1279127, 34.6537211], [75.1275372, 34.6535711], [75.1274407, 34.6536152], [75.1269686, 34.653624], [75.1261425, 34.6535093], [75.1202631, 34.6476312], [75.1075172, 34.6507204], [75.1052856, 34.6491317], [75.1033544, 34.6500849], [75.0988054, 34.6496966], [75.0970888, 34.6494847], [75.0902652, 34.6542507], [75.0867461, 34.6549567], [75.0841712, 34.6514971], [75.0821971, 34.649167], [75.0792789, 34.6471194], [75.0767039, 34.6462014], [75.0712752, 34.644595], [75.0699663, 34.6434652], [75.0697195, 34.6430988], [75.0695854, 34.6430635], [75.0692958, 34.6428782], [75.0690651, 34.6427546], [75.0685179, 34.6424501], [75.0682712, 34.6424412], [75.0676221, 34.6423044], [75.0670803, 34.6418366], [75.0668764, 34.6417527], [75.0668348, 34.6417053], [75.0668201, 34.6416226], [75.0667866, 34.6415575], [75.0667101, 34.6414173], [75.0666162, 34.6412877], [75.0665009, 34.6412728], [75.0663976, 34.6412618], [75.0662803, 34.6412011], [75.0662152, 34.64112], [75.0661777, 34.6410687], [75.0661013, 34.6409539], [75.0660355, 34.6409153], [75.0659521, 34.6408632], [75.0658424, 34.6407961], [75.0657633, 34.6407939], [75.0656949, 34.6407862], [75.0656372, 34.6407564], [75.0656171, 34.6406582], [75.0655366, 34.6405942], [75.0654146, 34.6405446], [75.0652939, 34.6404872], [75.065023, 34.6404022], [75.064842, 34.6404055], [75.06474, 34.6403824], [75.0646341, 34.6402919], [75.0645147, 34.6402599], [75.0644343, 34.6401275], [75.0643511, 34.6400955], [75.0642847, 34.6399863], [75.0642069, 34.639952], [75.0641178, 34.639936], [75.0639461, 34.6399057], [75.0636068, 34.6398903], [75.0634713, 34.6398362], [75.0633708, 34.6397248], [75.0633681, 34.6396188], [75.0633158, 34.6395317], [75.063246, 34.6394975], [75.0631213, 34.6394743], [75.0626452, 34.6392514], [75.0624843, 34.6391168], [75.0623073, 34.6389998], [75.0620028, 34.6387769], [75.0618741, 34.6387118], [75.0617011, 34.6386203], [75.0614959, 34.6385739], [75.0613484, 34.6385982], [75.0611606, 34.6386015], [75.0609635, 34.638553], [75.0608361, 34.6385215], [75.0606926, 34.6385182], [75.0606, 34.638516], [75.0604096, 34.6384752], [75.0603104, 34.6384547], [75.0601575, 34.6384081], [75.0598584, 34.6383179], [75.0596412, 34.6382506], [75.0594266, 34.6382175], [75.0591838, 34.63818], [75.0590947, 34.6381646], [75.0588278, 34.638159], [75.0586575, 34.6380801], [75.0585247, 34.6380178], [75.0584368, 34.6379053], [75.0584181, 34.6378793], [75.0583644, 34.6377811], [75.0583456, 34.6377447], [75.0582223, 34.6376007], [75.0581297, 34.637529], [75.0579044, 34.6375003], [75.0578092, 34.6375334], [75.0576724, 34.6374826], [75.0574961, 34.6374418], [75.0574397, 34.6373927], [75.0572667, 34.6373094], [75.0571024, 34.6372774], [75.0567698, 34.6372465], [75.0566062, 34.6372222], [75.0562602, 34.6372531], [75.0559035, 34.6372289], [75.0556916, 34.6372178], [75.0554287, 34.6372134], [75.0551578, 34.6372289], [75.0549513, 34.6372421], [75.0548172, 34.637284], [75.0547314, 34.6372796], [75.0546804, 34.6372443], [75.0545651, 34.6372244], [75.0544873, 34.6371847], [75.0544471, 34.6370854], [75.0543639, 34.6370413], [75.0540823, 34.6369618], [75.0540072, 34.6369243], [75.0538945, 34.6368669], [75.0537443, 34.6366727], [75.0536236, 34.6365756], [75.0535512, 34.6364675], [75.0534949, 34.6363174], [75.0533262, 34.6361919], [75.0532655, 34.6360752], [75.0532059, 34.6359687], [75.0530932, 34.6358137], [75.0528384, 34.6355969], [75.0527224, 34.6354998], [75.0525474, 34.6354297], [75.0523509, 34.6353939], [75.0522678, 34.6353773], [75.0520733, 34.6353784], [75.0519808, 34.6353806], [75.0518332, 34.6353486], [75.0516475, 34.6353067], [75.0515717, 34.6352846], [75.0513759, 34.6352294], [75.0508536, 34.6350772], [75.0507074, 34.6350854], [75.050476, 34.6350369], [75.0502246, 34.6349017], [75.0500134, 34.6348719], [75.0498524, 34.6349194], [75.0498149, 34.6349172], [75.0496566, 34.6348355], [75.0495782, 34.6348344], [75.049548, 34.6348432], [75.0495004, 34.634878], [75.0494528, 34.6348874], [75.0493763, 34.6348454], [75.0492858, 34.6347616], [75.0492281, 34.6347467], [75.0491779, 34.6347561], [75.0491048, 34.634809], [75.0490391, 34.6348416], [75.0489559, 34.6348377], [75.0488365, 34.6347792], [75.0487272, 34.6347814], [75.048679, 34.6347456], [75.0484711, 34.6347605], [75.0483491, 34.6347792], [75.0482082, 34.6348002], [75.0480272, 34.6348366], [75.0479186, 34.6349227], [75.0477435, 34.6350088], [75.0475886, 34.6350187], [75.0475068, 34.6350526], [75.0474565, 34.6350545], [75.0474066, 34.6350427], [75.0473285, 34.6349917], [75.0472782, 34.6349293], [75.0471897, 34.6348934], [75.0470998, 34.6348882], [75.0468879, 34.6348008], [75.0466606, 34.6346501], [75.0464554, 34.6345122], [75.0463052, 34.6345199], [75.0459525, 34.6344228], [75.0458707, 34.6344162], [75.0456735, 34.634446], [75.0455636, 34.6344385], [75.0454902, 34.6344369], [75.0453467, 34.634422], [75.045296, 34.6344173], [75.0452437, 34.634425], [75.0452089, 34.6344543], [75.04517, 34.6345216], [75.0451063, 34.6345619], [75.0450043, 34.6345939], [75.0447656, 34.634627], [75.0444518, 34.6346998], [75.0443257, 34.6347859], [75.0442761, 34.6348168], [75.043918, 34.6349905], [75.0436612, 34.6351163], [75.043629, 34.6351334], [75.0434124, 34.6352824], [75.0433038, 34.6353221], [75.0431724, 34.6353254], [75.0429417, 34.6353674], [75.0429055, 34.6353696], [75.0426896, 34.6354336], [75.0424857, 34.6355152], [75.0422806, 34.6355947], [75.0420982, 34.6356697], [75.0419533, 34.6357039], [75.0417562, 34.6357271], [75.0415966, 34.6357955], [75.0412171, 34.6359059], [75.0410917, 34.6358998], [75.0409804, 34.6359379], [75.0408972, 34.6359467], [75.0407926, 34.6359367], [75.0406102, 34.6358959], [75.0404339, 34.6358115], [75.040395, 34.6357933], [75.0401542, 34.635705], [75.0398357, 34.6356008], [75.0397224, 34.6356145], [75.0395675, 34.6356609], [75.039361, 34.635726], [75.0392336, 34.6357216], [75.0389694, 34.6358043], [75.0387923, 34.6358099], [75.0385912, 34.6358672], [75.038386, 34.6357944], [75.038339, 34.6357282], [75.0381795, 34.6356808], [75.0380963, 34.6356587], [75.0379944, 34.6356455], [75.0378026, 34.6356796], [75.0376296, 34.6357326], [75.0375652, 34.6357547], [75.0374418, 34.6358573], [75.0373399, 34.6358684], [75.03723, 34.6358783], [75.0369979, 34.6359423], [75.0367793, 34.6359776], [75.0362805, 34.636046], [75.0361986, 34.6360924], [75.0361048, 34.6361475], [75.0360283, 34.6362258], [75.0359505, 34.6362667], [75.0359063, 34.6363241], [75.0357239, 34.6364267], [75.0356153, 34.6364741], [75.0354946, 34.6365503], [75.0354637, 34.6365922], [75.0354275, 34.6366143], [75.0353926, 34.6366032], [75.0353497, 34.6366176], [75.0353068, 34.6366683], [75.0353068, 34.6367047], [75.0352961, 34.6367423], [75.0352532, 34.6367886], [75.03517, 34.6368383], [75.0351097, 34.6368592], [75.0349863, 34.6368758], [75.0348683, 34.636921], [75.0347261, 34.6369949], [75.0345786, 34.6370843], [75.034364, 34.6371858], [75.0339161, 34.6373182], [75.0337216, 34.6373326], [75.0336277, 34.6373293], [75.0333957, 34.6373447], [75.0332147, 34.6369861], [75.0330162, 34.6366948], [75.0328821, 34.6365801], [75.0325602, 34.6364521], [75.0322223, 34.6361299], [75.0320131, 34.6358871], [75.0319272, 34.6357547], [75.0319272, 34.6355075], [75.0318253, 34.6353133], [75.0317341, 34.635225], [75.0316054, 34.6351588], [75.0314444, 34.6350397], [75.0311011, 34.6348278], [75.0308919, 34.6345894], [75.0307202, 34.6342937], [75.0304842, 34.6341613], [75.0303984, 34.6340686], [75.0303608, 34.6339362], [75.0303394, 34.6337905], [75.0303286, 34.6336272], [75.0303823, 34.6334639], [75.0305057, 34.6331373], [75.0303769, 34.632921], [75.030275, 34.6326253], [75.030114, 34.6324222], [75.0297439, 34.6322942], [75.0294971, 34.6321618], [75.0292665, 34.6320206], [75.0291002, 34.6318749], [75.0289808, 34.6317392], [75.0288923, 34.6316233], [75.0286563, 34.6314589], [75.028612, 34.6314423], [75.0285543, 34.6314335], [75.0284551, 34.6314346], [75.0283398, 34.6314291], [75.0282218, 34.6313949], [75.0278918, 34.6312856], [75.0277014, 34.6312106], [75.0273661, 34.6309623], [75.0272937, 34.6308696], [75.0272414, 34.6307405], [75.0271274, 34.6304348], [75.0269236, 34.6302991], [75.0267841, 34.6301512], [75.0266057, 34.6300398], [75.0263818, 34.6299526], [75.0263107, 34.6298875], [75.0262463, 34.6297209], [75.0261538, 34.6295929], [75.0259647, 34.6294715], [75.0257729, 34.6293832], [75.0255691, 34.629338], [75.0254537, 34.6292938], [75.0253263, 34.6291846], [75.0251774, 34.6289837], [75.0250769, 34.6290422], [75.0249924, 34.6291029], [75.0249924, 34.6291515], [75.0250219, 34.6291813], [75.0250527, 34.6292861], [75.025038, 34.6294152], [75.0250661, 34.6294671], [75.02505, 34.6295267], [75.0250138, 34.6295598], [75.024932, 34.6296315], [75.0248006, 34.6296657], [75.0246584, 34.6297198], [75.0245994, 34.6297794], [75.0245807, 34.6298434], [75.0245766, 34.6299206], [75.0246048, 34.6299659], [75.0244935, 34.6300917], [75.0244988, 34.6301645], [75.0244506, 34.6302119], [75.0244372, 34.6302472], [75.0244586, 34.6302826], [75.0244398, 34.6303223], [75.0243513, 34.6303664], [75.024295, 34.6304315], [75.0240576, 34.6305066], [75.0239208, 34.6305143], [75.0237948, 34.6306059], [75.0236781, 34.6306699], [75.0234917, 34.6307008], [75.0233951, 34.6307295], [75.0231457, 34.6308012], [75.0230357, 34.630927], [75.0229794, 34.6309469], [75.0227192, 34.631151], [75.0225194, 34.6311587], [75.0224228, 34.6311863], [75.0223584, 34.6312261], [75.0222847, 34.6313088], [75.0221801, 34.6313165], [75.0220594, 34.6314457], [75.0219387, 34.631471], [75.0218381, 34.6314666], [75.0217375, 34.6314887], [75.0217067, 34.6315417], [75.0216906, 34.6316906], [75.0217764, 34.6317138], [75.0217536, 34.6317579], [75.0215591, 34.6318815], [75.0214478, 34.6319025], [75.0212963, 34.6319897], [75.0212654, 34.632036], [75.021134, 34.6321044], [75.0210938, 34.632142], [75.0210723, 34.6322391], [75.0209892, 34.6322876], [75.0207639, 34.6323185], [75.0206378, 34.6323891], [75.0204849, 34.632409], [75.0202757, 34.6323847], [75.0201631, 34.6324002], [75.0200799, 34.6324289], [75.0199538, 34.6324222], [75.019872, 34.6323991], [75.0197688, 34.6324918], [75.0196642, 34.63258], [75.0194831, 34.6327158], [75.0192927, 34.6329155], [75.0191049, 34.6330292], [75.0189614, 34.6332167], [75.0188166, 34.6333072], [75.0187562, 34.6333801], [75.0186785, 34.6334496], [75.0186342, 34.6335577], [75.0185645, 34.633657], [75.0185296, 34.6338071], [75.0184679, 34.6338777], [75.0183325, 34.6339406], [75.0182708, 34.6340201], [75.0182936, 34.6340885], [75.0183164, 34.6341492], [75.0182976, 34.6341823], [75.0182171, 34.6342584], [75.0181715, 34.6343334], [75.0181903, 34.6343732], [75.0182453, 34.6344129], [75.0182493, 34.6344438], [75.0182064, 34.6345056], [75.0181621, 34.6346336], [75.0180763, 34.6347914], [75.0180159, 34.6350021], [75.0179704, 34.6350319], [75.0179583, 34.6350882], [75.0179704, 34.6352041], [75.0178993, 34.6352703], [75.0177249, 34.6353409], [75.0175962, 34.6354722], [75.0175948, 34.6355539], [75.0174782, 34.6356388], [75.0174004, 34.6356598], [75.0172435, 34.635662], [75.0170571, 34.6357326], [75.0169645, 34.6357403], [75.0169069, 34.6358021], [75.0167741, 34.6358739], [75.0165783, 34.6359025], [75.0164831, 34.63595], [75.0163865, 34.6359974], [75.0162524, 34.6360383], [75.016125, 34.6360714], [75.0159949, 34.6361607], [75.0158983, 34.6362236], [75.0158702, 34.6362854], [75.0158058, 34.6363252], [75.0157361, 34.6364509], [75.0157039, 34.6365723], [75.0156891, 34.6365933], [75.0155698, 34.6366904], [75.0154906, 34.6367125], [75.0153485, 34.6367158], [75.0153324, 34.6367378], [75.0152788, 34.6368018], [75.0152278, 34.6368316], [75.0150803, 34.6369078], [75.0150293, 34.6369949], [75.0149274, 34.6370523], [75.0148416, 34.6371715], [75.0148094, 34.6372686], [75.0147343, 34.6373878], [75.0146645, 34.6376084], [75.014509, 34.6377011], [75.0145197, 34.6378733], [75.0144553, 34.637988], [75.0143695, 34.6380498], [75.0143105, 34.6381337], [75.0143212, 34.6383014], [75.0140905, 34.6386368], [75.0139457, 34.6386854], [75.0138169, 34.6387957], [75.0136346, 34.6389899], [75.0135112, 34.6392194], [75.0134897, 34.6393297], [75.0134253, 34.6394313], [75.013082, 34.6395548], [75.0127548, 34.6396409], [75.0126395, 34.6397027], [75.0123095, 34.6398373], [75.0122157, 34.6398483], [75.0121406, 34.6398836], [75.0120708, 34.6398903], [75.0118402, 34.639994], [75.0116631, 34.6400006], [75.01147, 34.6400646], [75.011183, 34.6402478], [75.0104669, 34.6406207], [75.0094745, 34.6411238], [75.0087771, 34.6411327], [75.0083667, 34.6412386], [75.0078598, 34.6412386], [75.0069505, 34.6415718], [75.0058803, 34.6419536], [75.0050756, 34.6422007], [75.0045875, 34.6423971], [75.0041154, 34.6425582], [75.0036353, 34.6427082], [75.0034073, 34.6427325], [75.0031579, 34.6427546], [75.0030103, 34.6427965], [75.0026295, 34.642759], [75.00238, 34.6427149], [75.002085, 34.6427149], [75.0019804, 34.6426685], [75.0017148, 34.6429245], [75.0015324, 34.6431717], [75.0014117, 34.6432599], [75.0013018, 34.6434078], [75.0009692, 34.6435666], [75.0006258, 34.6436726], [75.0004997, 34.6438161], [75.0004864, 34.6439992], [75.0005615, 34.644158], [75.0005722, 34.6443103], [75.0004998, 34.6443986], [75.0003201, 34.6446987], [75.0003147, 34.6452636], [74.9999902, 34.646016], [74.9997729, 34.6461683], [74.9996978, 34.6462962], [74.9994484, 34.6469516], [74.9992874, 34.6475032], [74.9991399, 34.6477018], [74.9989817, 34.6477393], [74.9989629, 34.6478762], [74.9988663, 34.648013], [74.9988449, 34.6481718], [74.9987429, 34.6484278], [74.9985471, 34.6485359], [74.9982521, 34.6488581], [74.9980429, 34.6491935], [74.997941, 34.6492574], [74.9978229, 34.6493214], [74.9978068, 34.6494031], [74.9977532, 34.6494494], [74.9977612, 34.6495443], [74.9976352, 34.6497009], [74.9976513, 34.6499062], [74.9976379, 34.6501136], [74.9976486, 34.650257], [74.9975574, 34.6506365], [74.9974447, 34.6507865], [74.9971819, 34.6509145], [74.9970183, 34.6511307], [74.9967957, 34.6512962], [74.9967688, 34.6514573], [74.9965274, 34.6518103], [74.9965247, 34.6519008], [74.9962162, 34.6522252], [74.9961063, 34.6522781], [74.9959829, 34.6522781], [74.9959052, 34.65232], [74.9957415, 34.6522913], [74.9956772, 34.6521303], [74.9956074, 34.6520883], [74.9954197, 34.6521281], [74.9952775, 34.6521038], [74.9949744, 34.6521369], [74.994902, 34.6521126], [74.9948671, 34.6520707], [74.9948886, 34.6518655], [74.9949717, 34.6517066], [74.994953, 34.6516206], [74.9948215, 34.6515036], [74.9946472, 34.6511815], [74.994548, 34.6510513], [74.9945506, 34.6509586], [74.9945842, 34.6509195], [74.9946532, 34.6509206], [74.9947116, 34.6508969], [74.9947947, 34.6506784], [74.9947277, 34.6502702], [74.9947652, 34.6500341], [74.9946392, 34.6498973], [74.9940544, 34.6497208], [74.9939096, 34.6495972], [74.9933463, 34.6493766], [74.9933007, 34.6492354], [74.9931344, 34.6490169], [74.9929789, 34.6488316], [74.9930218, 34.6486771], [74.992885, 34.6485734], [74.9926677, 34.6484874], [74.9926785, 34.6483461], [74.9925068, 34.6481056], [74.992319, 34.6480284], [74.9922144, 34.647885], [74.992142, 34.6478232], [74.9920133, 34.6476952], [74.9918497, 34.6476577], [74.9917585, 34.647554], [74.9916592, 34.6475121], [74.9913266, 34.647501], [74.9912113, 34.6474547], [74.9910557, 34.6474525], [74.9908572, 34.6475032], [74.9905381, 34.6475187], [74.9903798, 34.6476047], [74.9901277, 34.6475937], [74.98983, 34.6475518], [74.9896556, 34.6475783], [74.9894544, 34.6476334], [74.9892667, 34.6477769], [74.9892023, 34.6477747], [74.9891514, 34.6476864], [74.9890065, 34.6476798], [74.988808, 34.6477173], [74.9886981, 34.6477062], [74.988395, 34.6477062], [74.9881616, 34.6476136], [74.9879819, 34.6474856], [74.9877834, 34.6474459], [74.9875367, 34.6474304], [74.9874401, 34.6473907], [74.9872363, 34.6472186], [74.9869305, 34.647073], [74.9866676, 34.646967], [74.9865872, 34.6469053], [74.9865603, 34.6467552], [74.9862787, 34.6465257], [74.9861151, 34.6462918], [74.9854875, 34.6459851], [74.9852809, 34.6459895], [74.9850905, 34.6459675], [74.9848437, 34.6458902], [74.9842778, 34.6458351], [74.9839586, 34.6456607], [74.9838902, 34.6456508], [74.9837279, 34.6457722], [74.9836649, 34.6458814], [74.9835885, 34.6459928], [74.9835134, 34.6460381], [74.9833511, 34.6461186], [74.9831338, 34.6461969], [74.9830064, 34.6462256], [74.982761, 34.6463658], [74.9826524, 34.6464022], [74.9822943, 34.6463977], [74.9819, 34.646347], [74.9816506, 34.6464728], [74.9814253, 34.6465346], [74.9811544, 34.6466096], [74.981035, 34.646742], [74.9809773, 34.6467795], [74.9806273, 34.6468545], [74.980756, 34.6469417], [74.981035, 34.6470774], [74.9813662, 34.6472385], [74.9814615, 34.6474679], [74.9817672, 34.6476886], [74.98179, 34.6478375], [74.9818289, 34.6478784], [74.9819657, 34.6478861], [74.9821964, 34.6481233], [74.9821924, 34.6482248], [74.9822098, 34.6483241], [74.9822728, 34.6484145], [74.9823895, 34.6485856], [74.9825974, 34.6486981], [74.9826819, 34.6487687], [74.982761, 34.6490136], [74.9828535, 34.6491537], [74.9828562, 34.6493126], [74.982934, 34.6494538], [74.9828951, 34.6495697], [74.9827838, 34.6496745], [74.9826336, 34.6497749], [74.9823359, 34.6498102], [74.9819469, 34.6498499], [74.9813046, 34.6499977], [74.9810135, 34.6501378], [74.9807011, 34.6502824], [74.9804986, 34.6504004], [74.9803497, 34.6505449], [74.9800761, 34.6506718], [74.9798065, 34.6508141], [74.9797153, 34.650909], [74.9796429, 34.6509675], [74.9797046, 34.6512742], [74.9796684, 34.6516184], [74.9796054, 34.6516669], [74.9795222, 34.651646], [74.9794324, 34.6516802], [74.9793077, 34.6518004], [74.9791333, 34.6519174], [74.9788704, 34.6522958], [74.9787658, 34.6524513], [74.9786733, 34.652619], [74.9784601, 34.6528032], [74.9783957, 34.6530062], [74.9783099, 34.6531077], [74.9781436, 34.6531739], [74.9780041, 34.6532975], [74.9779934, 34.6533592], [74.9779236, 34.6534276], [74.9778847, 34.6534629], [74.9778552, 34.6535457], [74.9778137, 34.6535192], [74.9777761, 34.6535049], [74.9776755, 34.6535269], [74.9775307, 34.6535589], [74.9774395, 34.6535512], [74.9773067, 34.6535788], [74.977245, 34.6536406], [74.9772142, 34.6537542], [74.9772141, 34.6538227], [74.9757886, 34.654233], [74.9752307, 34.6546037], [74.9720979, 34.6554156], [74.9689007, 34.6573219], [74.9627986, 34.660971], [74.9621925, 34.6612622], [74.9620235, 34.6613924], [74.9618196, 34.6614343], [74.9615219, 34.6615424], [74.9612698, 34.6616593], [74.9607977, 34.6617763], [74.9603873, 34.661977], [74.960162, 34.6619792], [74.9596632, 34.662127], [74.9593922, 34.6623168], [74.9592286, 34.6623852], [74.9590811, 34.662416], [74.9586922, 34.6626499], [74.9583837, 34.662747], [74.9582416, 34.662769], [74.9577588, 34.6630029], [74.957217, 34.6631176], [74.9569353, 34.6632367], [74.9570587, 34.6634706], [74.93577, 34.6726763], [74.9264574, 34.6736292], [74.9070167, 34.6730645], [74.889636, 34.6747586], [74.8728936, 34.6815788], [74.867363, 34.6814464], [74.8631573, 34.6810406], [74.8574495, 34.679629], [74.8512689, 34.6789678], [74.8442628, 34.6773384], [74.8420066, 34.6742287], [74.8419039, 34.6733948], [74.8155001, 34.674202], [74.7920767, 34.6760453], [74.7707603, 34.6777229]]], [[[74.5771265, 34.6667114], [74.5751953, 34.6625109], [74.5801305, 34.6618403], [74.5832204, 34.6631463], [74.5886707, 34.6626521], [74.5933485, 34.6611343], [74.5972967, 34.6586633], [74.5983696, 34.6559804], [74.599657, 34.6528033], [74.6009874, 34.650332], [74.6022319, 34.6447539], [74.6050214, 34.6362093], [74.6090984, 34.6271342], [74.6139049, 34.6202478], [74.6164798, 34.6101819], [74.6244192, 34.6033294], [74.6319294, 34.5998323], [74.633646, 34.5973595], [74.6337747, 34.5942154], [74.6337318, 34.5867609], [74.63768, 34.584747], [74.641757, 34.5820971], [74.6466064, 34.5826978], [74.6474647, 34.586019], [74.6480655, 34.5901173], [74.6480655, 34.5935442], [74.6493101, 34.5970062], [74.6502113, 34.5985252], [74.6516275, 34.6015985], [74.6569919, 34.6011393], [74.6569919, 34.598172], [74.6575069, 34.5940034], [74.6584081, 34.592237], [74.6616268, 34.594816], [74.6634292, 34.5981367], [74.6659612, 34.5991964], [74.6695232, 34.599691], [74.6730852, 34.6000089], [74.6749734, 34.6025523], [74.6753168, 34.6045657], [74.6741151, 34.6067558], [74.674201, 34.60997], [74.6811103, 34.6177756], [74.685359, 34.621272], [74.6872901, 34.6209188], [74.6890068, 34.6202478], [74.6909809, 34.6202831], [74.69244, 34.6217664], [74.6936845, 34.6235322], [74.6987915, 34.6309127], [74.7023534, 34.6342673], [74.7057437, 34.6358562], [74.7087049, 34.6347263], [74.7119236, 34.6328195], [74.7131252, 34.6321486], [74.7154855, 34.632078], [74.7169447, 34.6335611], [74.7164297, 34.6371274], [74.7140264, 34.6383985], [74.7110223, 34.6411526], [74.7094774, 34.6495907], [74.7113657, 34.6548861], [74.7138118, 34.6577102], [74.7178459, 34.6626874], [74.7239828, 34.6695351], [74.7305659, 34.6811952], [74.7237203, 34.6832316], [74.6996405, 34.6907353], [74.6770153, 34.6977858], [74.6508426, 34.7059418], [74.6252669, 34.7232897], [74.6039432, 34.7377535], [74.6022748, 34.7307502], [74.5993566, 34.7269587], [74.598949, 34.7212446], [74.5937776, 34.7118084], [74.5924902, 34.7082805], [74.5926189, 34.7018242], [74.5924043, 34.6967435], [74.590044, 34.6920859], [74.5852375, 34.6858753], [74.579873, 34.6816758], [74.5785427, 34.6787467], [74.5775127, 34.6747586], [74.5771265, 34.6667114]]]]}}, {"type": "Feature", "properties": {"tehsil": "Bandipora", "district": "Bandipore"}, "geometry": {"type": "MultiPolygon", "coordinates": [[[[74.4364071, 34.4317264], [74.4368362, 34.431514], [74.4374799, 34.4305583], [74.4375228, 34.428753], [74.4377374, 34.4273017], [74.4383812, 34.4256026], [74.4394111, 34.4244698], [74.4408273, 34.4231246], [74.4426298, 34.422275], [74.4449043, 34.4220272], [74.4482946, 34.4225582], [74.4523286, 34.4233724], [74.4549894, 34.424045], [74.4596672, 34.4250716], [74.4677782, 34.4254432], [74.4705677, 34.4254432], [74.4721985, 34.4255848], [74.473722, 34.4261158], [74.4749236, 34.427284], [74.4758248, 34.4291601], [74.4766617, 34.4310361], [74.47752, 34.4330537], [74.480524, 34.4376905], [74.4810819, 34.4388762], [74.4814682, 34.4399557], [74.4822192, 34.4410529], [74.4827771, 34.4418315], [74.4836139, 34.4425924], [74.4851374, 34.4435657], [74.487133, 34.4448221], [74.4886136, 34.4461315], [74.4900083, 34.4467155], [74.4909525, 34.4466624], [74.4930982, 34.4462377], [74.4956517, 34.4457069], [74.4984627, 34.4453441], [74.500469, 34.4451937], [74.5038056, 34.4441497], [74.5049429, 34.4434772], [74.5072174, 34.4420615], [74.5107794, 34.4398318], [74.5135045, 34.4376905], [74.514277, 34.4357792], [74.5156503, 34.4329122], [74.5159292, 34.4304521], [74.5176244, 34.4280981], [74.5190835, 34.4257795], [74.5223021, 34.4212129], [74.5253277, 34.4176373], [74.526658, 34.4148936], [74.5271516, 34.4143094], [74.5283103, 34.4142032], [74.5293617, 34.4134066], [74.530499, 34.411778], [74.5322585, 34.4102556], [74.5341253, 34.4091226], [74.5354574, 34.4084345], [74.5374297, 34.4122914], [74.5379447, 34.4144157], [74.5405196, 34.4181684], [74.5412921, 34.4197969], [74.5424079, 34.4223458], [74.544382, 34.4239034], [74.5465278, 34.4255318], [74.5495319, 34.426877], [74.5515918, 34.4287885], [74.5563983, 34.4345227], [74.5612907, 34.4399734], [74.5636939, 34.4413891], [74.566183, 34.4440789], [74.5688438, 34.4454946], [74.5687212, 34.4425235], [74.5714774, 34.4423662], [74.5718307, 34.4425111], [74.5727587, 34.4434497], [74.5746438, 34.4433747], [74.5817375, 34.4426873], [74.5833778, 34.4418208], [74.58664, 34.4381327], [74.5857585, 34.4298267], [74.581347, 34.410786], [74.5994602, 34.4106279], [74.6050798, 34.4085424], [74.605766, 34.4084647], [74.6062774, 34.4082641], [74.6071812, 34.4081913], [74.6078643, 34.408086], [74.6087851, 34.4081198], [74.6101068, 34.4079189], [74.6105145, 34.4077418], [74.6121281, 34.4074435], [74.6128749, 34.4072462], [74.6157932, 34.4066973], [74.6182608, 34.406715], [74.6214795, 34.4057236], [74.6241617, 34.4051393], [74.6264362, 34.4035282], [74.6282172, 34.4012975], [74.6304702, 34.3995978], [74.6342468, 34.3976679], [74.6354699, 34.3955964], [74.639976, 34.3944809], [74.6456623, 34.392604], [74.6537839, 34.3893919], [74.664545, 34.3908687], [74.6720338, 34.3901251], [74.6804265, 34.3907719], [74.6927833, 34.3834138], [74.6955514, 34.3742933], [74.6873974, 34.3651366], [74.6857667, 34.3621077], [74.6815824, 34.359681], [74.6804727, 34.3578762], [74.6757829, 34.3536035], [74.6760295, 34.3536775], [74.6816683, 34.3505934], [74.6826553, 34.3504517], [74.6845865, 34.3506289], [74.6860027, 34.3510363], [74.6869254, 34.3516209], [74.6882129, 34.3525775], [74.6895861, 34.353109], [74.6920323, 34.3535696], [74.6943927, 34.3531976], [74.695723, 34.352613], [74.6978688, 34.351178], [74.6996712, 34.3503631], [74.700315, 34.3502568], [74.7019887, 34.3501328], [74.7038984, 34.3492471], [74.705379, 34.3486801], [74.7071171, 34.3484676], [74.708662, 34.3481132], [74.7097349, 34.3479892], [74.7137475, 34.3483081], [74.7150564, 34.3478121], [74.7161507, 34.3474046], [74.7195411, 34.3456684], [74.7236395, 34.3426743], [74.7281241, 34.3396269], [74.7312999, 34.3372704], [74.7339177, 34.3354099], [74.736793, 34.3322028], [74.7388744, 34.3268159], [74.739089, 34.3257881], [74.739604, 34.3245299], [74.740591, 34.3238034], [74.7415566, 34.3221199], [74.7422004, 34.3192667], [74.742651, 34.3162007], [74.7429085, 34.3154031], [74.7440672, 34.3147651], [74.7452259, 34.3142866], [74.7475219, 34.3140916], [74.7510409, 34.3155095], [74.7524357, 34.3160589], [74.7540664, 34.3165729], [74.7596884, 34.3149246], [74.7630358, 34.3139144], [74.764924, 34.3137017], [74.7663188, 34.314198], [74.7675419, 34.3151019], [74.7683143, 34.3171577], [74.7692585, 34.3207553], [74.7692585, 34.3234667], [74.7718334, 34.3234312], [74.772799, 34.3234844], [74.7737217, 34.3236262], [74.7746229, 34.3248312], [74.7749609, 34.325385], [74.7754812, 34.3270994], [74.7757602, 34.3281449], [74.7765541, 34.3292436], [74.7783565, 34.3304308], [74.7840643, 34.3322559], [74.785459, 34.332947], [74.7862744, 34.3334963], [74.7863602, 34.3345417], [74.786489, 34.3362958], [74.7867679, 34.338865], [74.7874117, 34.3402115], [74.78827, 34.3410443], [74.7898364, 34.3416289], [74.7912097, 34.3416289], [74.7928834, 34.3414518], [74.7943854, 34.3417175], [74.7971105, 34.3424085], [74.7988057, 34.3432058], [74.8002004, 34.3435424], [74.8036337, 34.3435955], [74.806509, 34.3439144], [74.8090195, 34.3435247], [74.8140406, 34.3433298], [74.8163366, 34.3436841], [74.8191047, 34.3443219], [74.8217869, 34.3447648], [74.8240185, 34.3449952], [74.8261857, 34.3451723], [74.8322367, 34.3450837], [74.8350262, 34.34519], [74.8371935, 34.3454558], [74.8396182, 34.3464125], [74.8419571, 34.3473337], [74.8456263, 34.3488927], [74.8472571, 34.3493888], [74.8484373, 34.3502746], [74.8491025, 34.3513729], [74.8496175, 34.3535164], [74.8506474, 34.3561559], [74.8506903, 34.3576262], [74.8519993, 34.359061], [74.8585224, 34.3608501], [74.8604321, 34.3610626], [74.8621487, 34.3613637], [74.8632645, 34.3621963], [74.8642087, 34.3637904], [74.8657322, 34.3673152], [74.8667621, 34.3692103], [74.8687792, 34.3686436], [74.8716759, 34.3677757], [74.8730922, 34.3679705], [74.8755383, 34.3685904], [74.8782205, 34.3702553], [74.879229, 34.3709815], [74.8804092, 34.3717607], [74.8809671, 34.3720087], [74.8828554, 34.372115], [74.8853874, 34.372664], [74.8885846, 34.37401], [74.8898935, 34.3746476], [74.8920822, 34.3749487], [74.8933482, 34.3757279], [74.8943138, 34.3774104], [74.8978543, 34.3820325], [74.9004078, 34.3868314], [74.9006009, 34.3894699], [74.9031973, 34.3908333], [74.9044204, 34.391453], [74.9066734, 34.3932414], [74.9076819, 34.3946579], [74.90839, 34.3960744], [74.9086904, 34.3976325], [74.909141, 34.3996863], [74.9093985, 34.4009788], [74.9087333, 34.4011381], [74.906373, 34.4020056], [74.9048066, 34.4025545], [74.9036693, 34.4030148], [74.9018883, 34.4037938], [74.9005151, 34.4041833], [74.898541, 34.4046259], [74.8972106, 34.4051216], [74.8967385, 34.4057235], [74.8961592, 34.4069274], [74.8955154, 34.4081843], [74.8945069, 34.4092996], [74.8931122, 34.4107159], [74.891417, 34.4142386], [74.8909879, 34.4164159], [74.8910093, 34.4192658], [74.8910737, 34.4214961], [74.891696, 34.4239388], [74.8901295, 34.4302574], [74.8908162, 34.4327175], [74.8911595, 34.4336909], [74.8925328, 34.4352306], [74.8950648, 34.4370711], [74.8964166, 34.4389116], [74.8978328, 34.440929], [74.8993349, 34.4423801], [74.8993134, 34.4440789], [74.8995709, 34.4459369], [74.8993778, 34.4472286], [74.8995495, 34.4481665], [74.899764, 34.4486973], [74.9003863, 34.449122], [74.9022317, 34.4498298], [74.9049997, 34.4509091], [74.907124, 34.45167], [74.909184, 34.4529616], [74.9125957, 34.4545718], [74.9136472, 34.4553856], [74.9147844, 34.4561111], [74.9159431, 34.4564826], [74.9179172, 34.456748], [74.919827, 34.4568719], [74.9219084, 34.4570665], [74.9239683, 34.4566419], [74.9255991, 34.4561642], [74.9273371, 34.4572611], [74.9283671, 34.4577211], [74.9293113, 34.4582696], [74.9305129, 34.4589419], [74.9309635, 34.459915], [74.9310708, 34.461295], [74.9317574, 34.4614365], [74.9333453, 34.4614542], [74.9349975, 34.4614719], [74.9375939, 34.4612773], [74.9386883, 34.4632942], [74.940083, 34.4637542], [74.9419713, 34.4636834], [74.9389457, 34.4674339], [74.9365854, 34.4711843], [74.9305772, 34.4765618], [74.926629, 34.4846983], [74.9213075, 34.4921973], [74.918518, 34.4965124], [74.9100637, 34.5044701], [74.9040985, 34.5101638], [74.9002361, 34.5139476], [74.8856449, 34.5251211], [74.8786497, 34.5289043], [74.8701095, 34.5324044], [74.8545742, 34.5387325], [74.8423004, 34.5429038], [74.8360776, 34.5457671], [74.8195982, 34.552483], [74.8093843, 34.5573605], [74.7960805, 34.5677508], [74.7923898, 34.5683869], [74.7884416, 34.5685989], [74.7850942, 34.5693057], [74.783163, 34.5702245], [74.7810602, 34.571744], [74.7808456, 34.5725921], [74.7811889, 34.5758076], [74.7797298, 34.5794118], [74.7794294, 34.5873262], [74.7786998, 34.5928729], [74.779644, 34.6030822], [74.7808456, 34.6145969], [74.7827768, 34.6309833], [74.7841501, 34.6420352], [74.7870254, 34.6494141], [74.7884416, 34.6538623], [74.7842359, 34.6597223], [74.7758674, 34.661805], [74.7713184, 34.6623344], [74.7682714, 34.6629345], [74.7624777, 34.6690763], [74.7636011, 34.6782863], [74.7488798, 34.6794448], [74.7458947, 34.679569], [74.7383089, 34.6802058], [74.7361082, 34.6818151], [74.7341584, 34.6830544], [74.7336991, 34.6831436], [74.7327176, 34.6830293], [74.7305659, 34.6811952], [74.7239828, 34.6695351], [74.7178459, 34.6626874], [74.7138118, 34.6577102], [74.7113657, 34.6548861], [74.7094774, 34.6495907], [74.7110223, 34.6411526], [74.7140264, 34.6383985], [74.7164297, 34.6371274], [74.7169447, 34.6335611], [74.7154855, 34.632078], [74.7131252, 34.6321486], [74.7119236, 34.6328195], [74.7087049, 34.6347263], [74.7057437, 34.6358562], [74.7023534, 34.6342673], [74.6987915, 34.6309127], [74.6936845, 34.6235322], [74.69244, 34.6217664], [74.6909809, 34.6202831], [74.6890068, 34.6202478], [74.6872901, 34.6209188], [74.685359, 34.621272], [74.6811103, 34.6177756], [74.674201, 34.60997], [74.6741151, 34.6067558], [74.6753168, 34.6045657], [74.6749734, 34.6025523], [74.6730852, 34.6000089], [74.6695232, 34.599691], [74.6659612, 34.5991964], [74.6634292, 34.5981367], [74.6616268, 34.594816], [74.6584081, 34.592237], [74.6575069, 34.5940034], [74.6569919, 34.598172], [74.6569919, 34.6011393], [74.6516275, 34.6015985], [74.6502113, 34.5985252], [74.6493101, 34.5970062], [74.6480655, 34.5935442], [74.6480655, 34.5901173], [74.6474647, 34.586019], [74.6466064, 34.5826978], [74.641757, 34.5820971], [74.63768, 34.584747], [74.6337318, 34.5867609], [74.6337747, 34.5942154], [74.633646, 34.5973595], [74.6319294, 34.5998323], [74.6244192, 34.6033294], [74.6164798, 34.6101819], [74.6139049, 34.6202478], [74.6090984, 34.6271342], [74.6050214, 34.6362093], [74.6022319, 34.6447539], [74.6009874, 34.650332], [74.599657, 34.6528033], [74.5983696, 34.6559804], [74.5972967, 34.6586633], [74.5933485, 34.6611343], [74.5886707, 34.6626521], [74.5832204, 34.6631463], [74.5801305, 34.6618403], [74.5751953, 34.6625109], [74.5735645, 34.659687], [74.5729637, 34.6544625], [74.57129, 34.6508616], [74.5701313, 34.647896], [74.5682859, 34.6441537], [74.5627498, 34.6353972], [74.5574283, 34.6316896], [74.5552396, 34.6296768], [74.5536518, 34.6286174], [74.5516347, 34.6270636], [74.5481586, 34.6211307], [74.5473432, 34.6171399], [74.5458412, 34.6088044], [74.5451974, 34.6013513], [74.54391, 34.5988432], [74.5437383, 34.5948513], [74.5460128, 34.585489], [74.5494031, 34.5805778], [74.5512485, 34.5787051], [74.5521926, 34.5757016], [74.552021, 34.569447], [74.5513343, 34.5637574], [74.5495319, 34.5586328], [74.5469999, 34.5535787], [74.5390176, 34.5472517], [74.5357132, 34.5439289], [74.5295333, 34.5405707], [74.5254564, 34.5385204], [74.5217228, 34.5372831], [74.5173025, 34.5360811], [74.5136976, 34.5353387], [74.5104789, 34.5347377], [74.5073032, 34.5323337], [74.5064878, 34.5298942], [74.5042991, 34.5267122], [74.5033121, 34.523919], [74.5021104, 34.5220804], [74.4990634, 34.5206307], [74.4966173, 34.5198174], [74.4912099, 34.5193931], [74.485073, 34.5173776], [74.4797086, 34.5143012], [74.479537, 34.512038], [74.4793224, 34.5098809], [74.4795799, 34.507264], [74.4806957, 34.5052128], [74.4827556, 34.5028786], [74.485116, 34.500792], [74.4830989, 34.4984931], [74.4803524, 34.4943903], [74.4780778, 34.4892614], [74.4768333, 34.4862194], [74.4707822, 34.4821513], [74.468851, 34.4809839], [74.4670486, 34.4804533], [74.4656753, 34.4809839], [74.4641733, 34.4821867], [74.4630146, 34.4839554], [74.4611263, 34.485335], [74.4591522, 34.4867146], [74.4574356, 34.4878112], [74.456191, 34.4882179], [74.4542169, 34.4886247], [74.4504404, 34.4879527], [74.4479513, 34.4866085], [74.447565, 34.4828234], [74.4481659, 34.479958], [74.4492387, 34.4773402], [74.451642, 34.4749345], [74.4524574, 34.4724226], [74.4531011, 34.4712197], [74.4544315, 34.4701583], [74.4570493, 34.4689553], [74.4605255, 34.4679646], [74.4636154, 34.4666201], [74.4640445, 34.4637188], [74.4600534, 34.4615604], [74.4557619, 34.4604281], [74.4510841, 34.4580927], [74.4462776, 34.452537], [74.4460589, 34.4519107], [74.4440626, 34.446194], [74.4439172, 34.4457777], [74.4415998, 34.4391593], [74.4400977, 34.4343811], [74.4364071, 34.4317264]]]]}}, {"type": "Feature", "properties": {"tehsil": "Sonawari", "district": "Bandipore"}, "geometry": {"type": "MultiPolygon", "coordinates": [[[[74.5354574, 34.4084345], [74.5365929, 34.407848], [74.5393181, 34.4056527], [74.541893, 34.4028023], [74.542408, 34.399704], [74.5424723, 34.3978627], [74.5430088, 34.3970836], [74.5442533, 34.3961275], [74.5453262, 34.3949412], [74.5457124, 34.3931883], [74.5453262, 34.3912051], [74.5434809, 34.3871502], [74.5408416, 34.379199], [74.5386743, 34.3750549], [74.5362282, 34.3713357], [74.5351982, 34.3677934], [74.5341682, 34.3632413], [74.5353055, 34.3596101], [74.5365071, 34.354597], [74.5363569, 34.353109], [74.5354986, 34.3508237], [74.5316577, 34.3470148], [74.5298552, 34.3436133], [74.5270228, 34.33704], [74.5259714, 34.332947], [74.5245766, 34.3291904], [74.5242548, 34.327064], [74.5237398, 34.3209325], [74.5244264, 34.3145879], [74.5243621, 34.3088631], [74.5238685, 34.3072502], [74.5223236, 34.305655], [74.516766, 34.2999474], [74.5166373, 34.2985293], [74.5174527, 34.2965616], [74.5188904, 34.2943989], [74.5199847, 34.2929984], [74.5209932, 34.2914916], [74.5216155, 34.2911902], [74.5228815, 34.2910306], [74.52389, 34.2902861], [74.5241046, 34.2891337], [74.5241904, 34.2875204], [74.5248985, 34.2861907], [74.5258212, 34.2839214], [74.5272803, 34.2807477], [74.5291257, 34.2772371], [74.5296836, 34.2745597], [74.5290184, 34.2729106], [74.5293402, 34.2715453], [74.5296192, 34.2707473], [74.5302415, 34.2704104], [74.5312714, 34.2701444], [74.5325589, 34.269843], [74.5334816, 34.2691337], [74.5346617, 34.2667929], [74.5357775, 34.2645762], [74.5393395, 34.2587771], [74.5419144, 34.2548931], [74.544146, 34.2515233], [74.5478153, 34.2481178], [74.5497465, 34.2457588], [74.5511627, 34.2427965], [74.5528364, 34.2388231], [74.5543813, 34.2364815], [74.5558405, 34.2341753], [74.5567632, 34.2325255], [74.5568275, 34.2305385], [74.5562911, 34.2277], [74.5557761, 34.2265822], [74.5552182, 34.2254113], [74.5544243, 34.2238677], [74.5538234, 34.222679], [74.5541453, 34.2223596], [74.5548105, 34.2223419], [74.5559907, 34.2224483], [74.5569563, 34.2225725], [74.5583939, 34.2228387], [74.5599818, 34.2232645], [74.5626211, 34.2241516], [74.56496, 34.2249855], [74.5668053, 34.2256774], [74.5679855, 34.225979], [74.5685005, 34.2264403], [74.5691013, 34.2273806], [74.5691442, 34.2283209], [74.5691871, 34.2293499], [74.5695305, 34.2303611], [74.5702171, 34.2313369], [74.5709681, 34.2322771], [74.5714402, 34.2334302], [74.5714402, 34.2342285], [74.5709681, 34.2349381], [74.5707321, 34.2355413], [74.570775, 34.2361267], [74.5717835, 34.2364283], [74.5739507, 34.236446], [74.5756674, 34.2365879], [74.5775342, 34.2367476], [74.5792079, 34.2363396], [74.5797014, 34.2351865], [74.580903, 34.2346898], [74.5853233, 34.2348849], [74.5865679, 34.2345301], [74.5874905, 34.2344592], [74.5900655, 34.2349381], [74.5933056, 34.235151], [74.5940566, 34.2332174], [74.5943784, 34.2327384], [74.595108, 34.2321352], [74.5959234, 34.2312836], [74.596653, 34.2304853], [74.5963955, 34.2288886], [74.5948076, 34.2262984], [74.5939708, 34.2248081], [74.5933914, 34.2238855], [74.5927477, 34.2229096], [74.5920181, 34.2223241], [74.5905804, 34.2214193], [74.5871258, 34.2204079], [74.5841431, 34.2173384], [74.5774054, 34.2115537], [74.574852, 34.2091937], [74.572277, 34.2067093], [74.5703673, 34.2037989], [74.568994, 34.2012789], [74.5688009, 34.1969308], [74.5688867, 34.1957772], [74.5694017, 34.1946413], [74.5701527, 34.1930971], [74.5710754, 34.1915885], [74.571805, 34.190488], [74.5724273, 34.1893166], [74.5731354, 34.1883581], [74.5739507, 34.1878434], [74.5756888, 34.1891923], [74.577105, 34.1903461], [74.5787358, 34.191198], [74.5803237, 34.1914997], [74.5816111, 34.190772], [74.5845938, 34.1898846], [74.5897436, 34.1896361], [74.5906019, 34.191127], [74.5929622, 34.192192], [74.596889, 34.1932746], [74.602468, 34.1947478], [74.6101713, 34.194588], [74.6223163, 34.1947478], [74.6283674, 34.1955287], [74.6298051, 34.1956352], [74.6311784, 34.1957949], [74.6325516, 34.1958836], [74.6339464, 34.1960434], [74.6360707, 34.1961676], [74.6373582, 34.1961676], [74.6390962, 34.1960611], [74.6403837, 34.1954044], [74.641478, 34.1947655], [74.6421218, 34.1936828], [74.6423578, 34.1912513], [74.6422076, 34.1902396], [74.6420574, 34.1897958], [74.6409416, 34.1894941], [74.640255, 34.1895118], [74.6387529, 34.1898136], [74.6378732, 34.1899378], [74.6364999, 34.1896361], [74.6353197, 34.1883404], [74.6345258, 34.1867784], [74.6350193, 34.1855004], [74.635899, 34.1840271], [74.6368003, 34.1822165], [74.6371007, 34.1799799], [74.6373796, 34.1782579], [74.6376586, 34.1764295], [74.6486449, 34.1762697], [74.6487951, 34.1769088], [74.648838, 34.1780982], [74.6487093, 34.1787905], [74.6484947, 34.1791988], [74.6489882, 34.1797313], [74.6494603, 34.1802994], [74.6503186, 34.1809207], [74.6518421, 34.1810272], [74.653312, 34.1811514], [74.6558654, 34.1819147], [74.6579575, 34.1830597], [74.6595025, 34.1848613], [74.6603501, 34.1854116], [74.6605754, 34.1855625], [74.6610904, 34.1857489], [74.6618414, 34.1858199], [74.6626031, 34.1857844], [74.6638584, 34.1854915], [74.6646845, 34.1850122], [74.6656287, 34.1838939], [74.6665192, 34.182678], [74.6675706, 34.1816485], [74.6690619, 34.1805745], [74.6702635, 34.1797757], [74.6709931, 34.1789148], [74.6724415, 34.1776899], [74.6753651, 34.1761454], [74.6779132, 34.1749915], [74.6790504, 34.1747075], [74.6812552, 34.175604], [74.6885562, 34.1782757], [74.6960878, 34.182749], [74.7035765, 34.1851099], [74.7011518, 34.1883226], [74.7000146, 34.1897781], [74.698019, 34.191766], [74.6970749, 34.1931681], [74.6958518, 34.1935941], [74.694221, 34.1940378], [74.6921396, 34.194943], [74.6883201, 34.1972147], [74.6864748, 34.1983506], [74.6845436, 34.1999479], [74.6828913, 34.2017935], [74.6813464, 34.2035682], [74.6788788, 34.2061947], [74.6768403, 34.2085016], [74.6761107, 34.2099567], [74.6747374, 34.2115005], [74.6739864, 34.2126184], [74.6734285, 34.2138251], [74.6738791, 34.2141622], [74.6746301, 34.2148365], [74.6726131, 34.2173916], [74.6698236, 34.2215257], [74.6692014, 34.2227855], [74.6684074, 34.2244887], [74.6677208, 34.225571], [74.6665191, 34.2256774], [74.6660256, 34.2247548], [74.6659612, 34.2237968], [74.6649527, 34.2231048], [74.6634507, 34.2236726], [74.6610045, 34.2246839], [74.6598029, 34.2256242], [74.6588373, 34.2268306], [74.6593737, 34.2278951], [74.6609616, 34.2281967], [74.6607256, 34.2294209], [74.6595669, 34.2330222], [74.6587944, 34.2344769], [74.6576357, 34.2363041], [74.6569919, 34.2368363], [74.655683, 34.2374039], [74.6548247, 34.2385925], [74.6540093, 34.2406857], [74.6535802, 34.2420338], [74.6531296, 34.2440559], [74.6528935, 34.2459007], [74.6531939, 34.24716], [74.6543741, 34.2476921], [74.6555543, 34.2482597], [74.6567344, 34.248579], [74.6585583, 34.2491111], [74.6602964, 34.2497496], [74.6610689, 34.2504059], [74.6613049, 34.2514346], [74.6618628, 34.2526761], [74.6612191, 34.2547867], [74.6603608, 34.2566489], [74.6593094, 34.2576776], [74.6594381, 34.2587417], [74.6598673, 34.2602491], [74.6570778, 34.2608521], [74.6560478, 34.2612245], [74.654696, 34.262058], [74.6537733, 34.2632285], [74.6523142, 34.2635122], [74.6506834, 34.2635122], [74.6496749, 34.2633881], [74.6478295, 34.2632462], [74.6471643, 34.2640797], [74.6463918, 34.2651082], [74.6456623, 34.2661368], [74.6447396, 34.2673072], [74.6445036, 34.2682115], [74.6445679, 34.2695238], [74.6454048, 34.2756236], [74.6451902, 34.279152], [74.6462202, 34.2814038], [74.6471214, 34.2808364], [74.6479368, 34.2797194], [74.6488595, 34.2782477], [74.6507907, 34.2762264], [74.6519494, 34.2749852], [74.6530008, 34.2739568], [74.653902, 34.2738859], [74.6553826, 34.2737086], [74.656713, 34.2739213], [74.6737031, 34.2749639], [74.6721454, 34.2764924], [74.672802, 34.2769144], [74.6738648, 34.2777065], [74.6738905, 34.2785759], [74.6758966, 34.2813892], [74.6830463, 34.2840416], [74.6846165, 34.2843298], [74.6802994, 34.2916604], [74.6753331, 34.2949729], [74.6745894, 34.2971081], [74.6773526, 34.2993006], [74.6856808, 34.3061122], [74.6838227, 34.3141731], [74.7060483, 34.3250528], [74.6956725, 34.3343846], [74.698403, 34.3371345], [74.6903516, 34.3411736], [74.6763725, 34.3461361], [74.6757829, 34.3536035], [74.6804727, 34.3578762], [74.6815824, 34.359681], [74.6857667, 34.3621077], [74.6873974, 34.3651366], [74.6955514, 34.3742933], [74.6927833, 34.3834138], [74.6804265, 34.3907719], [74.6720338, 34.3901251], [74.664545, 34.3908687], [74.6537839, 34.3893919], [74.6456623, 34.392604], [74.639976, 34.3944809], [74.6354699, 34.3955964], [74.6342468, 34.3976679], [74.6304702, 34.3995978], [74.6282172, 34.4012975], [74.6264362, 34.4035282], [74.6241617, 34.4051393], [74.6214795, 34.4057236], [74.6182608, 34.406715], [74.6157932, 34.4066973], [74.6128749, 34.4072462], [74.6121281, 34.4074435], [74.6105145, 34.4077418], [74.6101068, 34.4079189], [74.6087851, 34.4081198], [74.6078643, 34.408086], [74.6071812, 34.4081913], [74.6062774, 34.4082641], [74.605766, 34.4084647], [74.6050798, 34.4085424], [74.5994602, 34.4106279], [74.581347, 34.410786], [74.5857585, 34.4298267], [74.58664, 34.4381327], [74.5833778, 34.4418208], [74.5817375, 34.4426873], [74.5746438, 34.4433747], [74.5727587, 34.4434497], [74.5718307, 34.4425111], [74.5714774, 34.4423662], [74.5687212, 34.4425235], [74.5688438, 34.4454946], [74.566183, 34.4440789], [74.5636939, 34.4413891], [74.5612907, 34.4399734], [74.5563983, 34.4345227], [74.5515918, 34.4287885], [74.5495319, 34.426877], [74.5465278, 34.4255318], [74.544382, 34.4239034], [74.5424079, 34.4223458], [74.5412921, 34.4197969], [74.5405196, 34.4181684], [74.5379447, 34.4144157], [74.5374297, 34.4122914], [74.5354574, 34.4084345]]]]}}, {"type": "Feature", "properties": {"tehsil": "Lar", "district": "Ganderbal"}, "geometry": {"type": "MultiPolygon", "coordinates": [[[[74.6757829, 34.3536035], [74.6763725, 34.3461361], [74.6903516, 34.3411736], [74.698403, 34.3371345], [74.6956725, 34.3343846], [74.7060483, 34.3250528], [74.6838227, 34.3141731], [74.6856808, 34.3061122], [74.6773526, 34.2993006], [74.6745894, 34.2971081], [74.6753331, 34.2949729], [74.6802994, 34.2916604], [74.6846165, 34.2843298], [74.6830463, 34.2840416], [74.6758966, 34.2813892], [74.6738905, 34.2785759], [74.6738648, 34.2777065], [74.672802, 34.2769144], [74.6721454, 34.2764924], [74.6737031, 34.2749639], [74.656713, 34.2739213], [74.6553826, 34.2737086], [74.653902, 34.2738859], [74.6530008, 34.2739568], [74.6519494, 34.2749852], [74.6507907, 34.2762264], [74.6488595, 34.2782477], [74.6479368, 34.2797194], [74.6471214, 34.2808364], [74.6462202, 34.2814038], [74.6451902, 34.279152], [74.6454048, 34.2756236], [74.6445679, 34.2695238], [74.6445036, 34.2682115], [74.6447396, 34.2673072], [74.6456623, 34.2661368], [74.6463918, 34.2651082], [74.6471643, 34.2640797], [74.6478295, 34.2632462], [74.6496749, 34.2633881], [74.6506834, 34.2635122], [74.6523142, 34.2635122], [74.6537733, 34.2632285], [74.654696, 34.262058], [74.6560478, 34.2612245], [74.6570778, 34.2608521], [74.6598673, 34.2602491], [74.6594381, 34.2587417], [74.6593094, 34.2576776], [74.6603608, 34.2566489], [74.6612191, 34.2547867], [74.6618628, 34.2526761], [74.6613049, 34.2514346], [74.6610689, 34.2504059], [74.6602964, 34.2497496], [74.6585583, 34.2491111], [74.6567344, 34.248579], [74.6555543, 34.2482597], [74.6543741, 34.2476921], [74.6531939, 34.24716], [74.6528935, 34.2459007], [74.6531296, 34.2440559], [74.6535802, 34.2420338], [74.6540093, 34.2406857], [74.6548247, 34.2385925], [74.655683, 34.2374039], [74.6569919, 34.2368363], [74.6576357, 34.2363041], [74.6587944, 34.2344769], [74.6595669, 34.2330222], [74.6607256, 34.2294209], [74.6609616, 34.2281967], [74.6593737, 34.2278951], [74.6588373, 34.2268306], [74.6598029, 34.2256242], [74.6610045, 34.2246839], [74.6634507, 34.2236726], [74.6649527, 34.2231048], [74.6659612, 34.2237968], [74.6660256, 34.2247548], [74.6665191, 34.2256774], [74.6677208, 34.225571], [74.6684074, 34.2244887], [74.6692014, 34.2227855], [74.6698236, 34.2215257], [74.6726131, 34.2173916], [74.6746301, 34.2148365], [74.6738791, 34.2141622], [74.6734285, 34.2138251], [74.6739864, 34.2126184], [74.6747374, 34.2115005], [74.6761107, 34.2099567], [74.6768403, 34.2085016], [74.6788788, 34.2061947], [74.6813464, 34.2035682], [74.6828913, 34.2017935], [74.6845436, 34.1999479], [74.6864748, 34.1983506], [74.6883201, 34.1972147], [74.6921396, 34.194943], [74.694221, 34.1940378], [74.6958518, 34.1935941], [74.6970749, 34.1931681], [74.698019, 34.191766], [74.7000146, 34.1897781], [74.7011518, 34.1883226], [74.7035765, 34.1851099], [74.7045421, 34.1843466], [74.7057652, 34.1829265], [74.7077822, 34.1793763], [74.7104859, 34.1772993], [74.7113442, 34.1761455], [74.7131252, 34.1717428], [74.7141337, 34.1700385], [74.7162366, 34.1689555], [74.7183823, 34.1685827], [74.7197127, 34.1679435], [74.7199051, 34.1677175], [74.7210216, 34.1683696], [74.7226953, 34.1690443], [74.7241115, 34.1697011], [74.7244978, 34.1707664], [74.7238755, 34.1719203], [74.7229743, 34.1731275], [74.7215366, 34.1747608], [74.7189188, 34.1778497], [74.717524, 34.1808319], [74.715743, 34.1833171], [74.7149062, 34.1848259], [74.7153997, 34.1855004], [74.716258, 34.1852519], [74.716773, 34.1844353], [74.7175455, 34.1834946], [74.7189402, 34.1827135], [74.720335, 34.1819147], [74.7227812, 34.1820035], [74.7247124, 34.1828023], [74.7266435, 34.1850566], [74.7270942, 34.1873464], [74.7293257, 34.1881274], [74.736321, 34.1911803], [74.7377372, 34.192263], [74.7414279, 34.194588], [74.7458696, 34.1963451], [74.7458911, 34.2011369], [74.7450971, 34.2102229], [74.7452044, 34.2128314], [74.7455907, 34.2134879], [74.7468138, 34.2144284], [74.7487449, 34.2153865], [74.7524357, 34.2139493], [74.7576284, 34.2133105], [74.7600102, 34.2128846], [74.7610402, 34.2129023], [74.7632074, 34.2102939], [74.7648167, 34.2086613], [74.7665119, 34.2067803], [74.7681212, 34.2053606], [74.7693658, 34.2038344], [74.7701597, 34.2019355], [74.7717476, 34.2010837], [74.7734213, 34.200782], [74.775052, 34.2009949], [74.7746658, 34.202255], [74.7755241, 34.2030003], [74.7779488, 34.2039764], [74.7795152, 34.2041538], [74.7829699, 34.2039409], [74.7868967, 34.2042248], [74.7881841, 34.2049347], [74.7903728, 34.2059462], [74.7915101, 34.206869], [74.7920036, 34.2099035], [74.7923469, 34.2114295], [74.7921109, 34.2133282], [74.790523, 34.2158834], [74.7893214, 34.2182788], [74.789257, 34.2211886], [74.7907805, 34.2272387], [74.7906089, 34.232419], [74.7910166, 34.2340511], [74.7923255, 34.2351688], [74.7932482, 34.2360735], [74.7932482, 34.2379893], [74.7932911, 34.2404551], [74.7929477, 34.2415726], [74.7935056, 34.2427078], [74.7954154, 34.2436125], [74.7956943, 34.2437189], [74.7968745, 34.244322], [74.7976684, 34.2455104], [74.7982478, 34.2469649], [74.7987199, 34.2476389], [74.7997284, 34.2486854], [74.8005438, 34.2494126], [74.8020243, 34.2498915], [74.8035693, 34.2501576], [74.8053288, 34.251204], [74.807496, 34.2526229], [74.8106074, 34.2558331], [74.8134184, 34.2579791], [74.8177314, 34.2606038], [74.8214006, 34.2619694], [74.8225164, 34.2623595], [74.8243618, 34.2629093], [74.8251772, 34.2634945], [74.8257565, 34.2650373], [74.8261213, 34.2666156], [74.8273229, 34.2677505], [74.8304987, 34.2694528], [74.8334384, 34.2711285], [74.8342109, 34.272095], [74.8324513, 34.2729638], [74.8296189, 34.2760491], [74.8272371, 34.2795953], [74.8238468, 34.2829994], [74.8198342, 34.285783], [74.8165941, 34.2875381], [74.8159504, 34.2910661], [74.8149848, 34.2963666], [74.8129892, 34.3012414], [74.8119163, 34.3037761], [74.8107147, 34.3047865], [74.809277, 34.3053182], [74.8073458, 34.3063285], [74.8058867, 34.3071793], [74.8036337, 34.3086682], [74.8011446, 34.3099443], [74.7975182, 34.3112382], [74.7952652, 34.3121421], [74.7933125, 34.3126206], [74.7899222, 34.3128333], [74.7865963, 34.3133295], [74.7838497, 34.3154031], [74.7809529, 34.3194084], [74.7787428, 34.3223502], [74.7749609, 34.325385], [74.7746229, 34.3248312], [74.7737217, 34.3236262], [74.772799, 34.3234844], [74.7718334, 34.3234312], [74.7692585, 34.3234667], [74.7692585, 34.3207553], [74.7683143, 34.3171577], [74.7675419, 34.3151019], [74.7663188, 34.314198], [74.764924, 34.3137017], [74.7630358, 34.3139144], [74.7596884, 34.3149246], [74.7540664, 34.3165729], [74.7524357, 34.3160589], [74.7510409, 34.3155095], [74.7475219, 34.3140916], [74.7452259, 34.3142866], [74.7440672, 34.3147651], [74.7429085, 34.3154031], [74.742651, 34.3162007], [74.7422004, 34.3192667], [74.7415566, 34.3221199], [74.740591, 34.3238034], [74.739604, 34.3245299], [74.739089, 34.3257881], [74.7388744, 34.3268159], [74.736793, 34.3322028], [74.7339177, 34.3354099], [74.7312999, 34.3372704], [74.7281241, 34.3396269], [74.7236395, 34.3426743], [74.7195411, 34.3456684], [74.7161507, 34.3474046], [74.7150564, 34.3478121], [74.7137475, 34.3483081], [74.7097349, 34.3479892], [74.708662, 34.3481132], [74.7071171, 34.3484676], [74.705379, 34.3486801], [74.7038984, 34.3492471], [74.7019887, 34.3501328], [74.700315, 34.3502568], [74.6996712, 34.3503631], [74.6978688, 34.351178], [74.695723, 34.352613], [74.6943927, 34.3531976], [74.6920323, 34.3535696], [74.6895861, 34.353109], [74.6882129, 34.3525775], [74.6869254, 34.3516209], [74.6860027, 34.3510363], [74.6845865, 34.3506289], [74.6826553, 34.3504517], [74.6816683, 34.3505934], [74.6760295, 34.3536775], [74.6757829, 34.3536035]]]]}}, {"type": "Feature", "properties": {"tehsil": "Ganderbal", "district": "Ganderbal"}, "geometry": {"type": "MultiPolygon", "coordinates": [[[[74.7199051, 34.1677175], [74.7203779, 34.1671623], [74.7215581, 34.1650851], [74.7225451, 34.1641441], [74.7235751, 34.1634516], [74.7241545, 34.164002], [74.7247767, 34.1651028], [74.7254419, 34.1667362], [74.7258496, 34.1680145], [74.7263217, 34.1694171], [74.7266221, 34.1702693], [74.7270727, 34.170429], [74.7284245, 34.1704468], [74.7291326, 34.1705001], [74.7296047, 34.1697544], [74.7334027, 34.1654757], [74.7359776, 34.1618714], [74.7379946, 34.1593147], [74.7399688, 34.1572727], [74.7453975, 34.1526382], [74.7463202, 34.1518036], [74.7468352, 34.1496905], [74.7500109, 34.1457837], [74.7525644, 34.1421786], [74.75456, 34.1396922], [74.7549891, 34.1386444], [74.756298, 34.1342042], [74.7575211, 34.1314512], [74.7590232, 34.1281653], [74.7630787, 34.1231028], [74.7657609, 34.1199587], [74.7684645, 34.1173295], [74.7696447, 34.1160327], [74.7703528, 34.115784], [74.7711253, 34.1161926], [74.772048, 34.1165479], [74.7731852, 34.1166012], [74.7741294, 34.1163347], [74.775095, 34.1156241], [74.7759962, 34.1150734], [74.7768545, 34.1149313], [74.7787428, 34.1143806], [74.7805881, 34.1140075], [74.7828626, 34.113741], [74.7841501, 34.1129593], [74.7859096, 34.1125507], [74.7867679, 34.114043], [74.7884202, 34.1155708], [74.7888279, 34.1166367], [74.7887635, 34.1176138], [74.7889308, 34.1181432], [74.7890854, 34.1193192], [74.7889566, 34.1199587], [74.7878365, 34.1481065], [74.7902769, 34.160777], [74.8019422, 34.1940219], [74.8046081, 34.1961326], [74.8075315, 34.1974125], [74.8113192, 34.1964322], [74.8141697, 34.1942414], [74.8190694, 34.189215], [74.822116, 34.1880304], [74.826972, 34.185757], [74.8334816, 34.1818356], [74.8376172, 34.1813192], [74.8406299, 34.1817898], [74.8418505, 34.1823206], [74.8427881, 34.1833834], [74.8435318, 34.1859769], [74.8445569, 34.1887439], [74.8468306, 34.1932631], [74.8482662, 34.1949305], [74.8483068, 34.198288], [74.8489841, 34.200588], [74.8506643, 34.2037164], [74.8523467, 34.2060243], [74.8567842, 34.2102716], [74.8571346, 34.2105344], [74.8586395, 34.212114], [74.8601861, 34.214169], [74.8627068, 34.219272], [74.8648261, 34.2234049], [74.8656083, 34.2250191], [74.8659769, 34.2266603], [74.8656703, 34.2279518], [74.8654694, 34.2283497], [74.858737, 34.2339979], [74.8580718, 34.2390537], [74.8563766, 34.2444639], [74.8550248, 34.2494836], [74.855175, 34.2560637], [74.8555183, 34.2633881], [74.8548531, 34.267449], [74.8543811, 34.2693819], [74.8508405, 34.2714743], [74.847579, 34.2723964], [74.8424077, 34.2729638], [74.8380518, 34.2718644], [74.8348975, 34.2718644], [74.8342109, 34.272095], [74.8334384, 34.2711285], [74.8304987, 34.2694528], [74.8273229, 34.2677505], [74.8261213, 34.2666156], [74.8257565, 34.2650373], [74.8251772, 34.2634945], [74.8243618, 34.2629093], [74.8225164, 34.2623595], [74.8214006, 34.2619694], [74.8177314, 34.2606038], [74.8134184, 34.2579791], [74.8106074, 34.2558331], [74.807496, 34.2526229], [74.8053288, 34.251204], [74.8035693, 34.2501576], [74.8020243, 34.2498915], [74.8005438, 34.2494126], [74.7997284, 34.2486854], [74.7987199, 34.2476389], [74.7982478, 34.2469649], [74.7976684, 34.2455104], [74.7968745, 34.244322], [74.7956943, 34.2437189], [74.7954154, 34.2436125], [74.7935056, 34.2427078], [74.7929477, 34.2415726], [74.7932911, 34.2404551], [74.7932482, 34.2379893], [74.7932482, 34.2360735], [74.7923255, 34.2351688], [74.7910166, 34.2340511], [74.7906089, 34.232419], [74.7907805, 34.2272387], [74.789257, 34.2211886], [74.7893214, 34.2182788], [74.790523, 34.2158834], [74.7921109, 34.2133282], [74.7923469, 34.2114295], [74.7920036, 34.2099035], [74.7915101, 34.206869], [74.7903728, 34.2059462], [74.7881841, 34.2049347], [74.7868967, 34.2042248], [74.7829699, 34.2039409], [74.7795152, 34.2041538], [74.7779488, 34.2039764], [74.7755241, 34.2030003], [74.7746658, 34.202255], [74.775052, 34.2009949], [74.7734213, 34.200782], [74.7717476, 34.2010837], [74.7701597, 34.2019355], [74.7693658, 34.2038344], [74.7681212, 34.2053606], [74.7665119, 34.2067803], [74.7648167, 34.2086613], [74.7632074, 34.2102939], [74.7610402, 34.2129023], [74.7600102, 34.2128846], [74.7576284, 34.2133105], [74.7524357, 34.2139493], [74.7487449, 34.2153865], [74.7468138, 34.2144284], [74.7455907, 34.2134879], [74.7452044, 34.2128314], [74.7450971, 34.2102229], [74.7458911, 34.2011369], [74.7458696, 34.1963451], [74.7414279, 34.194588], [74.7377372, 34.192263], [74.736321, 34.1911803], [74.7293257, 34.1881274], [74.7270942, 34.1873464], [74.7266435, 34.1850566], [74.7247124, 34.1828023], [74.7227812, 34.1820035], [74.720335, 34.1819147], [74.7189402, 34.1827135], [74.7175455, 34.1834946], [74.716773, 34.1844353], [74.716258, 34.1852519], [74.7153997, 34.1855004], [74.7149062, 34.1848259], [74.715743, 34.1833171], [74.717524, 34.1808319], [74.7189188, 34.1778497], [74.7215366, 34.1747608], [74.7229743, 34.1731275], [74.7238755, 34.1719203], [74.7244978, 34.1707664], [74.7241115, 34.1697011], [74.7226953, 34.1690443], [74.7210216, 34.1683696], [74.7199051, 34.1677175]]]]}}, {"type": "Feature", "properties": {"tehsil": "Kangan", "district": "Ganderbal"}, "geometry": {"type": "MultiPolygon", "coordinates": [[[[74.7749609, 34.325385], [74.7787428, 34.3223502], [74.7809529, 34.3194084], [74.7838497, 34.3154031], [74.7865963, 34.3133295], [74.7899222, 34.3128333], [74.7933125, 34.3126206], [74.7952652, 34.3121421], [74.7975182, 34.3112382], [74.8011446, 34.3099443], [74.8036337, 34.3086682], [74.8058867, 34.3071793], [74.8073458, 34.3063285], [74.809277, 34.3053182], [74.8107147, 34.3047865], [74.8119163, 34.3037761], [74.8129892, 34.3012414], [74.8149848, 34.2963666], [74.8159504, 34.2910661], [74.8165941, 34.2875381], [74.8198342, 34.285783], [74.8238468, 34.2829994], [74.8272371, 34.2795953], [74.8296189, 34.2760491], [74.8324513, 34.2729638], [74.8342109, 34.272095], [74.8348975, 34.2718644], [74.8380518, 34.2718644], [74.8424077, 34.2729638], [74.847579, 34.2723964], [74.8508405, 34.2714743], [74.8543811, 34.2693819], [74.8548531, 34.267449], [74.8555183, 34.2633881], [74.855175, 34.2560637], [74.8550248, 34.2494836], [74.8563766, 34.2444639], [74.8580718, 34.2390537], [74.858737, 34.2339979], [74.8654694, 34.2283497], [74.8722612, 34.2277836], [74.8769351, 34.2275021], [74.8797877, 34.2256207], [74.8810213, 34.2243944], [74.8833249, 34.2221795], [74.884754, 34.2211782], [74.8867297, 34.2206323], [74.8937583, 34.2169133], [74.8996283, 34.2121283], [74.9024352, 34.2097215], [74.9069289, 34.21068], [74.9129771, 34.2120322], [74.9138705, 34.2125038], [74.9156539, 34.2133141], [74.9173198, 34.21393], [74.9193384, 34.2150806], [74.921749, 34.2157613], [74.9251199, 34.2157451], [74.9267924, 34.2154404], [74.9281199, 34.214494], [74.9304316, 34.2133773], [74.9316675, 34.2127716], [74.9333842, 34.2120335], [74.9351237, 34.2112953], [74.9359247, 34.2102353], [74.936886, 34.2082478], [74.9374583, 34.2070553], [74.9378474, 34.2055978], [74.9384882, 34.2037995], [74.9389002, 34.2021905], [74.9405939, 34.201774], [74.9421503, 34.201528], [74.9430659, 34.2007518], [74.9447825, 34.1993888], [74.9466364, 34.1983476], [74.9488585, 34.1979915], [74.9502985, 34.1977608], [74.9539149, 34.1972307], [74.9570505, 34.1967764], [74.9594538, 34.1964924], [74.9616053, 34.1959623], [74.9635279, 34.1948265], [74.9656107, 34.1935391], [74.9684946, 34.1913808], [74.9695933, 34.1902638], [74.9714472, 34.1883895], [74.9750635, 34.1856252], [74.9775812, 34.1844324], [74.9793253, 34.1839941], [74.9812487, 34.1835337], [74.9829769, 34.1830511], [74.9861959, 34.1822826], [74.9880322, 34.1814784], [74.9893284, 34.1804597], [74.9904086, 34.1797985], [74.9915752, 34.1791908], [74.9944052, 34.1781899], [74.9948157, 34.1778325], [74.9961767, 34.1765457], [74.9976674, 34.1754912], [74.9999357, 34.175366], [75.0018153, 34.1754018], [75.0027874, 34.1749192], [75.0037812, 34.1741685], [75.0049262, 34.1738468], [75.0062995, 34.1743905], [75.0070936, 34.1754449], [75.0080155, 34.1761703], [75.0088148, 34.1777074], [75.0092735, 34.1788332], [75.0098937, 34.1797881], [75.0110436, 34.1805393], [75.0117097, 34.1812103], [75.0124658, 34.1820682], [75.0134164, 34.1822469], [75.0160437, 34.1815069], [75.0202019, 34.1802499], [75.0228995, 34.1788187], [75.0250499, 34.1780503], [75.0272239, 34.1786058], [75.0281152, 34.1791147], [75.0293616, 34.17973], [75.0295881, 34.1797057], [75.0298133, 34.1796816], [75.0307102, 34.1793229], [75.0324868, 34.1784305], [75.0344902, 34.1782098], [75.036467, 34.1785177], [75.0399796, 34.1790548], [75.0427884, 34.179106], [75.0458602, 34.1813674], [75.0475969, 34.1821287], [75.0493336, 34.1814244], [75.0512919, 34.1801669], [75.0526406, 34.1800515], [75.0538278, 34.1802626], [75.0550401, 34.1807026], [75.0566879, 34.1807277], [75.060594, 34.1790225], [75.0616471, 34.1780454], [75.0636362, 34.1760203], [75.0676281, 34.1735499], [75.0677933, 34.1717622], [75.0678814, 34.1708091], [75.069556, 34.1680804], [75.0701054, 34.1673671], [75.0709294, 34.164889], [75.0718439, 34.1647477], [75.0737506, 34.1641847], [75.0758592, 34.1641136], [75.0792146, 34.1670025], [75.0827336, 34.1677038], [75.0866282, 34.1683785], [75.0877333, 34.1683163], [75.0891924, 34.167766], [75.0905442, 34.1676683], [75.0930655, 34.1680678], [75.100994, 34.1681389], [75.1034626, 34.1683878], [75.1037096, 34.1688781], [75.1042642, 34.169645], [75.104896, 34.1700573], [75.1054972, 34.1704443], [75.111435, 34.1700404], [75.1173727, 34.1688421], [75.1231728, 34.1686014], [75.1278231, 34.1678115], [75.1279457, 34.1678335], [75.1330947, 34.1747431], [75.1373862, 34.1834769], [75.1280189, 34.1943511], [75.1285413, 34.1961435], [75.1308805, 34.197711], [75.1332442, 34.1991298], [75.1347456, 34.198965], [75.1361956, 34.1989276], [75.1476001, 34.199664], [75.1513905, 34.2029683], [75.1539516, 34.2052009], [75.1562857, 34.2050341], [75.1611655, 34.2032771], [75.1711177, 34.2024325], [75.1802157, 34.1959014], [75.1837731, 34.1944446], [75.1870822, 34.1961854], [75.1921462, 34.1987411], [75.1941204, 34.2039941], [75.1923365, 34.2059796], [75.1932339, 34.2122452], [75.1934951, 34.2127115], [75.2029609, 34.2196805], [75.2044662, 34.2241548], [75.2061366, 34.2291193], [75.2070551, 34.2290746], [75.2148913, 34.2286935], [75.2170174, 34.2293893], [75.2187433, 34.2303741], [75.2234744, 34.2342996], [75.2342155, 34.2340331], [75.2349114, 34.2340158], [75.2402973, 34.2399406], [75.2499317, 34.243577], [75.2588781, 34.2469862], [75.2590084, 34.2470359], [75.2594571, 34.2476158], [75.2603581, 34.249356], [75.2612133, 34.2513989], [75.2633814, 34.2542361], [75.2643531, 34.2545754], [75.2646796, 34.2544949], [75.2656328, 34.2543641], [75.26637, 34.2540783], [75.2665692, 34.2539651], [75.2674828, 34.2534377], [75.2681464, 34.2530546], [75.2696284, 34.2520566], [75.2704839, 34.2517847], [75.2710418, 34.2516641], [75.272275, 34.251022], [75.2729602, 34.2503976], [75.2756824, 34.2488593], [75.2767901, 34.2484061], [75.2779004, 34.2482719], [75.2780352, 34.2482556], [75.2790063, 34.2482374], [75.2799773, 34.2483706], [75.2807293, 34.2484478], [75.2808972, 34.2483885], [75.2814506, 34.2480728], [75.2815442, 34.2479244], [75.2818238, 34.247879], [75.2819737, 34.2479769], [75.2819745, 34.2481551], [75.2820534, 34.2485439], [75.2822441, 34.2489235], [75.2825337, 34.2489966], [75.2830635, 34.2492655], [75.2836202, 34.249127], [75.2842017, 34.2488965], [75.2849938, 34.2486195], [75.2857351, 34.2482215], [75.2862664, 34.2479698], [75.2871603, 34.2476165], [75.287655, 34.2473258], [75.2880241, 34.2468761], [75.2880408, 34.2464282], [75.2878491, 34.2460634], [75.2876574, 34.2456475], [75.2875037, 34.2454033], [75.2871269, 34.2448286], [75.2870497, 34.2444647], [75.2872816, 34.2443051], [75.2873565, 34.2442163], [75.2874715, 34.2438518], [75.2874899, 34.2437079], [75.28758, 34.2430008], [75.2883921, 34.2410717], [75.2887518, 34.2403547], [75.2888095, 34.2402396], [75.2894559, 34.2394833], [75.2908401, 34.2381975], [75.291827, 34.2371883], [75.2920155, 34.2369624], [75.2926082, 34.2366089], [75.2935915, 34.236432], [75.2939323, 34.2361463], [75.2943821, 34.2360257], [75.2954814, 34.2358898], [75.2964286, 34.2356895], [75.2969743, 34.2356438], [75.2975273, 34.2358916], [75.2980258, 34.2359592], [75.2990863, 34.2357865], [75.3002875, 34.235528], [75.3015045, 34.235476], [75.3022377, 34.2352967], [75.3036362, 34.2350233], [75.3049925, 34.2348399], [75.3055307, 34.2347286], [75.3059962, 34.2345123], [75.3063628, 34.2343417], [75.3064898, 34.2342568], [75.3066659, 34.2341637], [75.3069579, 34.2342129], [75.3072204, 34.2342215], [75.307775, 34.2342143], [75.3081102, 34.2341434], [75.3096997, 34.2337886], [75.310303, 34.233556], [75.3109165, 34.233278], [75.3115504, 34.2330701], [75.3121249, 34.2328826], [75.312849, 34.2325203], [75.3135128, 34.2322554], [75.3137553, 34.2321524], [75.3143596, 34.2318391], [75.3148975, 34.231366], [75.3153095, 34.2309213], [75.3159275, 34.2304009], [75.3166828, 34.2299467], [75.3171405, 34.2294547], [75.317358, 34.228518], [75.3175869, 34.2280165], [75.3184909, 34.2271081], [75.3189144, 34.226758], [75.3214072, 34.2242226], [75.3220494, 34.2237764], [75.3247808, 34.2227565], [75.3264881, 34.2223721], [75.3271542, 34.2222221], [75.3279747, 34.2218414], [75.32818, 34.2217248], [75.3289784, 34.2212714], [75.3302993, 34.2201301], [75.3305407, 34.2198441], [75.3307104, 34.219643], [75.3307388, 34.2190718], [75.3306924, 34.2186521], [75.3306756, 34.2185005], [75.3306497, 34.2178138], [75.3306293, 34.2172729], [75.3306759, 34.2169377], [75.3309056, 34.2166025], [75.3317541, 34.2159511], [75.3326947, 34.2152418], [75.3336811, 34.2145325], [75.3350795, 34.2140883], [75.3369815, 34.213682], [75.3416211, 34.213457], [75.343484, 34.2131924], [75.3448897, 34.2132243], [75.3451246, 34.2132296], [75.3473192, 34.2131505], [75.3491536, 34.2129903], [75.3493077, 34.2129768], [75.3502463, 34.2127108], [75.3514951, 34.2121299], [75.3527669, 34.2119465], [75.3543648, 34.2119903], [75.3554935, 34.2119867], [75.3586785, 34.2117241], [75.3597618, 34.2118531], [75.3607992, 34.2120956], [75.3618024, 34.2123286], [75.3626682, 34.2126184], [75.3635226, 34.2127663], [75.3642282, 34.2127533], [75.3649804, 34.2125634], [75.3660648, 34.2119779], [75.3680206, 34.2108048], [75.3701137, 34.2099346], [75.3751773, 34.2068761], [75.3767385, 34.20643], [75.3783913, 34.2062488], [75.3793499, 34.2061889], [75.3797806, 34.2065736], [75.3804408, 34.2069585], [75.3809409, 34.2074948], [75.3815679, 34.2078511], [75.3823323, 34.2082547], [75.3862197, 34.2098874], [75.3884391, 34.210718], [75.3906123, 34.212617], [75.3921224, 34.2133488], [75.3936553, 34.213967], [75.4003796, 34.2157628], [75.4020953, 34.2163967], [75.4032215, 34.2171934], [75.4041302, 34.2182834], [75.404295, 34.2192599], [75.4039758, 34.2197193], [75.4036451, 34.2201409], [75.4032583, 34.2208326], [75.4031526, 34.2217414], [75.4032184, 34.2226902], [75.4032383, 34.2235822], [75.4032096, 34.2252244], [75.4038005, 34.2274019], [75.4039678, 34.2290264], [75.4050708, 34.2315675], [75.4060864, 34.2331996], [75.4072337, 34.2340807], [75.4086578, 34.2345089], [75.4091359, 34.2347287], [75.4092655, 34.2349689], [75.409395, 34.2354552], [75.4101006, 34.2370405], [75.4101599, 34.2374174], [75.4105672, 34.2377193], [75.4108143, 34.2377753], [75.4111864, 34.2375], [75.4119917, 34.2368021], [75.4126825, 34.2360096], [75.4155046, 34.2341386], [75.4174787, 34.2333858], [75.422656, 34.2318064], [75.4264723, 34.2306462], [75.4284782, 34.2294481], [75.4299384, 34.2278831], [75.4308092, 34.2274519], [75.4320004, 34.2271911], [75.4337854, 34.2258289], [75.4380941, 34.2217387], [75.4407548, 34.2194676], [75.4420058, 34.2182521], [75.4440164, 34.2172319], [75.4466829, 34.2163719], [75.4481649, 34.2157432], [75.4493493, 34.2146129], [75.4506648, 34.2134522], [75.4520959, 34.2127912], [75.4533591, 34.2125936], [75.4541738, 34.2122677], [75.4552173, 34.2114307], [75.456665, 34.2108676], [75.4587907, 34.2112048], [75.4600367, 34.2114018], [75.4610881, 34.2113338], [75.4637146, 34.2097083], [75.4654298, 34.209254], [75.4660584, 34.2090647], [75.4665841, 34.209131], [75.4668888, 34.2096218], [75.4671808, 34.2112007], [75.4692506, 34.2152801], [75.4774475, 34.2212419], [75.4910087, 34.2241516], [75.4955896, 34.2335145], [75.4960999, 34.2355093], [75.496168, 34.2384171], [75.4957294, 34.2400825], [75.4934405, 34.2427077], [75.4915709, 34.2437397], [75.4894049, 34.2452118], [75.4883155, 34.2466916], [75.4873834, 34.2487688], [75.4853725, 34.2510921], [75.4834177, 34.2533223], [75.4821169, 34.254978], [75.483347, 34.256019], [75.4836964, 34.2577547], [75.4829868, 34.2597732], [75.4810775, 34.2616336], [75.4816824, 34.2639633], [75.4823291, 34.2655343], [75.4814096, 34.2669919], [75.4797776, 34.2696009], [75.4787207, 34.2723319], [75.4767848, 34.2748713], [75.4740746, 34.2763851], [75.4721637, 34.2774257], [75.4710891, 34.2786322], [75.4694874, 34.2800518], [75.465173, 34.2793237], [75.4604423, 34.2792168], [75.4579185, 34.279876], [75.4565339, 34.2821548], [75.4543736, 34.2853883], [75.4523319, 34.2847896], [75.4494157, 34.2839683], [75.4460215, 34.2832633], [75.443042, 34.2833456], [75.4405352, 34.2836204], [75.4370433, 34.2821965], [75.4334163, 34.2821709], [75.431358, 34.282757], [75.4281074, 34.2826751], [75.4259396, 34.2824104], [75.4240579, 34.2834433], [75.4214328, 34.2835387], [75.4196831, 34.2816441], [75.4165535, 34.2822726], [75.4133144, 34.2835459], [75.4119686, 34.2848222], [75.4090208, 34.2843625], [75.4057681, 34.2836513], [75.4031901, 34.2848517], [75.4009288, 34.2871779], [75.3984524, 34.2906865], [75.3973528, 34.2928404], [75.393784, 34.2946648], [75.3930002, 34.2961846], [75.3942793, 34.3002431], [75.3960072, 34.3047343], [75.3979041, 34.3081579], [75.3991689, 34.3101273], [75.4008326, 34.3154011], [75.3995094, 34.3159734], [75.3972294, 34.3163246], [75.3962826, 34.3160654], [75.395649, 34.3168765], [75.3940808, 34.3174971], [75.3925776, 34.3191224], [75.3914378, 34.320059], [75.3928564, 34.3215174], [75.3931088, 34.3224894], [75.3937417, 34.3236934], [75.393033, 34.3237857], [75.3911634, 34.3238951], [75.3899323, 34.3239163], [75.3875977, 34.3247205], [75.3855195, 34.3269482], [75.3847009, 34.3280849], [75.3838635, 34.3312481], [75.3838706, 34.3360301], [75.3820291, 34.33783], [75.3787349, 34.3400203], [75.3764345, 34.3413955], [75.3764919, 34.3429666], [75.378535, 34.3443461], [75.3811025, 34.3448889], [75.3823703, 34.3454538], [75.383012, 34.3471816], [75.383479, 34.3482999], [75.3853168, 34.348922], [75.3860706, 34.3502697], [75.3850664, 34.3513962], [75.3839406, 34.3534148], [75.3831701, 34.3546601], [75.3820531, 34.3553588], [75.3816517, 34.3566801], [75.3815135, 34.357782], [75.3806028, 34.3583108], [75.3815985, 34.3603682], [75.3824095, 34.3614513], [75.3832767, 34.3626995], [75.3846494, 34.3653106], [75.3850483, 34.3661426], [75.3842259, 34.3665745], [75.3824779, 34.3672261], [75.380542, 34.368315], [75.3772118, 34.3704397], [75.3745485, 34.3709805], [75.375529, 34.3719108], [75.3767037, 34.3739391], [75.3771328, 34.3756571], [75.3777324, 34.3774891], [75.3779483, 34.3799251], [75.3785062, 34.3826346], [75.3772616, 34.3866366], [75.3759313, 34.3872741], [75.3738867, 34.3879135], [75.3713823, 34.3894257], [75.3692151, 34.3898152], [75.3671765, 34.3909838], [75.3645158, 34.3892839], [75.3619945, 34.3870616], [75.3599453, 34.3897532], [75.3585291, 34.388797], [75.3539371, 34.385645], [75.3487873, 34.3812533], [75.3472423, 34.3793584], [75.3447747, 34.3780302], [75.3417492, 34.3765957], [75.3382087, 34.3757633], [75.3373718, 34.3752852], [75.3364706, 34.3735495], [75.3353762, 34.3678288], [75.3353333, 34.3654731], [75.3348183, 34.3637019], [75.3339386, 34.3619129], [75.3314066, 34.3592204], [75.3294539, 34.3575376], [75.3273082, 34.3571125], [75.3257417, 34.3572188], [75.3198623, 34.3588307], [75.318253, 34.3601947], [75.3160643, 34.3627099], [75.3143477, 34.3658096], [75.3130817, 34.3665004], [75.3118157, 34.3667307], [75.310142, 34.3666598], [75.3090048, 34.3663587], [75.3077388, 34.3658628], [75.3066015, 34.3652428], [75.3044557, 34.3641978], [75.3034687, 34.3641092], [75.3030395, 34.3644812], [75.3026318, 34.3652251], [75.2977824, 34.3660045], [75.2957439, 34.3656502], [75.2929973, 34.3643041], [75.2891135, 34.3630642], [75.2877402, 34.3630288], [75.2806592, 34.3632236], [75.2774405, 34.3637019], [75.2754664, 34.3638436], [75.2745008, 34.3642687], [75.2732992, 34.3649063], [75.2720547, 34.3656325], [75.2714538, 34.366093], [75.270853, 34.3672089], [75.2706814, 34.3678997], [75.2694154, 34.3674746], [75.2682566, 34.3674923], [75.2679348, 34.368183], [75.2682566, 34.3688561], [75.2685141, 34.3698834], [75.2682996, 34.3707158], [75.2662611, 34.3738683], [75.265038, 34.3757102], [75.2638364, 34.3764009], [75.2615833, 34.3771093], [75.2600169, 34.3774104], [75.258429, 34.3776937], [75.2575922, 34.3777291], [75.2567982, 34.3774104], [75.2563906, 34.3771447], [75.2557254, 34.3770562], [75.2553177, 34.3775343], [75.2547169, 34.3780833], [75.2542448, 34.3780302], [75.2496528, 34.3770739], [75.2462196, 34.3761707], [75.2430224, 34.3760644], [75.2403831, 34.3743288], [75.2387953, 34.3729474], [75.2374005, 34.3707158], [75.2364564, 34.3700605], [75.2353406, 34.3705033], [75.2347183, 34.3712471], [75.2322078, 34.3731422], [75.2289247, 34.3756748], [75.2242255, 34.3777114], [75.2197408, 34.3796595], [75.2155137, 34.3817314], [75.213561, 34.3830242], [75.2114582, 34.3844586], [75.2102995, 34.3848304], [75.2095055, 34.3846888], [75.2088833, 34.3852023], [75.2079606, 34.3860523], [75.2068877, 34.3864242], [75.2019954, 34.3865658], [75.1992488, 34.3866544], [75.1975536, 34.3865835], [75.1968241, 34.3861585], [75.1962876, 34.3853794], [75.1960301, 34.3842638], [75.1962232, 34.3831658], [75.1967597, 34.3822627], [75.197103, 34.3815012], [75.1974034, 34.3804387], [75.197339, 34.3788625], [75.1960086, 34.3741163], [75.1968241, 34.3711586], [75.1984763, 34.3669786], [75.197339, 34.3643926], [75.1956653, 34.3631173], [75.1937771, 34.3613283], [75.1918673, 34.3592913], [75.1899791, 34.3597695], [75.1886487, 34.3598227], [75.1874685, 34.359309], [75.1851296, 34.3582462], [75.1791644, 34.3557662], [75.1752805, 34.3550399], [75.1722121, 34.3550576], [75.1702165, 34.3554828], [75.168221, 34.3557131], [75.1668262, 34.3556245], [75.1650023, 34.3547033], [75.1638436, 34.3535696], [75.1595735, 34.3498848], [75.157299, 34.3482727], [75.1548314, 34.3464834], [75.1531791, 34.3452786], [75.1504111, 34.3447648], [75.1490593, 34.3446231], [75.1482653, 34.3454912], [75.1463127, 34.3464302], [75.1442313, 34.3480778], [75.1432013, 34.3488219], [75.141077, 34.3492116], [75.1403475, 34.3493356], [75.1393819, 34.3494774], [75.138545, 34.3507352], [75.1377296, 34.3518158], [75.1359916, 34.3517272], [75.1343179, 34.3515501], [75.1336098, 34.350682], [75.132494, 34.3502214], [75.1302194, 34.3500974], [75.1285887, 34.3510009], [75.1276445, 34.3518158], [75.126872, 34.3536227], [75.1248979, 34.354845], [75.122602, 34.3567405], [75.1213789, 34.3583525], [75.1210999, 34.3597341], [75.1209926, 34.3610272], [75.1187181, 34.3636841], [75.116229, 34.3637727], [75.1144695, 34.3638258], [75.1128602, 34.3644281], [75.1130104, 34.3654023], [75.1133323, 34.3667661], [75.1132893, 34.368555], [75.1130318, 34.3698302], [75.1129031, 34.3703439], [75.1118302, 34.3705564], [75.1103711, 34.3703261], [75.1088047, 34.369724], [75.1079035, 34.3693874], [75.1064658, 34.3701667], [75.1056075, 34.3712648], [75.1035905, 34.3733016], [75.1015091, 34.3748778], [75.0938916, 34.3766665], [75.0864029, 34.3799782], [75.084815, 34.3808637], [75.0760603, 34.3888147], [75.0748586, 34.3900542], [75.0748372, 34.3913114], [75.0732064, 34.3917186], [75.0703954, 34.3943038], [75.0702452, 34.3950475], [75.0718331, 34.3959859], [75.0723266, 34.3978096], [75.0721764, 34.3991375], [75.0705242, 34.4004122], [75.0671124, 34.4037761], [75.0626492, 34.4067326], [75.0601816, 34.40737], [75.0582504, 34.4080427], [75.0554824, 34.4095475], [75.0533366, 34.4096183], [75.0515985, 34.4097599], [75.0506758, 34.410114], [75.0494098, 34.4105034], [75.0485945, 34.4105388], [75.048058, 34.4106096], [75.0474357, 34.4119904], [75.0460624, 34.4131588], [75.0435519, 34.4142209], [75.0396251, 34.4150529], [75.0355482, 34.4152122], [75.0331878, 34.4153007], [75.0317073, 34.4155309], [75.0304413, 34.4166461], [75.0289178, 34.4179737], [75.0281453, 34.4190357], [75.0255704, 34.4197615], [75.0248194, 34.4203279], [75.0228023, 34.4220448], [75.0219655, 34.4228591], [75.0213003, 34.4238326], [75.019412, 34.4281866], [75.0183821, 34.4300273], [75.0177812, 34.4310184], [75.0167298, 34.4335316], [75.0163865, 34.4359031], [75.0136828, 34.4368941], [75.0100779, 34.4377259], [75.0042414, 34.4394779], [74.9984479, 34.4419554], [74.9947786, 34.4436011], [74.9912381, 34.4446274], [74.987719, 34.4448221], [74.9841141, 34.4449637], [74.9820113, 34.444769], [74.9798655, 34.4444682], [74.9754667, 34.4446982], [74.9657035, 34.4453883], [74.963386, 34.4454945], [74.9605965, 34.445813], [74.9595666, 34.4479895], [74.959116, 34.4486796], [74.9563694, 34.449759], [74.9499964, 34.4523423], [74.9501037, 34.4544302], [74.9504256, 34.4584288], [74.9493527, 34.4610296], [74.9447608, 34.4630465], [74.9419713, 34.4636834], [74.940083, 34.4637542], [74.9386883, 34.4632942], [74.9375939, 34.4612773], [74.9349975, 34.4614719], [74.9333453, 34.4614542], [74.9317574, 34.4614365], [74.9310708, 34.461295], [74.9309635, 34.459915], [74.9305129, 34.4589419], [74.9293113, 34.4582696], [74.9283671, 34.4577211], [74.9273371, 34.4572611], [74.9255991, 34.4561642], [74.9239683, 34.4566419], [74.9219084, 34.4570665], [74.919827, 34.4568719], [74.9179172, 34.456748], [74.9159431, 34.4564826], [74.9147844, 34.4561111], [74.9136472, 34.4553856], [74.9125957, 34.4545718], [74.909184, 34.4529616], [74.907124, 34.45167], [74.9049997, 34.4509091], [74.9022317, 34.4498298], [74.9003863, 34.449122], [74.899764, 34.4486973], [74.8995495, 34.4481665], [74.8993778, 34.4472286], [74.8995709, 34.4459369], [74.8993134, 34.4440789], [74.8993349, 34.4423801], [74.8978328, 34.440929], [74.8964166, 34.4389116], [74.8950648, 34.4370711], [74.8925328, 34.4352306], [74.8911595, 34.4336909], [74.8908162, 34.4327175], [74.8901295, 34.4302574], [74.891696, 34.4239388], [74.8910737, 34.4214961], [74.8910093, 34.4192658], [74.8909879, 34.4164159], [74.891417, 34.4142386], [74.8931122, 34.4107159], [74.8945069, 34.4092996], [74.8955154, 34.4081843], [74.8961592, 34.4069274], [74.8967385, 34.4057235], [74.8972106, 34.4051216], [74.898541, 34.4046259], [74.9005151, 34.4041833], [74.9018883, 34.4037938], [74.9036693, 34.4030148], [74.9048066, 34.4025545], [74.906373, 34.4020056], [74.9087333, 34.4011381], [74.9093985, 34.4009788], [74.909141, 34.3996863], [74.9086904, 34.3976325], [74.90839, 34.3960744], [74.9076819, 34.3946579], [74.9066734, 34.3932414], [74.9044204, 34.391453], [74.9031973, 34.3908333], [74.9006009, 34.3894699], [74.9004078, 34.3868314], [74.8978543, 34.3820325], [74.8943138, 34.3774104], [74.8933482, 34.3757279], [74.8920822, 34.3749487], [74.8898935, 34.3746476], [74.8885846, 34.37401], [74.8853874, 34.372664], [74.8828554, 34.372115], [74.8809671, 34.3720087], [74.8804092, 34.3717607], [74.879229, 34.3709815], [74.8782205, 34.3702553], [74.8755383, 34.3685904], [74.8730922, 34.3679705], [74.8716759, 34.3677757], [74.8687792, 34.3686436], [74.8667621, 34.3692103], [74.8657322, 34.3673152], [74.8642087, 34.3637904], [74.8632645, 34.3621963], [74.8621487, 34.3613637], [74.8604321, 34.3610626], [74.8585224, 34.3608501], [74.8519993, 34.359061], [74.8506903, 34.3576262], [74.8506474, 34.3561559], [74.8496175, 34.3535164], [74.8491025, 34.3513729], [74.8484373, 34.3502746], [74.8472571, 34.3493888], [74.8456263, 34.3488927], [74.8419571, 34.3473337], [74.8396182, 34.3464125], [74.8371935, 34.3454558], [74.8350262, 34.34519], [74.8322367, 34.3450837], [74.8261857, 34.3451723], [74.8240185, 34.3449952], [74.8217869, 34.3447648], [74.8191047, 34.3443219], [74.8163366, 34.3436841], [74.8140406, 34.3433298], [74.8090195, 34.3435247], [74.806509, 34.3439144], [74.8036337, 34.3435955], [74.8002004, 34.3435424], [74.7988057, 34.3432058], [74.7971105, 34.3424085], [74.7943854, 34.3417175], [74.7928834, 34.3414518], [74.7912097, 34.3416289], [74.7898364, 34.3416289], [74.78827, 34.3410443], [74.7874117, 34.3402115], [74.7867679, 34.338865], [74.786489, 34.3362958], [74.7863602, 34.3345417], [74.7862744, 34.3334963], [74.785459, 34.332947], [74.7840643, 34.3322559], [74.7783565, 34.3304308], [74.7765541, 34.3292436], [74.7757602, 34.3281449], [74.7754812, 34.3270994], [74.7749609, 34.325385]]]]}}]}