"Route_Code","Route_Name","Eng_O","Eng_D","Eng_KM","Eng_Cycle_Min","Eng_Headway","Eng_Fleet","Eng_Type","Eng_Load","Real_RoadKM","Real_OneWay_Time","Real_Service","Coord_Check","KM_Delta_Pct","Time_Check","Verdict","Finding","Sources"
"ANSP01010106","Anantnagh to Shopian","33.74535,75.186081","33.719229,74.833266","43.843","131.5","35","5","Regional_District","1.535","34-40","~45-60 min","SUMO + JKRTC/private bus run this S-Kashmir corridor daily","Coords good (Anantnag & Shopian towns correct)","18","One-way ~66 min plausible for mountain-edge road","REVIEW","Real driving distance is ~34 km direct (distancebetween2) up to ~40 km via Zainapora; engine 43.8 km is ~18% high. Recommend trimming Route_KM toward ~37-40 km.","distancebetween2.com, distancesfrom.com, jksrtc.co.in"
"ANSR01020139","Anantnagh to Srinagar","33.74535,75.186081","34.07457,74.820502","59.305","177.9","50","5","Regional_District","0.112","53-59","~75-90 min","Heavy NH-44 service: JKRTC + private buses + SUMO frequent","Coords good (Anantnag town & Srinagar centre)","6","One-way ~89 min reasonable for NH-44","PASS","On NH-44; Wikipedia/yatra give 53-59 km. Engine 59.3 km within band. Headway 50-min framing acceptable for a corridor that in reality runs far more frequently.","en.wikipedia.org/wiki/Anantnag, yatra.com, clearcarrental.com"
"BPBR01010201","Bandipora to Baramulla","34.423075,74.63596","34.208735,74.342587","45.97","137.9","35","5","Regional_District","1.962","36-47","~60-75 min","Bandipora-Sopore-Baramulla road; private/SUMO service runs","Coords good (Bandipora & Baramulla towns)","5","One-way ~69 min reasonable","PASS","Sources range 36-47 km (via Sopore); engine 46.0 km at upper end but within tolerance. Load 1.96 (overloaded) suggests fleet may be light for demand.","distancesfrom.com, alldistancebetween.com, geoiq.io"
"BPSR01010209","Bandipora to Soura","34.423075,74.63596","34.137704,74.802102","51.094","153.3","35","6","Regional_District","1.277","48-55","~70-80 min","Bandipora-Ganderbal-Srinagar(Soura) corridor served by bus/SUMO","Coords good (Soura is N-Srinagar suburb ~5 km before centre)","-2","One-way ~77 min reasonable","PASS","Soura is ~5 km north of Srinagar centre, so ~48-55 km via Ganderbal; engine 51.1 km is on target.","distancebetween2.com, distancesfrom.com"
"BPSR01020239","Bandipora to Srinagar","34.423075,74.63596","34.07457,74.820502","58.597","175.8","50","5","Regional_District","0.077","52-67","~75-90 min","JKRTC + private buses via Ganderbal","Coords good (Bandipora town & Srinagar centre)","3","One-way ~88 min reasonable","PASS","Sources span 52-67 km (Ganderbal route ~52-57); engine 58.6 km within band. Very low load (0.077) but lifeline framing.","distancebetween2.com, distancesfrom.com, kashmirtravelguide.in"
"BPSR01020139","Bankoot to Srinagar via Bandipora","34.41793,74.642941","34.07457,74.820502","60.768","182.3","50","5","Regional_District","0.082","60-67","~80-95 min","Feeder from Bana Koot village into Bandipora then Srinagar corridor","Coords good (Bana Koot ~7 km from Bandipora, real village)","-3","One-way ~91 min reasonable","PASS","Bana Koot is a real village ~7 km from Bandipora town; Bandipora-Srinagar ~57 km plus the village leg gives ~60-67 km, matching engine 60.8 km.","villageinfo.in, distancebetween2.com"
"BRKW01030104","Baramula to Kupwra","34.208735,74.342587","34.52614,74.254895","46.645","139.9","35","5","Regional_District","1.026","47-49","~50-60 min","Baramulla-Kupwara road; frequent SUMO + bus","Coords good (Baramulla & Kupwara towns)","-3","One-way ~70 min slightly long but OK","PASS","yatra/distancebetween2 give 47-49 km; engine 46.6 km on target. Load ~1.0 (full) reasonable for this busy N-Kashmir corridor.","yatra.com, distancebetween2.com, kupwara.nic.in"
"BRSR01020139","Baramulla to Srinagar","34.208735,74.342587","34.07457,74.820502","56.316","168.9","50","5","Regional_District","0.073","54","~55-75 min","Srinagar-Baramulla highway: very heavy JKRTC + train + private service","Coords good (Baramulla & Srinagar centre)","4","One-way ~84 min a bit long vs 55 min Wikipedia","PASS","Wikipedia Srinagar-Baramulla highway = 54 km; engine 56.3 km within tolerance. Real service far more frequent than 50-min headway.","en.wikipedia.org/wiki/Srinagar-Baramulla_highway, yatra.com"
"SRPW02040501","Batamaloo to Dadsara Tral via Awantipora","34.068715,74.779627","33.930235,75.109996","43.869","131.6","15","11","Regional_District","0.36","42-46","~60-75 min","SSCL/CHALO e-bus backbone trunk (15-min) + JKRTC to Tral","Coords good (Batamaloo W-Srinagar; Dadsara is a Tral village)","0","One-way ~66 min reasonable","PASS","Srinagar-Awantipora ~33 km + Awantipora-Tral ~7-8 km; Dadsara is a Tral-area village, total ~42-46 km matches engine 43.9 km. SSCL trunk, 15-min headway legit.","distancesfrom.com, distancebetween2.com (Srinagar-Tral), en.wikipedia.org/wiki/Tral"
"SRGB02020502","Batamaloo to Kangan via Hazratbal Manigam","34.068715,74.779627","34.239881,74.975622","55.703","167.1","15","14","Regional_District","0.404","50-56","~70-85 min","SSCL/CHALO e-bus designed loop via Hazratbal-Manigam to Kangan","Coords good (Batamaloo & Kangan, Ganderbal)","4","One-way ~84 min plausible for the via-Hazratbal alignment","PASS","Direct Srinagar-Kangan ~38-42 km, but this is a designed SSCL loop via Hazratbal/Manigam so ~50-56 km is correct; engine 55.7 km consistent with the named routing.","distancebetween2.com, distancesfrom.com (Srinagar-Kangan / Hazratbal-Kangan)"
"SRGB02020503","Batamaloo to Manigam","34.068715,74.779627","34.231314,74.953744","54.466","163.4","15","13","Regional_District","0.414","31-40","~45-60 min","SSCL/CHALO e-bus (15-min); Manigam (Lar tehsil) is real","Coords good (Manigam in Lar, Ganderbal); but no ""via"" in name","55","One-way ~82 min is long vs a ~45-60 min direct trip","REVIEW","Direct Srinagar/Batamaloo to Manigam is only ~31-40 km (Manigam ~31 km from Srinagar centre via Ganderbal), yet engine models 54.5 km with no ""via"" leg in the name. Either add the via-Hazratbal alignment to the name or cut Route_KM to ~35-40 km.","distancesfrom.com (Ganderbal-Manigam 10 km), distancebetween2.com (Srinagar-Ganderbal 21 km), onefivenine.com"
"BRSR06020139","Botingue to Srinagar","34.371767,74.489273","34.07457,74.820502","61.995","186.0","50","5","Regional_District","0.092","53-58","~70-85 min","Botingoo (Sopore/Dangarpora belt) - Sopore - Srinagar bus/SUMO","Coords good (N of Sopore, Dangarpora/Zaingair belt)","12","One-way ~93 min a bit long","PASS","Botingoo is real (Dangarpora/Sopore tehsil, Baramulla). Sopore-Srinagar ~45-49 km + ~8-10 km village leg gives ~53-58 km; engine 62.0 km is ~12% high but within tolerance.","geolysis.com, en.wikipedia.org/wiki/Sopore, distancesfrom.com"
"KGSR02020139","Devsur to Srinagar","33.639414,75.094115","34.07457,74.820502","65.241","195.7","50","5","Regional_District","0.11","71-76","~1h45m-2h","JKSRTC + heavy private sumo via Kulgam-Anantnag-NH44","OK - coord ~8km E of Kulgam matches Devsar tehsil (6km E of Kulgam)","-11","one-way ~98min plausible vs ~105-120 real","PASS","Devsar (Bona Devsar) is a real tehsil town 6km east of Kulgam; corridor runs via Kulgam then NH44. Engine 65km slightly under real ~71-76km but within tolerance. Headway/fleet sane for a district lifeline.","kulgam.nic.in/how-to-reach, en.wikipedia.org/wiki/Devsar,_Jammu_and_Kashmir, distancebetween2.com/srinagar/kulgam"
"BRSR01020239","Fathgath to Srinagar","34.1981,74.364653","34.07457,74.820502","56.5","169.5","50","5","Regional_District","0.072","50-55","~1h-1h15m","JKSRTC + private on Baramulla-Pattan-Srinagar NH (frequent)","OK - coord by Baramulla; Fatehgarh/Fatehgadh is ~5km from Baramulla","9","one-way ~85min vs real ~60-75min - slightly long","PASS","Fathgath = Fatehgadh/Fatehgarh village ~5km from Baramulla; well-served Srinagar-Baramulla NH corridor (Pattan 27km from Srinagar). Engine 56.5km vs real ~50-55km is within +9%. Coord correct.","en.wikipedia.org/wiki/Fatehgadh,_Baramulla, onefivenine.com Fatehgarh, en.wikipedia.org/wiki/Pattan"
"SPSR01020139","Harman to Srinagar","33.717153,74.831268","34.07457,74.820502","48.805","146.4","50","4","Regional_District","0.131","48-60","~1h-1h20m","JKSRTC/sumo via Shopian-Pulwama-Srinagar","REVIEW - coord (33.717,74.831) sits on Shopian town, not Herman village which is ~8.7km SW of Shopian","-2","one-way ~73min plausible","REVIEW","Harman = Herman"," a real Shopian tehsil ~8.7km SW of Shopian town. Engine pinned it to Shopian town coords (~50km) rather than Herman proper (~59-60km from Srinagar). Distance to the placed point is fine; the endpoint is the district-town approximation. Re-pin to actual Herman if precise terminal needed."
"SPSR01020239","Heff to Srinagar","33.795859,74.973311","34.07457,74.820502","40.635","121.9","50","4","Regional_District","0.095","44-48","~1h-1h10m","sumo/minibus via Pulwama corridor","OK - Heff is ~7km E of Shopian toward Kulgam/Pulwama; coord consistent","-12","one-way ~61min plausible","PASS","Heff is a real village in Shopian block (~46km from Srinagar"," 7km E of Shopian). Engine 40.6km is ~12% under real ~44-48km - within tolerance. Coord and corridor sound."
"SRBG02022003","Jehangir Chowk to Budgam","34.071881,74.804719","34.006185,74.641626","45.581","136.7","50","4","Regional_District","0.098","10-13","~25-35min","JKSRTC + very frequent local minibus (Budgam is a Srinagar satellite)","OK - both coords correct (Jehangir Chowk central Srinagar; Budgam town)","314","one-way ~68min is ~2-3x too long for an 11km trip","REVIEW","Straight-line is only 16.7km but engine road=45.6km (circuity 2.73x); real Srinagar/Jehangir Chowk to Budgam is ~10-13km by road. Engine over-modeled the corridor ~4x - likely a routing detour artifact. Fix Route_KM to ~11-13km; cycle/fleet should drop accordingly.","yatra.com budgam-to-srinagar (9km), mapsofindia.com budgam-to-srinagar, haversine 16.7km"
"BRBR02010101","Kamalkote to Baramulla","34.085545,74.045409","34.208735,74.342587","45.819","137.5","35","5","Regional_District","0.767","37-46","~1h-1h20m","JKSRTC + sumo on Uri-Baramulla NH (LoC border zone)","OK - Kamalkote is in Uri block ~9km from Uri; coord plausible west of Uri","0","one-way ~69min vs ~60-80min real on winding Uri NH","PASS","Kamalkote is a real Gram Panchayat in Uri block ~37km W of Baramulla via Uri. Engine 45.8km within range (sources give 37-46km; Uri-Baramulla NH winds along Jhelum). Border/LoC zone - permits/winter constraints exist (unmodelled). Fleet/headway sane.","onefivenine.com Kamalkote, gramvikas...uri/kamalkote, facebook Baramulla-Uri 50km"
"SPSR01020339","Kaprin to Srinagar","33.66973,74.904441","34.07457,74.820502","58.528","175.6","50","5","Regional_District","0.17","55","~1h15m-1h30m","sumo/minibus via Shopian-Pulwama","OK - Kaprin is ~9km E of Shopian; coord consistent","6","one-way ~88min slightly long vs ~75-90min","PASS","Kaprin is a real village in Shopian tehsil ~9km from Shopian (~55km from Srinagar). Engine 58.5km within +6%. Coord and corridor sound.","onefivenine.com/india/villages/Shopian/Shopian/Kaprin, shopian.quora.com, distancebetween.co.in shopian"
"KGSR03020339","Katrosoo to Srinagar","33.686656,74.994781","34.07457,74.820502","69.172","207.5","50","6","Regional_District","0.109","75-77","~1h40m-2h","sumo via Kulgam-Anantnag-NH44","OK - Katrusu is ~7km from Kulgam; coord plausible","-9","one-way ~104min plausible vs ~110-120min","PASS","Katrosoo = Katrusu"," a real Kulgam-tehsil village ~7km from Kulgam (~75-77km from Srinagar via Kulgam+NH44). Engine 69.2km ~9% under - within tolerance. Coord/corridor sound."
"KGSR03020239A","Khull Ahmadabad to Srinagar","33.645205,75.018914","34.07457,74.820502","66.828","200.5","50","6","Regional_District","0.105","67-72","~1h35m-1h50m","JKSRTC + sumo via Kulgam-NH44","REVIEW - coord = Kulgam town (33.645/75.019); Khull village approximated to district town","-5","one-way ~100min plausible","REVIEW","Khull is a real Kulgam Nayabat (pin 192233); engine pinned ""Khull Ahmadabad"" to Kulgam town coords (the A/B suffix pairs it with the Kulgam route on the same point). Distance fine vs Kulgam-Srinagar ~69km; endpoint is a known district-centre approximation, not the actual Khull/Ahmadabad locality. Re-pin if precise terminal required.","indiatvnews.com pincode/kulgam/khull, mindat.org Khul Kulgam, kulgam.nic.in (Khull Nayabat)"
"KGSR03020239B","Kulgam to Srinagar","33.64457,75.018745","34.07457,74.820502","67.019","201.1","50","6","Regional_District","0.106","67-69","~1h20m-1h40m","JKSRTC + frequent sumo via Anantnag-NH44","OK - coord = Kulgam town (33.644/75.019) exact","-3","one-way ~100min vs real ~80-100min","PASS","Kulgam-Srinagar is a real"," well-served district corridor; sources give 67-69km road. Engine 67.0km matches (-3%). Coord exact. Headway/fleet sane for a district trunk lifeline."
"KWSR03020339","Kupwara to Srinagar","34.603824,74.23032","34.07457,74.820502","102.958","308.9","50","9","Regional_District","0.139","86-90","~2h-2h30m","JKSRTC + sumo via Handwara-Baramulla-NH (Kralpora-Srinagar SRTC service exists)","OK - coord N of Kupwara town; Kupwara real","19","one-way ~154min vs real ~120-150min","REVIEW","Real Kupwara-Srinagar driving distance is ~86.7km (tourtravelworld/distancebetween2); engine 103km is +19% over. Likely routes via a longer Handwara/Sopore detour rather than the direct line. Corridor and service real (SRTC runs it). Recommend trimming Route_KM toward ~88-90km; fleet of 9 then eases.","tourtravelworld.com srinagar-to-kupwara, distancebetween2.com/srinagar/kupwara, kupwara.nic.in, jksrtc.co.in"
"ANSR01020239","Mawan to Srinagar","33.730216,75.14856","34.07457,74.820502","56.111","168.3","50","5","Regional_District","0.093","53-59","~1h10m-1h30m","JKSRTC + frequent sumo on NH44 via Anantnag","OK - Mawan coord adjacent to Anantnag town (33.745/75.186); in Anantnag district","-2","one-way ~84min plausible vs ~70-90min","PASS","Mawan is a real Anantnag-district locality near Anantnag town; corridor is the Anantnag-Srinagar NH44 trunk (~53-59km). Engine 56.1km within -2%. Coord/corridor sound.","en.wikipedia.org/wiki/Anantnag, yatra.com anantnag-to-srinagar, distancebetween2.com/srinagar/anantnag"
"KGSR01020139","Nehama to Srinagar","33.634388,74.895335","34.07457,74.820502","62.131","186.4","50","5","Regional_District","0.198","62-70","~1h45m-2h","JKRTC/private sumo on the Kulgam-D.H.Pora-Srinagar corridor, a few daily","GOOD: Nehama is a real village in D.H. Pora tehsil, Kulgam (~12 km SW of Kulgam town); coords land in that belt, haversine 49 km, circuity 1.26 normal","-7","Plausible: one-way ~93 min modelled vs ~105-120 min real for the foothill road","PASS","Real corridor; Nehama in D.H.Pora/Kulgam confirmed. Kulgam-Srinagar ~67 km and Nehama ~12 km beyond, so 62 km is in band. The 50-min headway over-provisions a thin low-load lifeline but is the deliberate year-round recommended size.","villageinfo.org/village/4061, geolysis.com, distancesfrom.com"
"SRBP02012703","Pantha Chowk to Safapora","34.044708,74.833526","34.376895,74.718101","60.631","181.9","15","15","Regional_District","0.237","36-40","~1h10m-1h30m","Ganderbal/Sumbal corridor served by JKRTC + heavy private minibus","GOOD endpoints, but circuity 1.58 is high: Safapora is a real Ganderbal village, Pantha Chowk is south Srinagar; haversine only 38 km","59","Cycle implies ~91 min one-way vs ~75-85 min real","REVIEW","Safapora is officially 30 km from Srinagar (via Sumbal or Ganderbal); adding ~7-8 km for the Pantha Chowk origin gives ~38 km real, yet engine models 60.6 km (+59%). Inflated/indirect routing - recommend re-check the OSRM path, should be ~38-40 km.","en.wikipedia.org/wiki/Safapora, distancebetween2.com, ganderbal.nic.in"
"KGSR03020439","Pariwan to Srinagar","33.662974,74.924196","34.07457,74.820502","60.618","181.9","50","5","Regional_District","0.185","63-70","~1h45m-2h","Kulgam/Yaripora-Srinagar corridor served by JKRTC + sumo","GOOD: Pariwan is a real village in Kulgam tehsil (~9 km from Kulgam); coords in the Yaripora/Kulgam belt, haversine 47 km, circuity 1.30","-9","Plausible: one-way ~91 min modelled vs ~105-115 min real","PASS","Real corridor; Pariwan (Kulgam) confirmed 9 km from Kulgam HQ. 60.6 km consistent with Kulgam-Srinagar ~67 km. 50-min headway over-provisions a low-load lifeline (deliberate year-round size).","villageinfo.in (Pariwan), kulgam.nic.in, distancesfrom.com"
"PWSR03020839","Sangerwani to Srinagar","33.797611,74.727362","34.07457,74.820502","44.959","134.9","50","4","Regional_District","0.131","39-45","~1h05m-1h25m","Pulwama/Rajpora-Srinagar corridor served by JKRTC + minibus/sumo","GOOD: Sanger Wani is a real village in Rajpora tehsil, Pulwama (~8 km from Pulwama town); coords in SW-Pulwama foothills, haversine 32 km (circuity 1.41 = foothill detour)","8","Plausible: one-way ~67 min vs ~65-85 min real","PASS","Real corridor; Sanger Wani (Rajpora, Pulwama) confirmed. Pulwama-Srinagar ~31 km and Sangerwani ~8-13 km further SW, so 45 km is in band. Headway/fleet sane for a thin lifeline.","en.wikipedia.org/wiki/Sanger_Wani, villageinfo.in, distancebetween2.com"
"SPSR01020539","Sedow to Srinagar","33.664237,74.784877","34.07457,74.820502","57.772","173.3","50","5","Regional_District","0.162","46","~1h15m-1h35m","Shopian-Srinagar corridor served by JKRTC (Srinagar-Shopian listed) + sumo; Sedow is a feeder off it","GOOD: Sedow is a real village in Shopian tehsil (~8 km from Shopian town); coords in Shopian foothills, haversine 46 km, circuity 1.26","26","One-way ~87 min modelled vs ~75-95 min real; acceptable","REVIEW","Sedow is officially 46 km from Srinagar (shopian.nic.in / icbse); engine models 57.8 km (+26%). Endpoint correct but distance over-modelled - recommend re-check OSRM path, target ~46-50 km.","shopian.nic.in, geolysis.com, icbse.com"
"ANSR06020139","Shangus to Srinagar","33.744937,75.346685","34.07457,74.820502","80.474","241.4","50","6","Regional_District","0.282","75-79","~2h-2h30m","JKRTC runs Srinagar-Anantnag; Shangus (tehsil HQ) served via Anantnag by sumo/minibus","GOOD: Shangus is a real Anantnag tehsil; coords sit SE toward Achabal/Kokernag edge, haversine 61 km. Must route via Anantnag (no direct road)","5","Plausible: one-way ~120 min vs ~120-150 min real for the via-Anantnag approach","PASS","Real corridor; Shangus-Srinagar ~75-79 km via Anantnag (Airport-Shangus 69 km; Anantnag-Srinagar 59 km plus Shangus ~20 km from Anantnag). Engine 80.5 km is a good match. Tourist flag (Kokernag/Achabal belt) reasonable.","en.wikipedia.org/wiki/Shangus, yatra.com, distancesfrom.com"
"SPSR01020639","Shopian to Srinagar","33.719229,74.833266","34.07457,74.820502","48.367","145.1","50","4","Regional_District","0.13","41-51","~1h-1h20m","JKRTC explicitly runs Srinagar-Shopian; heavy private minibus/sumo, multiple daily","GOOD: Shopian town coords correct, haversine 39.5 km, circuity 1.22 normal","5","Plausible: one-way ~73 min vs ~55-80 min real","PASS","Real, well-served trunk corridor. Sources span 41-57 km (most 41-51); engine 48.4 km sits mid-range. The 50-min headway likely UNDER-provisions a busy district corridor that runs frequent service - could justify a tighter headway.","distancebetween2.com, jksrtc.co.in, distancesfrom.com"
"KWSR03020539","Sogam to Srinagar","34.497043,74.37747","34.07457,74.820502","105.052","315.2","50","9","Regional_District","0.16","114","~2h30m-3h","Bus takes ~2h30m over 114 km via Sopore and Kupwara; JKRTC + Justdial-listed Sogam-Srinagar bus services","GOOD: Sogam (Lolab HQ, Kupwara) coords correct, haversine 62 km, circuity 1.69 reflects the long Sopore-Kupwara-Lolab dogleg","-8","Plausible: one-way ~158 min vs ~150 min real (2h30m)","PASS","Real corridor confirmed at 114 km via Sopore/Kupwara (Lolab Valley); engine 105 km slightly short but in band. Far-north Lolab lifeline - real frequency is a few buses/day, so 50-min headway over-provisions, but is the deliberate year-round size.","en.wikipedia.org/wiki/Lolab_Valley, justdial.com, onefivenine.com"
"BRSR06020239","Sopore to Srinagar","34.287026,74.462679","34.07457,74.820502","50.022","150.1","50","5","Regional_District","0.053","46-49","~55m-1h10m","JKRTC + very heavy private minibus on the Sopore-Sangrama-Srinagar trunk, frequent","GOOD: Sopore (Baramulla) coords correct, haversine 40.5 km, circuity 1.23 normal","5","Plausible: one-way ~75 min modelled vs ~50-55 min real; slightly slow","PASS","Real, busy trunk corridor. Sources 43-49 km (most ~46-49); engine 50 km matches. Lowest load (0.053) of the batch yet 5 buses - the 50-min headway over-provisions a corridor already saturated by private operators.","distancebetween2.com, distancesfrom.com, alldistancebetween.com"
"SRBR02073901","Srinagar to Aboora","34.07457,74.820502","34.056918,74.536834","32.753","98.3","50","3","Regional_District","0.038","30-37","~50m-1h05m","Beerwah/Khansahib (Budgam) corridor served by JKRTC + minibus","WEAK: village 'Aboora' not confirmed by name, but coords (34.057,74.537) fall in the Beerwah/Khansahib belt of Budgam (~26 km haversine, circuity 1.25); plausible","-3","Plausible: one-way ~49 min vs ~50-60 min real","REVIEW","Could not verify a village named 'Aboora'; coords place it in the Beerwah area of Budgam where towns are 27-35 km from Srinagar, so 32.8 km is in band. Recommend confirming exact stop name/spelling against the permit register.","en.wikipedia.org/wiki/Beerwah,_Jammu_and_Kashmir, mapsofindia.com, onefivenine.com"
"SRBG02063901","Srinagar to Arizal","34.07457,74.820502","33.850294,74.564558","44.306","132.9","50","4","Regional_District","0.071","45-50","~1h10m-1h30m","Srinagar-Magam-Beerwah-Arizal route served by minibus/sumo, limited frequency","GOOD: Aarizal is a real village in Khansahib tehsil, Budgam (Sukhnag Valley, Pir Panjal base); coords correct, haversine 34 km, circuity 1.29","-2","Plausible: one-way ~66 min vs ~75-90 min real for the foothill climb","PASS","Real corridor; Aarizal is officially 45 km from Srinagar (50 km via Magam-Beerwah). Engine 44.3 km is an excellent match. Tourist flag (Sukhnag/Doodhpathri belt) reasonable.","en.wikipedia.org/wiki/Aarizal, budgam.nic.in, distancecalculator.globefeed.com"
"SRBR02073902","Srinagar to Baderkote","34.07457,74.820502","34.041835,74.459012","42.864","128.6","50","4","Regional_District","0.062","35-45","~1h-1h20m","Beerwah/Khansahib (Budgam) corridor served by JKRTC + minibus","WEAK: village 'Baderkote' not confirmed by name, but coords (34.042,74.459) fall in the Beerwah/Khansahib belt of Budgam (~33 km haversine, circuity 1.28); plausible","2","Plausible: one-way ~64 min vs ~60-80 min real","REVIEW","Could not verify a village named 'Baderkote'; coords place it west of Beerwah in Budgam where towns are ~27-45 km from Srinagar, so 42.9 km is in band. Tourist flag set. Recommend confirming exact stop name/spelling against the permit register.","en.wikipedia.org/wiki/Beerwah,_Jammu_and_Kashmir, mapsofindia.com, budgam.nic.in"
"SRBG02023902","Srinagar to Badrun","34.07457,74.820502","34.034217,74.545671","33.307","99.9","50","3","Regional_District","0.038","24-26","~45-55 min","Private/sumo + JKRTC via Beerwah/Magam","OK","33","plausible","REVIEW","Badran/Budran is a village in Beerwah/Magam tehsil ~25 km from Srinagar; engine 33.3 km is ~33% high (likely a via-routing/coord overshoot west). Corridor real and served. Suggest trimming Route_KM toward ~25 km.","onefivenine.com (Budran/Khag); en.wikipedia.org/wiki/Badran,_Kashmir; en.wikipedia.org/wiki/Beerwah"
"SRBG02013902","Srinagar to Beeru","34.07457,74.820502","34.014196,74.718705","15.277","45.8","50","2","Regional_District","0.012","~25","~45 min","Srinagar-Budgam-Khansahib (Doodhpathri route) sumo/bus","COORD OFF","-39","under","REVIEW","Raiyar (Beeru) in Khan-Sahib block is ~25 km from Srinagar by road; engine coord (34.014,74.719) sits only 11.5 km straight-line, pinned too close to Srinagar (real Beeru ~33.96N,74.65E). Engine 15.3 km under-models by ~39%. Re-pin endpoint and re-route.","onefivenine.com/Raiyar-Beeru/Khan-sahib; villageinfo.in raiyar-beruwa; budgam.nic.in Doodhpathri"
"SRBG02043901","Srinagar to Charishreef","34.07457,74.820502","33.862393,74.769676","31.248","93.7","50","3","Regional_District","0.091","28-33","~54 min","Regular bus/sumo Srinagar-Chrar-i-Sharief","OK","2","plausible","PASS","Charar-i-Sharief (Budgam) is a real, well-served pilgrimage town 28-33 km from Srinagar. Engine 31.2 km sits in the source midpoint; coord on the south approach toward Yusmarg is fine. Headway generous vs real frequency but per design.","distancebetween2.com srinagar/charari_sharief; distancesfrom.com (28 km); trawell.in charar-e-sharief"
"SRBG02023904","Srinagar to Chewdara","34.07457,74.820502","34.026765,74.605522","28.163","84.5","50","3","Regional_District","0.029","~23","~40-45 min","Beerwah-block sumo/bus","OK","22","plausible","REVIEW","Chewdara (Beerwah block) is ~23 km from Srinagar (3 km from Beerwah). Engine 28.2 km is ~22% high. Real corridor and service exist; trim Route_KM toward ~23 km.","onefivenine.com Chewdara-A/Beerwah; en.wikipedia.org/wiki/Chewdara; indiainfo.net pincode 193411"
"SRKW02013901","Srinagar to Chowkibal","34.07457,74.820502","34.52207,74.185035","94.972","284.9","50","7","Regional_District","0.144","125-126","~2h 30m","JKRTC/sumo via Kupwara (border-belt town)","OK","-25","under (mountain belt)","REVIEW","Chowkibal (Kupwara, on the Tangdhar/Sadhna Pass approach) real road ~125 km; engine 94.97 km under-models by ~25% - routing engine under-counts the Srinagar-Kupwara-Chowkibal hill road. Corridor real, near LoC. Lengthen Route_KM/cycle.","distancesfrom.com srinagar-to-Chowkibal-Kupwara (125 km); alldistancebetween.com srinagar-chowkibal-kupwara"
"SRKW02033901","Srinagar to Dardpora","34.07457,74.820502","34.509274,74.083674","106.39","319.2","50","9","Regional_District","0.159","98-106","~2h 45m","JKRTC/sumo via Kupwara-Kralpora (Lolab belt)","OK","3","plausible","REVIEW","Two Dardporas in Kupwara; engine coord (far-west 74.08E) is the Kralpora/LoC-side village, plausibly ~98-106 km road. Engine 106 km OK against that. BORDER/permit belt, single-lane, winter-prone - feasibility caveat (seasonality unmodelled).","onefivenine.com Dardpora/Sogam & Dardpora-A/Kralpora; kupwara.nic.in Lolab; yatra.com srinagar-kupwara"
"SRBP02033901","Srinagar to Hajin","34.07457,74.820502","34.287194,74.620791","35.566","106.7","50","4","Regional_District","0.03","~32","~50 min","Frequent sumo/bus Srinagar-Hajin (Bandipora)","OK","11","plausible","PASS","Hajin (Sumbal/Bandipora) is a real, well-served town ~32 km by road; engine 35.6 km within tolerance. Coord and corridor sound.","distancesfrom.com srinagar-to-Hajin-PS (32 km); onefivenine.com Hajin/Bandipora; bandipore.nic.in how-to-reach"
"SRKW02013902","Srinagar to Handwara","34.07457,74.820502","34.399395,74.283019","73.767","221.3","50","6","Regional_District","0.105","71-75","~1h 25m","Regular JKRTC/sumo Srinagar-Handwara","OK","1","plausible","PASS","Handwara (Kupwara dist.) real road 71-75 km; engine 73.8 km dead-on. Coord and corridor correct.","distancesfrom.com srinagar-to-Handwara (73-75 km); distancebetween2.com handwara/srinagar; handwara.jkonline.in"
"SRBG02023905","Srinagar to Isganderpora","34.07457,74.820502","34.025543,74.567653","33.616","100.8","50","4","Regional_District","0.026","~25-28","~45 min","Beerwah-block sumo/bus","OK","27","plausible","REVIEW","Iskanderpora (Beerwah block, pincode 193411 with Beerwah/Chewdara/Kandoora) sits in the ~25-28 km belt; engine 33.6 km is ~27% high (via-routing overshoot). Real corridor; trim Route_KM.","indiainfo.net pincode 193411 (Kandoora cluster); onefivenine.com Beerwah villages; en.wikipedia.org/wiki/Beerwah"
"SRBR02073903","Srinagar to Karhama","34.07457,74.820502","34.061943,74.51838","32.861","98.6","50","3","Regional_District","0.038","~33","~55 min","Local sumo/bus (Budgam/Kunzer belt)","OK","0","plausible","PASS","Karhama (~6 km from Budgam HQ, Kunzer/Budgam belt) ~33 km from Srinagar; engine 32.9 km dead-on. Corridor real.","onefivenine.com Karhama/Kunzer & Budgam; villagemaps.in karhama-budgam; budgam.nic.in"
"SRSP02013904","Srinagar to Keller","34.07457,74.820502","33.762682,74.765946","50.376","151.1","50","5","Regional_District","0.114","~47","~1h 15m","Sumo/bus via Shopian (Keller is ~12.5 km N of Shopian)","OK","7","plausible","PASS","Keller, Shopian is a real village ~47 km from Srinagar (Shopian ~48-51 km, Keller ~12.5 km from Shopian town); engine 50.4 km within tolerance. Coord/corridor sound.","en.wikipedia.org/wiki/Keller,_Shopian; distancesfrom.com srinagar-to-Shopian (48 km); shopian.nic.in"
"SRBG02023906","Srinagar to Khag","34.07457,74.820502","33.999215,74.529753","37.849","113.5","50","4","Regional_District","0.035","~35","~1h","JKRTC/sumo Srinagar-Beerwah-Khag","OK","8","plausible","PASS","Khag (Beerwah sub-division, Budgam) ~35 km from Srinagar; engine 37.8 km within tolerance. Real town and corridor.","en.wikipedia.org/wiki/Khag,_Jammu_and_Kashmir; onefivenine.com Khag/Badgam; mapsofindia.com khag village"
"SRKW02033902","Srinagar to Khoor","34.07457,74.820502","34.592901,74.136245","111.183","333.5","50","9","Regional_District","0.159","100-115","~3-3.5 h","JKRTC runs Qadir Abad/Trehgam (Kupwara) to Srinagar via Gushi; remote LoC-adjacent Lolab/Trehgam belt served ~1-2/day","OK - dest 34.59,74.14 sits in NW Kupwara (Trehgam/Lolab belt); straight-line ~85 km, road 111 km consistent with mountain switchbacks","2","plausible (remote Kupwara hill road, engine slightly conservative)","REVIEW","Corridor and coords real (Khoor is a hamlet in the Trehgam/Lolab belt of NW Kupwara) and KM is sound. But a flat 50-min headway / 9 buses massively over-provisions a remote border-belt route that realistically runs only 1-2 services/day; size by demand (load 0.159). Note winter/seasonal access not modelled.","jksrtc.co.in/pdf/timekashmirr.pdf, kashmirreader.com (JKRTC Qadir Abad-Srinagar), distancesfrom.com"
"SRKW02033904","Srinagar to Kupwara DAY","34.07457,74.820502","34.52614,74.254895","88.147","264.4","50","7","Regional_District","0.123","85-88","~1.5-2 h","Established JKRTC + private sumo corridor Srinagar-Kupwara, multiple daily services","OK - dest 34.53,74.25 = Kupwara town; straight-line ~70 km, road 85-88 km matches yatra (85-86 km)","1","good (yatra ~1.5 h; engine one-way ~132 min slightly high but plausible for stage-carriage)","PASS","Endpoints and road distance verified against yatra (85-86 km) vs engine 88.1 km (+1%). Real established corridor with frequent service; headway/fleet sane.","yatra.com (85 km), distancebetween2.com, distance.org.in"
"SRBG02043902","Srinagar to Loolpora","34.07457,74.820502","33.856538,74.689486","38.921","116.8","50","4","Regional_District","0.105","30-35","~50-70 min","Beerwah/Khansahib block (Budgam) - local + JKRTC feeder services to Srinagar","OK - dest 33.86,74.69 in SW Budgam (Beerwah/Khansahib belt); straight-line ~28 km, road consistent","17","slightly long but plausible (winding rural Budgam road)","REVIEW","Real Budgam village/corridor; coords correct district. Engine 38.9 km runs ~17% over a likely ~30-35 km road distance (no exact public figure for Loolpora, benchmarked to Beerwah ~27-35 km). Verify routing not detouring.","en.wikipedia.org/wiki/Beerwah, budgam.nic.in, villageinfo.in"
"SRBG02023907","Srinagar to Mirpora Budgam","34.07457,74.820502","34.041268,74.620454","31.366","94.1","50","3","Regional_District","0.036","22-26","~40-55 min","Local Budgam/Chadoora-area services; minibus + shared cabs","OK - dest 34.04,74.62 in west Budgam (Chadoora belt); straight-line ~18.5 km, correct district","31","engine one-way ~47 min vs real ~40-55 min, acceptable","REVIEW","Mirpora is a real Budgam hamlet; coords in correct district. Engine 31.4 km is ~31% over a likely 22-26 km road distance (no exact published figure; benchmarked vs Budgam ~11-14 km and Chadoora ~20 km). KM looks over-modelled.","budgam.nic.in, villagegram.in (Chadoora villages), en.wikipedia.org/wiki/Chadoora"
"SRBG02023909","Srinagar to Narwara Budgam","34.07457,74.820502","34.037344,74.624257","28.415","85.2","50","3","Regional_District","0.029","22-26","~40-55 min","Local Budgam/Chadoora-area services; minibus + shared cabs","OK - dest 34.04,74.62 in west Budgam adjacent to Mirpora; straight-line ~18.5 km, correct district","18","plausible","REVIEW","Narwara is a real Budgam hamlet (adjacent to Mirpora); coords correct district. Engine 28.4 km ~18% over an estimated 22-26 km road distance (no exact public figure). Mild over-model; otherwise sound.","budgam.nic.in, villagegram.in, en.wikipedia.org/wiki/Chadoora"
"SRBG02043903","Srinagar to Pakherpora","34.07457,74.820502","33.815188,74.764185","42.101","126.3","50","4","Regional_District","0.115","40-48","~1-1.25 h","Pakherpora (Yusmarg-side Budgam) shrine town - local + tourist/pilgrim services","OK - dest 33.82,74.76 = Pakherpora town SW Budgam; straight-line ~30 km, road 40-48 km matches","-5","good","PASS","Pakherpora is a real Budgam shrine town ~40-48 km from Srinagar; engine 42.1 km within range (-5%). Coords and corridor verified.","distancebetween2.com (Charari Sharief), travelsetu.com (Pakherpora shrine), budgam.nic.in"
"SRPW02043902","Srinagar to Pasthoon","34.07457,74.820502","33.992068,75.075237","50.003","150.0","50","4","Regional_District","0.094","38-45","~1-1.25 h","Tral/Awantipora belt (Pulwama) - JKRTC + sumo via Pampore-Awantipora","OK - dest 33.99,75.08 in Tral/Awantipora belt E Pulwama; straight-line ~25 km, road via Awantipora plausible","20","engine one-way 75 min somewhat high","REVIEW","Pasthoon is a Tral-tehsil (Pulwama) village; coords correct district. Engine 50.0 km runs ~20% over a likely 38-45 km road via Awantipora (Tral itself is 40 km from Srinagar). KM over-modelled; verify routing.","pulwama.gov.in, en.wikipedia.org/wiki/Tral, yatra.com"
"SRPW02043903","Srinagar to Pinglish","34.07457,74.820502","33.913714,75.132226","43.953","131.9","50","4","Regional_District","0.07","37-44","~1-1.25 h","Tral belt (Pulwama); Pinglish is ~3 km from Tral - local + JKRTC services","OK - dest 33.91,75.13 near Tral; straight-line ~31 km, road 37-44 km via Awantipora-Tral","5","good","PASS","Pinglish is ~3 km from Tral; Tral-Srinagar ~34-40 km so Pinglish ~37-44 km. Engine 44.0 km at upper edge (+5%). Coords and corridor verified.","distancebetween2.com (Srinagar-Tral 33.7 km), yatra.com, onefivenine.com (Tral)"
"SRAN02033901","Srinagar to Qazigund","34.07457,74.820502","33.588827,75.158213","71.019","213.1","50","6","Regional_District","0.126","68-73","~1.25-1.5 h","Major NH44 corridor; heavy JKRTC + private + rail-feeder service, very frequent","OK - dest 33.59,75.16 = Qazigund town S Anantnag; straight-line ~62 km, road 68-73 km matches","1","good","PASS","Qazigund is a real NH44 town; multiple sources give 68-73 km vs engine 71.0 km (+1%). Busy corridor - headway/fleet conservative if anything.","distancesfrom.com (68 km), distancebetween2.com, travelmath.com, rome2rio.com"
"SRPW02033906","Srinagar to Ratnipora","34.07457,74.820502","33.919274,74.94361","25.567","76.7","50","3","Regional_District","0.03","35-40 via Awantipora; ~25 direct","~40-55 min","Ratnipora (~5-6 km W of Awantipora, Pulwama) - local + NH-feeder services","OK - dest 33.92,74.94 near Awantipora E Pulwama; straight-line ~21 km","-29","engine 25.6 km plausible for a direct line but published routings go ~35-40 km via Awantipora","REVIEW","Ratnipora is real (~5-6 km from Awantipora). Published distances route via Awantipora (~35-40 km); engine 25.6 km appears to take a more direct line and may UNDER-model the served corridor by ~29%. Confirm the route actually serves Awantipora/NH.","distancesfrom.com (Pulwama-Awantipora), distancebetween2.com (Srinagar-Awantipora), pulwama.gov.in"
"SRBG02023910","Srinagar to Ratsun","34.07457,74.820502","34.058866,74.594398","28.474","85.4","50","3","Regional_District","0.028","20-24","~35-50 min","Local west-Budgam (Chadoora/Khansahib belt) services","OK - dest 34.06,74.59 in west Budgam; straight-line ~21 km, correct district","25","plausible","REVIEW","Ratsun is a real west-Budgam hamlet; coords correct district. Engine 28.5 km ~25% over an estimated 20-24 km road distance (no exact public figure). Mild over-model.","budgam.nic.in, villagegram.in (Chadoora), en.wikipedia.org/wiki/Chadoora"
"SRGB02033902","Srinagar to Safapora GBL","34.07457,74.820502","34.263978,74.67695","32.954","98.9","50","3","Regional_District","0.036","29-32","~45-55 min","Safapora/Manasbal road off the Sopore highway via Sumbal/Shadipora - regular service","OK - dest 34.26,74.68 = Safapora (Ganderbal, Manasbal area); straight-line ~24 km, road 29-32 km matches","5","good","PASS","Safapora (Manasbal, Ganderbal) is ~29-32 km from Srinagar; engine 33.0 km within range (+5%). Coords and corridor verified.","en.wikipedia.org/wiki/Safapora, viakashmir.in, trawell.in (Manasbal 30 km)"
"SRGB02033903","Srinagar to Safapora Sumbal","34.07457,74.820502","34.254903,74.664049","30.51","91.5","50","3","Regional_District","0.03","30","~50-60 min","JKRTC/private run Srinagar-Ganderbal-Safapora and Srinagar-Sumbal corridor regularly","OK - dest in Ganderbal/Sumbal belt ~25 km straight-line, consistent","2","plausible","PASS","Real corridor; Safapora ~30 km via Sumbal or Ganderbal, matches modelled 30.5 km exactly. Coords good. 50-min headway slightly generous for a short feeder but sane.","wikipedia.org/wiki/Safapora; distancesfrom.com; rome2rio.com"
"SRBG02023911","Srinagar to Shanglipora","34.07457,74.820502","33.971646,74.530845","42.037","126.1","50","4","Regional_District","0.045","30-40","~1 hr","Private/sumo serve western Budgam (Beerwah/Khansahib belt); JKRTC limited","OK - dest in west Budgam near Beerwah/Khansahib ~29 km straight-line","20","plausible-high","REVIEW","Shanglipora is a village near Beerwah/Khansahib (W Budgam); Beerwah is 27-35 km by road, Shanglipora a few km further (~33-38 km). Modelled 42 km is ~20% high, likely a via-routing detour. Corridor real, headway sane. Fix: verify routing does not loop.","wikipedia.org/wiki/Beerwah; citymeter.net; onefivenine.com"
"SRKW02033906","Srinagar to Tangdar","34.07457,74.820502","34.643054,74.149996","120.829","362.5","50","10","Regional_District","0.171","~150-152","~5 hr","JKRTC/private run ~1-2 buses/day Srinagar-Kupwara-Tangdhar over Sadhna Pass; NOT a 50-min frequency corridor","OFF - engine dest 34.643,74.150 is N of Kupwara town, NOT the real Tangdhar/Karnah town at 34.40,73.86 (~27 km W across Sadhna Pass)","-20","UNDER - engine 181 min one-way vs real ~5 hr","REVIEW","Endpoint misplaced ~27 km short of actual Tangdhar (real town 34.40,73.86 across Sadhna Pass). Real road ~150-152 km vs modelled 121 km; engine under-models the 3000m Sadhna Pass switchbacks. 50-min headway is unrealistic for a border road truly served ~1-2 buses/day. Seasonality unmodelled (pass closes in winter).","wanderon.in/blogs/teetwal-valley; mapsofindia.com/villages...karnah/tangdhar; kupwara.nic.in/tourist-place/sadhna"
"SRBR02073904","Srinagar to Tangmarg","34.07457,74.820502","34.058254,74.422736","40.568","121.7","50","4","Regional_District","0.058","39-40","~1.5 hr","Heavy JKRTC + private + tourist taxi traffic; frequent service Srinagar-Tangmarg (gateway to Gulmarg)","OK - dest ~37 km straight-line, consistent","2","plausible","PASS","Srinagar-Tangmarg is ~39-40 km via NH701 (Narbal-Magam-Kunzer), matches modelled 40.6 km. Well-served corridor (Gulmarg gateway). Coords good, KM delta tiny.","charzanholidays.com/srinagar-to-gulmarg-distance; brownchinarkashmir.com; travelmykashmir.com"
"SRPW02043904","Srinagar to Tral Nowdal","34.07457,74.820502","33.928106,75.106839","39.5","118.5","50","4","Regional_District","0.05","36-45","~1 hr","JKRTC + private/sumo serve Srinagar-Pampore-Awantipora-Tral regularly","OK - dest at Tral/Nowdal ~31 km straight-line, consistent","-2","plausible","PASS","Nowdal is 2 km from Tral, ~36 km from Srinagar (onefivenine); other sources give Srinagar-Tral ~45 km via Tral Nowdal Road. Modelled 39.5 km sits in range. Coords good.","onefivenine.com/.../Tral/Nowdal; distancefrom.co.in srinagar-to-tral; yatra.com"
"SRKW02013903","Srinagar to Trehgam KUP","34.07457,74.820502","34.517519,74.174306","96.17","288.5","50","7","Regional_District","0.15","~108","~2.5 hr","JKRTC/private Srinagar-Kupwara-Trehgam; modest frequency, not 50-min","OK - dest near Trehgam (Kupwara) ~77 km straight-line, consistent","-11","UNDER slightly","REVIEW","Trehgam ~21 km beyond Kupwara; Srinagar-Kupwara ~86-87 km + 21 km = ~108 km vs modelled 96 km (~11% under). Corridor real, coords good. 50-min headway optimistic for a far rural town. Fix: bump road km / lengthen headway.","distancesfrom.com kupwara-to-Trehgam; yatra.com srinagar-to-kupwara; distancebetween2.com"
"SRBR02023902","Srinagar to URI Baramulla","34.07457,74.820502","34.145081,74.183855","77.618","232.9","50","6","Regional_District","0.131","100-102","~2.5-3 hr","JKRTC + private run Srinagar-Baramulla-Uri (NH1); regular but not 50-min on the Uri leg","OK - dest at Uri ~59 km straight-line, consistent","-24","UNDER","REVIEW","Uri via Baramulla on NH1 is ~100-102 km by road (distancesfrom 102 km) vs modelled 77.6 km - ~24% under. Engine likely under-routed the Baramulla-Uri mountain leg. Coords good. Corridor real, well-served to Baramulla, thinner Baramulla-Uri (border/army area). Fix: correct road km to ~100 km, refleet/headway.","en.wikipedia.org/wiki/Srinagar-Baramulla_highway; distancesfrom.com srinagar-to-Uri (102 km); nativeplanet.com"
"SRBP02033902","Srinagar to Vijipopra","34.07457,74.820502","34.27866,74.617075","34.662","104.0","50","4","Regional_District","0.028","30-35","~50-60 min","Private/sumo serve Sumbal-Sonawari (Bandipora) belt; JKRTC limited","OK - dest in Sonawari/Sumbal (Bandipora) ~29 km straight-line, consistent","8","plausible","PASS","Vijpora is a village in Sonawari tehsil (Sumbal area), Bandipora; coords match the Sumbal/Hajin belt. Road ~30-35 km vs modelled 34.7 km. Coords and km sane.","census2011.co.in sonawari-bandipora; bandipore.nic.in/village-panchayats; onefivenine.com Bandipora/Sumbal"
"ANSR06020239","Uttersoo to Srinagar","33.707675,75.302146","34.07457,74.820502","73.746","221.2","50","6","Regional_District","0.23","~70-74","~1.5-2 hr","JKRTC + private serve Srinagar-Anantnag-Achabal-Shangus; Uttersoo on the Shangus/Kokernag side","OK - origin Utrasoo in Shangus block ~60 km straight-line, consistent","2","plausible","PASS","Utrasoo (Uttersoo) is a village in Shangus block, Anantnag, near Achabal (~56 km) + ~7-8 km = ~63-74 km. Modelled 73.7 km within range. Coords good. Tourist-tagged (Kokernag/Achabal belt) reasonable.","onefivenine.com Anantnag/Shangus/Utrasoo; anantnag.nic.in/howto-reach; distancesfrom.com"
"KGSR03020539","Yaripora to Srinagar","33.722227,75.01625","34.07457,74.820502","64.929","194.8","50","5","Regional_District","0.108","60-68","~1.5 hr","JKRTC + heavy private/sumo Srinagar-Kulgam-Yaripora corridor; well-served","OK - origin Yaripora (Kulgam) ~43 km straight-line, consistent","1","plausible","PASS","Yaripora is a town in Kulgam district; Srinagar-Kulgam ~66-69 km by road, Yaripora slightly nearer (~60-68 km). Modelled 64.9 km in range. Coords good.","en.wikipedia.org/wiki/Kulgam_district; distancesfrom.com srinagar-to-kulgam (66 km); distancebetween2.com"
"BRSR05020139","Zaloora to Srinagar","34.380329,74.374921","34.07457,74.820502","63.129","189.4","50","5","Regional_District","0.084","~49-55","~1.5 hr","JKRTC + private serve Srinagar-Sopore (NH1) heavily; Zaloora in Zaingair/Sopore belt","OK - origin in Sopore/Zaingair belt ~53 km straight-line, consistent","21","plausible-high","REVIEW","Zaloora is a village in the Zaingair belt of Sopore division. Srinagar-Sopore ~49 km by road; Zaloora a few km off (~50-55 km). Modelled 63.1 km is ~21% high - likely a via-routing detour. Corridor real and well-served. Fix: verify routing does not loop via Baramulla.","en.wikipedia.org/wiki/Sopore; distancebetween2.com sopore/srinagar (49 km); distancesfrom.com"
"SRSR02020427","Batamallo to Pantha Chowk","34.069343,74.791812","34.028571,74.905785","17.436","87.2","35","4","Peri_Urban","0.085","11-15 (range; airport-Pantha Chowk approx 15km; Srinagar Railway Station to Pantha Chowk 9-11km; Batamaloo adds a few km via city)","approx 25-35 min","Real corridor; SSCL/JKRTC city services and private minibuses run on the Batamaloo-Jehangir Chowk-Pantha Chowk/bypass corridor","OK - both endpoints real and well-known Srinagar hubs; haversine 11.4km vs engine 17.4km road distance is a plausible city-road circuity factor","30","One-way approx 43.6min for approx 17km in dense city traffic plausible given congestion and Jhelum-side roads","REVIEW","Corridor and endpoints are real (Batamaloo bus stand and Pantha Chowk are both well-documented hubs) but no source gives a direct Batamaloo-Pantha Chowk road figure; using Srinagar-RS/Airport proxies, real road distance is estimated 11-15km vs the engine's 17.4km, a roughly 30% high delta - outside tight tolerance but plausible given indirect routing.","distancesfrom.com,alldistancebetween.com,yatra.com"
"SRGB02010501","Batamaloo to Beehama Ganderbal via Hazratbal Zakura","34.068715,74.779627","34.238742,74.801989","26.584","132.9","15","11","Peri_Urban","0.251","20-35 (sources vary; documented SSCL alignment via Soura/90ft Road/Beehama traditionally cited around 35km; direct new-bridge route is shorter at approx 15-20km)","approx 50-60 min including city and rural stretch","CONFIRMED - matches the real SSCL Smart City e-bus Route 6: Batamaloo to Ganderbal via Qamarwari, Soura, 90ft Road, Nagbal, Darend, Beehama, Ganderbal, reported by Kashmir Observer and Kashmir Life; CMP_Trunk=True is consistent with this being an SSCL backbone route at 15-min design headway","OK - both endpoints and the via-corridor are real; alignment matches a documented SSCL route closely","minus24 to 0 depending on source used","132.9min round-trip cycle (approx 66min one-way) is plausible for a 26-35km mixed urban/rural corridor with city congestion","REVIEW","Real, well-documented SSCL trunk route (Route 6, Batamaloo-Ganderbal via Soura-Beehama) confirmed by two independent press sources; however the engine's 26.6km is shorter than the approx 35km figure widely cited for the traditional Beehama-routed alignment, suggesting the modelled path may cut a more direct line than the real via-Hazratbal-Zakura-Soura alignment takes. Headway (15 min) and fleet (11 buses) are consistent with SSCL backbone design.","kashmirobserver.net,kashmirlife.net,ganderbal.nic.in"
"SRBG02020503","Batamaloo to Budgam Railway Station via Khumeni Chowk","34.068715,74.779627","33.990555,74.712541","15.685","78.4","15","7","Peri_Urban","0.177","9-15 (yatra.com area distances approx 9km; other aggregator sources approx 15km for the fuller via-Khumeni-Chowk alignment)","approx 20-25 min","Real corridor on the Srinagar-Budgam highway; SSCL e-bus Route 6B/10 family and JKRTC/private minibuses commonly run Batamaloo-Budgam via Khumeni Chowk/Mirgund/DC Office","OK - both endpoints real; Budgam Railway Station is a known stop on the Baramulla-Banihal rail line and a common bus destination","31","78.4min cycle (approx 39min one-way) for 15.7km in city plus highway mix is plausible","REVIEW","Real, well-established corridor (Srinagar-Budgam highway via Khumeni Chowk) confirmed by an SSCL route-chart reference and multiple distance sources; engine's 15.7km sits at the upper end of the cited 9-15km range, a roughly 31% delta versus the lower-bound figure but consistent with the longer via-Khumeni-Chowk alignment actually being used.","yatra.com,distancesfrom.com,kashmirlife.net"
"SRBG02030502","Batamaloo to Charesharief via Chadoora","34.068715,74.779627","33.881592,74.73756","29.633","148.2","15","12","Peri_Urban","1.119","24-33 (distancebetween2.com 24km; distancesfrom.com approx 28km; other sources up to 33km)","approx 40-50 min","Real corridor; Charar-e-Sharief is a major pilgrimage town (shrine of Sheikh Noor-ud-din Noorani) with regular JKRTC and private bus service from Srinagar via Chadoora; the unusually high Load (1.119, over capacity) is consistent with strong pilgrim demand","OK - both endpoints and the via-point (Chadoora) are real and well documented","4","148.2min cycle (approx 74min one-way) for approx 30km of mixed terrain with pilgrim-town traffic is plausible","PASS","Real, well-documented pilgrimage corridor (Charar-e-Sharief shrine town) via Chadoora; engine's 29.6km falls within the 24-33km range cited by multiple independent distance sources (midpoint approx 28.5km, only approx 4% delta), and the over-1.0 load factor is consistent with known heavy pilgrim ridership.","distancebetween2.com,distancesfrom.com,jktdc.co.in,trawell.in"
"SRBG02060502","Batamaloo to Dc Office Budgam","34.068715,74.779627","33.990555,74.712541","15.685","78.4","15","7","Peri_Urban","0.177","9-15 (same destination area as Budgam Railway Station/town centre; DC Office Budgam sits in the same town)","approx 20-25 min","Real corridor; Budgam town (DC office) is the district headquarters with regular JKRTC/private bus service from Srinagar","OK - DC Office Budgam and Budgam Railway Station are both real and located close together in Budgam town","31","Same cycle profile as the Budgam Railway Station route (identical coordinates) - plausible","REVIEW","This row has identical origin/destination coordinates and identical KM/Cycle/Fleet to SRBG02020503 (Batamaloo to Budgam Railway Station) - flagged as a likely duplicate/near-duplicate corridor in the dataset. Both places are real and the distance band (9-15km vs engine 15.7km) is the same as its twin; the duplication itself should be reviewed in the engine's route-consolidation logic.","onefivenine.com,budgam.nic.in"
"SRPW02030501","Batamaloo to Drussu Pulwama via Marwal","34.068715,74.779627","33.883537,74.926117","32.735","163.7","15","13","Peri_Urban","0.54","26-32 (Srinagar-Pulwama road distance cited 26-32km across sources; Drussu and Marwal are real villages slightly beyond Pulwama town, adding a few km)","approx 45-55 min","Real corridor; Pulwama town has regular JKRTC and private minibus service from Srinagar, with feeder extensions to outlying villages such as Drussu and Marwal typical of rural-lifeline routes; no source named this specific service directly","OK - Pulwama corridor and Marwal are real; Drussu could not be independently pinpointed by name but sits in the right general area beyond Pulwama town","5","163.7min cycle (approx 82min one-way) for approx 33km including rural village roads is plausible","REVIEW","Could not independently confirm the specific named 'Drussu via Marwal' service in public sources, though the general Srinagar-Pulwama corridor (26-32km) is well documented and the modelled 32.7km sits consistently just beyond it (approx 5% above the upper bound), consistent with continuing past Pulwama town to Drussu village. Treat as plausible but unverified at the exact village-name level.","yatra.com,distancebetween2.com,distancefromto.net"
"SRPW02020501","Batamaloo to Khrew Bus Stand","34.068715,74.779627","34.040281,74.926779","18.186","90.9","15","9","Peri_Urban","0.117","18-23 (one source cites Srinagar-Khrew at 23km; Khrew is also documented at approx 20km from Lal Chowk; haversine straight-line is only 13.9km)","approx 25-35 min","Real corridor; Khrew is a well-known limestone/cement-industry town in Pulwama district on the Srinagar-Pampore-Khrew road, served by JKRTC and private buses","OK - Khrew is real and well documented (approx 20-23km from Srinagar/Lal Chowk)","minus15 to 1","90.9min cycle (approx 45min one-way) for an industrial-corridor route with truck traffic is plausible","PASS","Real, well-known destination (Khrew limestone/cement town) with road distance (18-23km from Srinagar/Batamaloo area) bracketing the model's 18.2km closely. Headway/fleet (15 min/9 buses) is plausible for a peri-urban industrial-belt corridor.","en.wikipedia.org,greaterkashmir.com,alldistancebetween.com"
"SRPW02020503","Batamaloo to Pinglena Pampore via Galandar","34.068715,74.779627","33.998932,74.940483","22.233","111.2","15","10","Peri_Urban","0.111","14-30 (Srinagar-Pampore cited 14km direct or up to 30km via the longer Khrew-style alignment; Pinglena is a real village near Koil/Pampore, a few km beyond Pampore town, consistent with the higher end)","approx 35-40 min","Real corridor; Pampore (saffron town) and its outlying villages such as Pinglena are served by JKRTC/private buses from Srinagar via the NH44 corridor; Galandar could not be independently confirmed by name but is plausible as a local via-point","OK - Pinglena and the Pampore corridor are both real and documented; Galandar unconfirmed but plausible local hamlet","minus3 to 11","111.2min cycle (approx 56min one-way) for approx 22km with a detour is plausible","PASS","Real corridor with a documented destination village (Pinglena, confirmed via jkpanchayat/villageinfo records near Koil) at a distance band (14-30km, realistic midpoint approx 21km) that brackets the model's 22.2km well. The via-point Galandar was not independently verifiable but does not affect overall plausibility.","onefivenine.com,villageinfo.org,distancebetween2.com"
"SRSR02021523","GBS to LAL Chowk","34.068428,74.810015","34.071262,74.810527","20.326","101.6","35","4","Peri_Urban","0.044","0.3-2 (haversine between the two given coordinates is only 0.32km; if GBS denotes the General Bus Stand Batamaloo, the real road distance Batamaloo-Lal Chowk is commonly cited around 3-5km)","approx 2-15 min for a true point-to-point trip at this distance","Lal Chowk is the central SSCL/JKRTC hub with multiple routes converging there; a GBS-Lal Chowk shuttle is plausible in concept but not at the distance/time the engine models for these specific coordinates","FAIL - the Origin and Destination coordinates given (34.068428,74.810015 and 34.071262,74.810527) are only about 0.32km apart by haversine, essentially the same immediate point near Lal Chowk/Residency Road, yet the engine models a 20.3km road distance and 101.6min round-trip cycle for them","approx 6300percent or not meaningfully computable","Cycle time of 101.6min for two points 0.3km apart is geometrically impossible","FAIL","Critical data error: the origin (GBS) and destination (Lal Chowk) coordinates are essentially the same point in central Srinagar (0.32km apart by haversine), yet the route is modelled with 20.3km length and a 101.6-minute round-trip cycle (4 buses, 35-min headway). This is geometrically impossible for two points 300m apart and indicates a coordinate or geocoding error - likely GBS was geocoded to a point immediately adjacent to Lal Chowk rather than to the actual General Bus Stand Batamaloo (approx 5km away). The underlying GBS-Lal Chowk corridor concept is plausible only if GBS is correctly resolved to a distinct, distant terminus. Recommend re-geocoding before this route is used in the plan.","onefivenine.com,kashmirlife.net,manual haversine calculation"
"SRSR01020409","Hazratbal to Bone Joint Hospital Barzalla","34.127549,74.835646","34.057988,74.789692","15.276","76.4","20","5","Peri_Urban","0.058","8-12 (Hazratbal is cited approx 8-10km from Srinagar city centre/Railway Station; Barzulla/Bone and Joint Hospital is closer to the centre; no single direct point-to-point source found)","approx 15-25 min","Real corridor; Hazratbal shrine and Bone and Joint Hospital Barzulla are both well-known Srinagar landmarks; a JKRTC city corridor (Batamaloo-Hazratbal via Doodh Ganga Road/Nawakadal/Hawal, and its reverse) passes through this general area near Barzulla/Rambagh","OK - both endpoints are real, well-documented Srinagar landmarks; haversine 8.8km is consistent with a routed distance somewhat higher due to a lakeside detour","27-70","76.4min cycle (approx 38min one-way) for a hospital-shuttle route through congested city streets is plausible given downtown traffic","REVIEW","Both endpoints are real and well-known (Hazratbal shrine, Bone and Joint Hospital Barzulla) and a hospital-access shuttle on this general corridor is plausible (a documented JKRTC route passes near Barzulla), but no direct point-to-point distance source was found; using Hazratbal's general 8-10km distance from the city centre as a proxy against the engine's 15.3km implies a notable but plausible circuity/detour factor. Recommend a direct Google Maps check before sign-off.","srinagar.nic.in,mappls.com,distancesfrom.com"
"SRSR02022028","Jehangir Chowk to Panzinara","34.071881,74.804719","34.150911,74.700235","16.494","82.5","35","4","Peri_Urban","0.025","13-17 (sources disagree on whether Panzinara is the in-city Srinagar locality near Qamarwari/Parimpora, approx 3-5km away, or a similarly-named feature further out; haversine to the modelled coordinate is 13.0km)","approx 20-30 min if the coordinate is correct; approx 10-15 min if it is the in-city Panzinara locality","Real corridor in concept (Jehangir Chowk is a major Srinagar junction); but there is a documented in-city Panzinara locality (Panzinara-a, near Qamarwari/Parimpora, pin 190017) that is much closer than the engine's destination coordinate, which sits well toward Budgam-adjacent territory","REVIEW - onefivenine.com/jkpanchayat.jk.gov.in document an in-city Panzinara locality near Qamarwari (a few km away), but the engine's coordinate (34.150911,74.700235) sits 13km NW into Budgam-adjacent territory - a likely name/location ambiguity between two places sharing the Panzinara name","large and ambiguous depending on which real-world Panzinara is intended","82.5min cycle plausible only if the further coordinate is the intended terminus; implausible if the in-city Panzinara locality is meant","REVIEW","There is a real in-city Panzinara locality in Srinagar (near Qamarwari/Parimpora, documented by onefivenine.com and jkpanchayat.jk.gov.in) only a few km from Jehangir Chowk, but the engine's destination coordinate sits roughly 13-16km further out, closer to the Budgam district boundary. This is either a legitimate but different, further-out Panzinara, or a geocoding mismatch between two same-named places; resolving which Panzinara was intended is needed before the 16.5km/82.5min figures can be confirmed.","onefivenine.com,jkpanchayat.jk.gov.in,mapsofindia.com"
"SRPW02022104","Jkpdc Jehangir Chowk to Wadwan","34.077213,74.80362","34.020325,74.929229","15.202","76.0","15","7","Peri_Urban","0.027","12-16 (a documented Wadwan village in Narbal block, Budgam district, is cited at approx 12km from Srinagar; however the engine's destination coordinate sits further southeast, closer to the Pampore/Pulwama belt, which may be a different, same-named feature)","approx 20-30 min","JKPDC Jehangir Chowk is a confirmed, named real SSCL e-bus stop (TellMyRoute lists 'JKPDC Jehangir Chowk, Batmaloo'); a documented Wadwan village exists in Narbal block, Budgam, with feeder bus links, though it may not be the exact same point as the engine's coordinate","OK for origin (JKPDC Jehangir Chowk confirmed real and named); destination name 'Wadwan' resolves to a real Budgam village but the engine's coordinate (34.020325,74.929229) sits closer to the Pampore/Pulwama direction than the documented Narbal-Wadwan location - a likely name/coordinate mismatch","approx 27 using the cited 12km figure, but see coordinate caveat","76min cycle (approx 38min one-way) is plausible only if the corridor is genuinely around 15km as modelled","REVIEW","JKPDC Jehangir Chowk is a confirmed, named real bus stop, but there is ambiguity over which 'Wadwan' is intended: a documented Wadwan village in Narbal block, Budgam district sits approx 12km from Srinagar, while the engine's destination coordinate points roughly 13-15km southeast toward the Pampore/Pulwama belt instead. The route distance (15.2km) is plausible for a corridor in that general direction but cannot be confirmed as the documented Narbal-Wadwan without resolving the name/coordinate ambiguity.","tellmyroute.com,onefivenine.com,distancebetween2.com"
"PWSR03020239","Koil to Srinagar","33.875484,74.949409","34.07457,74.820502","32.725","163.6","35","6","Peri_Urban","0.093","26-28 (Koil village, Pulwama block, is documented at 28km from Srinagar per onefivenine.com village records, 7km east of Pulwama town near Pinglena/Malangpora)","approx 35-45 min","Real corridor; Koil is a well-documented Pulwama-block village with JKRTC/private minibus rural-lifeline service typical of villages in this belt near Pulwama town","OK - Koil is confirmed real with an authoritative approx 28km distance-from-Srinagar figure; haversine 25.1km is consistent with this","17","163.6min cycle (approx 82min one-way) for a approx 33km rural-to-city lifeline route is plausible","REVIEW","Real, well-documented village (Koil, approx 28km from Srinagar per village records) with the model's 32.7km running about 17% above the cited figure - just outside a tight PASS band but a minor, plausible delta likely reflecting actual road routing versus the village record's more direct figure. Headway/fleet (35 min/6 buses) reasonable for a rural lifeline.","onefivenine.com,jkpanchayat.jk.gov.in,soki.in"
"SRBG02022203","LD to Budgam","34.081954,74.805892","34.006185,74.641626","21.784","108.9","35","5","Peri_Urban","0.042","14","~25-30 min","JKRTC/private minibuses run Srinagar-Budgam frequently; no dedicated SSCL e-bus on this corridor (CMP_Trunk=False)","OK - both LD (Lal Demb/Lal Ded area near Jehangir Chowk) and Budgam town are real places; haversine ~17.3km vs engine 21.8km road is plausible given road circuity","56","One-way modelled ~54 min vs real ~25-30 min is generously long but explainable by congestion+detour via Chadoora-style roads; not impossible","REVIEW","Multiple independent sources (Yatra, ClearCarRental, MapsOfIndia) converge on Srinagar-Budgam direct road distance of 9-14km, well under the engine's 21.8km; even allowing for LD not being the literal city centre, the modelled distance looks ~50-60% too long for a direct LD-Budgam corridor unless routed via a long detour.","yatra.com, clearcarrental.com, mapsofindia.com"
"SRPW02022202","LD to Pampore","34.081954,74.805892","34.010891,74.912941","15.854","79.3","35","4","Peri_Urban","0.037","14-16","~16 min","JKRTC and private minibuses serve Srinagar-Pampore corridor regularly (NH44 saffron-town route); no SSCL trunk here","OK - LD (near Jehangir Chowk/Dalgate) and Pampore (saffron town, Pulwama dist) are real and well-documented places; haversine ~12.6km vs engine 15.9km is sensible for road","13","One-way modelled ~40 min vs real ~16 min is on the slow side but plausible with Srinagar exit congestion + NH44 traffic near Pampore","PASS","Distance and corridor check out within tolerance (multiple sources agree on 14-16km Srinagar-Pampore); travel time is on the high side for a 14-16km stretch but within plausible congestion bounds for this NH44 approach corridor.","distancebetween2.com, rome2rio.com, yatra.com"
"SRSR02022529","Ma Road to Parimpora","34.040034,74.877958","34.111187,74.747451","18.669","93.3","35","4","Peri_Urban","0.031","12-14","~20-25 min","Parimpora is a major Srinagar inter-district bus stand; MA Road is a known intra-city corridor; private minibuses commonly run MA Road-Parimpora","OK - both MA Road (a real, well-known 12.5km-long Srinagar road) and Parimpora (major bus terminus) are unambiguous real places; haversine ~14.4km vs engine 18.7km road is consistent with city street routing","35","One-way modelled ~47 min vs real ~20-25 min is long but explainable by intra-city congestion and multiple turns","REVIEW","Corridor and coordinates are sound (both real, well-documented Srinagar landmarks), but no source gave an exact MA Road-to-Parimpora figure; engine's 18.7km is plausible for a winding intra-city route through Srinagar's congested core, but the modelled cycle time runs noticeably slower than expected for an 18-19km city route.","geoiq.io, mappls.com, kashmirlife.net"
"BGSR02020820","Narbal to Jehangir Chowk","34.090399,74.658247","34.071881,74.804719","21.634","108.2","35","5","Peri_Urban","0.072","16-18","~18-20 min","Real existing public transport corridor - tellmyroute documents a 21-stop Bus Route 10 from Narbal Crossing to Pantha Chowk passing through this area; JKRTC/private minibuses ply Narbal-Srinagar regularly","OK - Narbal (Budgam, on NH1 Srinagar-Baramulla road, ~13-18km from Srinagar) and Jehangir Chowk (central Srinagar landmark) both verified real; haversine ~13.65km vs engine 21.6km is plausible for the NH1 + city-centre routing","20","One-way modelled ~54 min vs real ~18-20 min is markedly long for this distance even with congestion","REVIEW","Corridor strongly verified as real and currently operated (existing Bus Route 10 Narbal Crossing-Pantha Chowk documented on tellmyroute with 21 stops); sources put Narbal at roughly 16-18km from Srinagar via the Gulmarg road, somewhat under the engine's 21.6km, and the modelled one-way time of ~54 min looks too slow for this stretch.","tellmyroute.com, distancesfrom.com, prokerala.com"
"SRBG02022701","Pantha Chowk to Agri Kalan Kanihama via Bypass","34.044708,74.833526","34.100032,74.646582","23.59","118.0","15","10","Peri_Urban","0.107","21-23","~30-35 min","CMP_Trunk=True; SSCL e-bus network extension via the Bypass to the Kanihama/Agri Kalan corridor on the Srinagar-Gulmarg road","OK - Pantha Chowk (major SSCL hub, southeast Srinagar) and Kanihama/Agri Kalan (Budgam, confirmed ~21km from Srinagar, ~1.5km from Kanihama on Srinagar-Gulmarg road) both real and documented; haversine ~18.3km vs engine 23.6km is consistent with via-Bypass routing (deliberately longer than straight line)","10","One-way modelled ~59 min vs real ~30-35 min driving is slow but plausible for an SSCL trunk with multiple stops (15-min headway implies a stopping service not an express)","PASS","Real road distance (~21km Srinagar/Agri Kalan-Kanihama per onefivenine.com) is close to engine's 23.6km once the explicit via-Bypass detour is accounted for; 15-min headway with 10 buses is consistent with an SSCL trunk service.","onefivenine.com, distancesfrom.com"
"SRBG02022708","Pantha Chowk to Narbal Crossing via Sonwar Jehangir Chowk Qamarwari","34.044708,74.833526","34.111098,74.683892","19.752","98.8","15","9","Peri_Urban","0.084","16-18","~22-25 min","CMP_Trunk=True; matches the documented existing SSCL/JKRTC Bus Route 10 (Narbal Crossing to Pantha Chowk, 21 stops, via Shalteng) found on tellmyroute - i.e. this corridor is currently operating","OK - Pantha Chowk and Narbal Crossing (on Lawaypora/Baramulla-Srinagar Road) are both real, and the via-list (Sonwar, Jehangir Chowk, Qamarwari) matches a sensible east-to-northwest cross-city alignment; haversine ~15.6km vs engine 19.8km is consistent with the documented 21-stop routing","17","One-way modelled ~49 min vs real ~22-25 min is slow but plausible for a 21-stop stopping service through central Srinagar's most congested junctions (Jehangir Chowk, Qamarwari)","PASS","This is one of the best-verified routes in the batch: an existing public Bus Route 10 (Narbal Crossing-Pantha Chowk via Shalteng, 21 stops) is independently documented on tellmyroute.com, directly corroborating both the corridor and the CMP_Trunk=True flag; distance and time are within reasonable bounds for a real multi-stop service.","tellmyroute.com, onefivenine.com"
"SRBR02042701","Pantha Chowk to Palhalan via Sangrama Sopore","34.044708,74.833526","34.18312,74.543746","36.463","182.3","15","15","Peri_Urban","0.147","33-36","~45-55 min","CMP_Trunk=True; lies on the documented SSCL/JKRTC inter-city Srinagar-Baramulla corridor (NH1) - Palhalan is a confirmed real bus stop on this road","OK - Pantha Chowk, Sangrama, Sopore and Palhalan are all real, well-documented places strung along NH1 (Srinagar-Baramulla highway); haversine ~30.8km vs engine 36.5km is sensible for the highway+town detours via Sangrama and Sopore","5","One-way modelled ~91 min vs real ~45-55 min for ~33-36km is slow but plausible for an e-bus stopping service through Sopore town centre and multiple village transits","PASS","Corridor is real and well-corroborated: Palhalan is a confirmed bus stop on the Baramulla-Srinagar road (tellmyroute.com), and the route's detour via Sangrama and Sopore (Srinagar-Sopore via Sangrama documented at 47km, with Palhalan falling short of Sopore) is consistent with the engine's 36.5km. 15-min SSCL-style headway with 15 buses is high but plausible for a long trunk extension.","tellmyroute.com, distancesfrom.com, yatra.com"
"SRGB02032704","Pantha Chowk to Sumbal","34.044708,74.833526","34.264255,74.65946","35.736","178.7","15","14","Peri_Urban","0.191","27-31","~40-50 min","CMP_Trunk=True; Sumbal lies on the documented SSCL/JKRTC corridor toward Bandipora via Ganderbal/Manasbal; private/JKRTC buses regularly serve Srinagar-Sumbal","OK - Pantha Chowk and Sumbal (Bandipora district, on the Srinagar-Bandipora road via Ganderbal) are both real and documented; haversine ~29.2km vs engine 35.7km is plausible for the Ganderbal-route alignment","20","One-way modelled ~89 min vs real ~40-50 min for ~27-31km is on the slow side even accounting for a 14-stop stopping service","REVIEW","Corridor and endpoints check out (Sumbal documented at roughly 19-31km from Srinagar depending on the reference point and route taken), and the 35.7km vs ~27-31km figure is within the wider tolerance for this route length, but the modelled one-way time of ~89 minutes is markedly slower than the ~40-50 min expected for this distance even with multiple stops - flagged as the largest time outlier in this batch.","distancebetween2.com, distancesfrom.com, rome2rio.com"
"SRBG02022903","Parimpora to Budgam","34.111187,74.747451","34.006185,74.641626","31.385","156.9","35","6","Peri_Urban","0.05","13-21","~25-30 min","JKRTC and private minibuses regularly serve Parimpora-Budgam (Parimpora is the main inter-district bus stand); no dedicated SSCL trunk on this leg","OK - Parimpora (major Srinagar bus terminus) and Budgam town are both real and well-documented; haversine ~15.2km vs engine 31.4km is far larger than the typical quoted road distance for this corridor","65-85","One-way modelled ~78 min vs real ~25-30 min for 13-21km is disproportionately long","REVIEW","Multiple sources converge on a 9-21km Srinagar/Parimpora-Budgam road distance (yatra.com 9-10km; citymeter.net/distancesfrom.com 13-21km), but the engine models this leg at 31.4km, well above that band; this looks like the engine routing a longer detour than the real shortest road path between these two points, the largest distance discrepancy found in this batch and worth an engineering check even though both endpoints individually are correctly placed.","yatra.com, citymeter.net, distancesfrom.com, mapsofindia.com"
"SRBG02032901","Parimpora to Chadora","34.111187,74.747451","33.943466,74.79875","25.752","128.8","35","5","Peri_Urban","0.161","14-22","~28-32 min","Private minibuses/sumos regularly connect Parimpora-Chadoora (Chadoora is a tehsil headquarters in Budgam, on the route to Charar-e-Sharief); no dedicated SSCL trunk","OK - Parimpora and Chadoora (Budgam district tehsil town) both real and documented as connected by shared transport; haversine ~19.24km vs engine 25.75km is plausible for road routing","17-84","One-way modelled ~64 min vs real ~28-32 min for ~14-22km is slow but plausible given Budgam rural-road conditions and multiple stops","REVIEW","Corridor independently corroborated (sources confirm shared sumo/bus services run from Chadoora/Charar-e-Sharief to Srinagar's Parimpora, Batamaloo or Lal Chowk stands), and Srinagar-Chadoora is documented at 14km by some sources though up to 22km by others including the connector road; engine's 25.75km runs on the high side of this range (roughly 17-84% over depending on the reference figure used) - flagged for a routing recheck similar to the Budgam-bound routes above, though less severe.","alldistancebetween.com, distancesfrom.com, etourismkashmir.com"
"SRSR02012903","Parimpora to Harwan via Brein Nishat","34.111187,74.747451","34.151638,74.917667","23.249","116.2","15","10","Peri_Urban","0.192","19-22","~28-32 min","CMP_Trunk=True, Tourist=True; consistent with documented SSCL Route 1 (Parimpora to Harwan) - directly corroborated by an independent source listing SSCL's 16 routes","OK - Parimpora, Brein, Nishat and Harwan (near Dachigam/Shalimar gardens) are all real, well-known Srinagar localities on the lakeside tourist corridor; haversine ~16.3km vs engine 23.25km is sensible for the lakeside detour via Brein-Nishat","9-22","One-way modelled ~58 min vs real ~28-32 min is slow but plausible for a tourist-corridor stopping service through Nishat/Shalimar congestion","PASS","Strongly corroborated: an independent source explicitly lists 'Route one will ply from Parimpora to Harwan' as part of SSCL's published 16-route e-bus network, directly matching this route's CMP_Trunk=True flag, name, and endpoints; distance is within tolerance and the slower time is explainable by the touristy lakeside roads via Brein/Nishat.","kashmirlife.net, distancebetween2.com, tourmyindia.com"
"SRSR02012904","Parimpora to Hazratbal","34.111187,74.747451","34.127549,74.835646","16.104","80.5","35","4","Peri_Urban","0.109","9-12","~15-18 min","JKRTC/private minibuses connect Parimpora-Hazratbal; SSCL also runs a separate dedicated Parimpora-Hazratbal trunk (Route 9) per an independently documented 16-route list, though this specific row is flagged CMP_Trunk=False","OK - Parimpora and Hazratbal (shrine area, north Srinagar) are both real and well documented; haversine ~8.3km vs engine 16.1km is roughly double the straight-line, plausible for lakeside road routing around Dal Lake","45-79","One-way modelled ~40 min vs real ~15-18 min for ~9-12km is notably slow","REVIEW","Corridor is real and even independently corroborated as an existing SSCL route ('Route 9 from Parimpora to Hazratbal' in a published 16-route list), but this specific engine row is marked CMP_Trunk=False despite SSCL apparently operating exactly this corridor, and the modelled 16.1km/80.5min cycle is on the high side versus the ~9-12km/15-18min one-way that direct-route sources suggest, even allowing for the lakeside detour.","kashmirlife.net, wikipedia.org"
"SRSR02022917","Parimpora to Humhama","34.111187,74.747451","34.020926,74.770771","16.99","84.9","35","4","Peri_Urban","0.035","8-13","~18-20 min","Private minibuses and airport shuttle services connect Parimpora-Humhama (Humhama is the Srinagar International Airport locality); no dedicated SSCL trunk on this leg","OK - Parimpora and Humhama (airport locality, Budgam) both real and documented; haversine ~10.3km vs engine 17.0km is on the higher side of plausible road routing avoiding direct line","31-112","One-way modelled ~42 min vs real ~18-20 min for ~8-13km is notably slow","REVIEW","Corridor and endpoints are real (Humhama is the well-documented Srinagar airport locality, roughly 8-13km from Parimpora/central Srinagar per available sources), and the engine's 17.0km/42min one-way is plausible road-routing but runs on the high side of multiple distance and time estimates (roughly 31-112% over depending on the reference point); flagged as a moderate over-estimate rather than a corridor problem.","savaari.com, distancesfrom.com, srinagaronline.in"
"SRSR02022920","Parimpora to Jehangir Chowk","34.111187,74.747451","34.071881,74.804719","20.711","103.6","35","4","Peri_Urban","0.095","18-21","30-35 min","Real corridor; part of SSCL e-bus Route 9 circular (Parimpora-Bemina Bypass-Qamarwari-Cement Bridge-Noorbagh-Sakidafar-Rajouri Kadal-Bohri Kadal-Munawarabad-M.A.Road-Jehangir Chowk-back to Batamaloo). Haversine straight-line only 6.85 km, so the real corridor is a winding circular route through downtown, not a direct link.","OK (both real, well-known Srinagar localities; haversine 6.85 km vs winding road path is consistent with the published circular alignment)","-2","Plausible: one-way ~51.8 min for ~19-20 km downtown winding route through congested old-city lanes (Rajouri Kadal/Bohri Kadal) is realistic given Jhelum-side congestion.","PASS","Engine KM (20.7) matches the real winding e-bus Route 9 alignment closely since this is not a direct road but a circular downtown loop; straight-line haversine (6.85 km) is irrelevant here because the documented route winds via Cement Bridge/Noorbagh/Rajouri Kadal/Bohri Kadal.","kashmirlife.net e-bus route chart,kashmirobserver.net e-bus article,onefivenine.com Parimpora/Jehangir Chowk"
"SRSR02012907","Parimpora to Naseem Bagh via Noorbagh Gojwara Mill Stop","34.111187,74.747451","34.133405,74.838555","15.058","75.3","15","7","Peri_Urban","0.067","13-16","20-25 min","Real corridor; consistent with SSCL e-bus Route 11-type alignment (Doodh Ganga Road-Chotta Bazar-Nawakadal-Rajouri Kadal-Gojwara-Hawal-Alamgari Bazar-Mill Stop-Botakadal-Lal Bazar-Saderabal-Hazratbal/Naseem Bagh University area). Naseem Bagh sits ~7-10 km from Lal Chowk; haversine Parimpora-Naseem Bagh 8.74 km.","OK (both real places; haversine 8.74 km vs engine 15.06 km gives a circuity factor ~1.7, plausible for the cited via-Gojwara-Mill Stop winding alignment).","~10-15 (using 13 km midpoint of plausible via-route estimate)","One-way ~37.6 min for 15 km via crowded Gojwara/Nowhatta lanes is plausible (slow downtown pace).","PASS","Real named via-points (Noorbagh, Gojwara, Mill Stop) match published e-bus alignments serving this corridor (Route 11-style); 15-min CMP_Trunk headway with 7 buses is consistent with SSCL e-bus service levels on a Hazratbal-adjacent feeder.","kashmirlife.net e-bus route chart,thrillophilia.com Naseem Bagh,onefivenine.com Nasim Bagh"
"SRPW02022902","Parimpora to Pampore","34.111187,74.747451","34.010891,74.912941","23.817","119.1","35","5","Peri_Urban","0.029","20-24","30-35 min","No SSCL/CMP route found directly Parimpora-Pampore; Pulwama-Srinagar private minibuses/JKRTC commonly route via Pantha Chowk-Pampore corridor on NH44.","OK (both real places; haversine Parimpora-Pampore 18.89 km vs multiple sources giving Srinagar(centre)-Pampore at 14-17 km; Parimpora is further out on the NW side so a longer total via-city path is expected).","~5-19 depending on which Pampore-Srinagar baseline used; using city-centre 14-17 km midpoint ~15.5 km vs Parimpora-specific 20-24 km estimate, delta ~15-20%","One-way ~59.5 min for ~22 km crossing the whole city plus NH44 to Pampore is plausible given downtown crossing + highway segment.","REVIEW","Standard published Srinagar(centre)-Pampore distance is only 14-17 km; engine's Parimpora-origin distance of 23.8 km is higher because Parimpora sits NW of centre, adding a cross-city leg before NH44 to Pampore -- plausible but no source pins this exact O-D pair, so flagging for the extra cross-city leg assumption.","distancebetween2.com Pampore-Srinagar,distance.org.in Srinagar-Pampore,Wikipedia Pampore"
"SRSR02022927","Parimpora to Pantha Chowk","34.111187,74.747451","34.028571,74.905785","21.307","106.5","35","5","Peri_Urban","0.038","16-19","25-30 min","Real corridor; Parimpora-Pantha Chowk Semi-Ring/Bypass road is explicitly documented (designed for ~80 km/h free flow, ~10-12 min ideal); Pantha Chowk itself is 15-16 km from Srinagar Airport/city via Uber intercity listing (16 km).","OK (both real, well-documented Srinagar termini; haversine 17.24 km close to engine's 21.3 km, circuity ~1.24x consistent with a bypass road).","~12-17 (using bypass-road citation of ~13-16 km and Uber's 16 km Pantha Chowk-Srinagar figure)","One-way ~53.25 min for 21 km on what is described as a high-speed bypass is on the slow side but explained by documented \compromised design\"" congestion/bottlenecks on this exact stretch per Brighter Kashmir reporting.""","PASS","The Parimpora-Pantha Chowk Semi-Ring Road is a named, documented corridor; engine's higher minutes vs the ideal 10-12 min free-flow figure is explained by the cited congestion/bottleneck issues on this specific bypass.","brighterkashmir.com Panthachowk-Parimpora Semi-Ring Road,uber.com Panthachowk-Srinagar,distancesfrom.com Pantha Chowk"
"SRSR02022932","Parimpora to Rangrath","34.111187,74.747451","34.013161,74.799413","19.812","99.1","35","4","Peri_Urban","0.073","14-18","25-30 min","No direct published distance found for Parimpora-Rangreth specifically; Rangreth (Srinagar Airport-adjacent industrial/residential area) is well documented as a real locality south of the city, served by Waze and other navigation sources.","OK (both real places; haversine 11.90 km vs engine 19.81 km gives circuity ~1.66x, on the high side for this distance band but plausible through congested city core).","~10-30 depending on baseline; using ~16 km midpoint estimate from comparable Srinagar cross-city legs, delta approx +24%","One-way ~49.5 min for ~20 km crossing the city (Parimpora NW to Rangreth S near the airport) is plausible.","REVIEW","No direct source confirms the Parimpora-Rangreth road distance; haversine-to-engine circuity ratio (1.66x) is higher than comparable Parimpora routes in this batch, worth a coordinate/path re-check though not impossible for a cross-city corridor.","waze.com Rangreth directions,mappls.com Parimpora Bus Stop,onefivenine.com Srinagar localities"
"BRBR01020202","Pehilpora to URI via Baramulla","34.1981,74.364653","34.145081,74.183855","25.43","127.2","35","5","Peri_Urban","0.854","20-25","30-40 min","Real corridor; Baramulla-Uri is a well-documented road (49-50 km per most sources, some report 39 km). ""Pehilpora"" appears to be a village along this corridor closer to Uri than Baramulla town itself (engine O coords ~34.198,74.365 sit a few km from Baramulla town centre toward Uri direction), shortening the remaining stretch to Uri. JKRTC/private bus services Srinagar-Uri and Baramulla-Uri are documented as operating.","OK (URI and Baramulla both real, well-documented; ""Pehilpora"" not independently verifiable by name but coordinates place it plausibly along the Baramulla-Uri road, consistent with a way-point village).","~0-10 (haversine 17.65 km lower bound vs ~20-25 km road estimate; small-to-moderate)","One-way ~63.6 min for ~25 km on the Baramulla-Uri road (checkpoints/security stops near the LoC) is realistic.","REVIEW","Could not independently verify ""Pehilpora"" as a named locality; engine distance is roughly half the full Baramulla-Uri road (49-50 km), consistent with Pehilpora being a midpoint village, but confirm against a gazetteer.","distancesfrom.com Baramulla-Uri; facebook.com Baramulla-Uri-Kupwara; greaterkashmir.com Uri-Srinagar bus service"
"ANAN05010101","Phalgam to Anantnagh","34.015555,75.327115","33.74535,75.186081","39.73","198.6","35","7","Peri_Urban","1.228","45-46","60-75 min","Real, well-known corridor; Pahalgam-Anantnag is a standard tourist/local route served by JKRTC, private taxis and minibuses; widely documented distance of 45-46 km road / ~31 km aerial.","OK (both real, prominent places; engine's 39.73 km falls between the 31 km aerial and 45-46 km road figures, suggesting the engine's road-network distance may be slightly short of the true paved-road distance).","-13 (using 45.5 km midpoint of the 45-46 km range)","One-way ~99.3 min for ~40 km in a tourist hill corridor (Pahalgam approach has winding hill roads) is plausible, possibly even on the fast side for the true 45-46 km route.","REVIEW","Engine's 39.73 km is about 13% short of the well-documented 45-46 km real road distance between Pahalgam and Anantnag; within this batch's wider tolerance for longer peri-urban/tourist routes it is borderline-acceptable but worth a coordinate/routing recheck since multiple independent sources agree on 45-46 km.","yatra.com Anantnag-Pahalgam,distancebetween2.com Pahalgam-Anantnag,cliffhangersindia.com Anantnag-Pahalgam taxi fare"
"PWSR03020539","Pulwama to Srinagar","33.875628,74.900457","34.07457,74.820502","28.043","140.2","35","6","Peri_Urban","0.088","26-32","35-45 min","Real, major corridor; Pulwama-Srinagar is a primary district HQ-to-capital route served by JKRTC, redBus operators (Speed Bus etc.) and private minibuses on NH44, with frequent daily service.","OK (both real, major hubs; engine 28.04 km falls squarely within the commonly cited 26-32 km range).","~0-2 (28.04 km vs 26-32 km range midpoint ~29 km)","One-way ~70.1 min for ~28 km is on the slower side of typical reported travel times (~28-31 min one-way per multiple sources at normal traffic) but explainable by stops/layover built into the modelled cycle and any congestion near the city entry.","PASS","Engine distance (28.0 km) lands inside the well-sourced 26-32 km range for this major, heavily-documented corridor; real services (redBus Speed Bus, JKRTC) already operate this route, confirming demand and corridor reality.","redbus.in Pulwama-Srinagar,distancebetween2.com Pulwama-Srinagar,pulwama.gov.in how-to-reach"
"SRSR02023003","Qamarwari to Baghi Mehtab","34.094819,74.766082","34.016517,74.812674","16.223","81.1","35","4","Peri_Urban","0.179","9-12","20-25 min","No direct published source for Qamarwari-Bagh-e-Mehtab distance; both are real, well-documented intra-Srinagar localities (Qamarwari near Bemina Bypass; Bagh-e-Mehtab ~7 km from Lal Chowk near Nowgam/Rawalpora).","OK (both real, documented localities; haversine 9.71 km vs engine 16.22 km gives circuity ~1.67x, high for an intra-city hop of this length).","~35-45 (using ~10-11 km plausible road-distance estimate combining the two localities' city-centre distances)","One-way ~40.55 min for ~16 km within the city is slow but plausible in dense Srinagar traffic; however the underlying distance itself looks inflated relative to both points being close to the southwestern city core.","REVIEW","No direct source for this specific O-D pair, but the circuity ratio (engine 16.22 km vs haversine 9.71 km, ~1.67x) is the highest among the genuinely intra-city legs in this batch; recommend re-checking the routed path or coordinates for Bagh-e-Mehtab.","Wikipedia Bagh e Mehtab,onefivenine.com Bagh-e-Mehtab,99acres.com Bagh-i-Mehtab"
"SRSR02023027","Qamarwari to Pathachowk","34.094819,74.766082","34.028571,74.905785","19.719","98.6","35","4","Peri_Urban","0.026","14-17","25-30 min","Real corridor; Pantha Chowk (Pathachowk) is documented at ~15-16 km from Srinagar Airport/city centre; Qamarwari is a documented intra-city locality near Bemina Bypass on the western side, so the combined cross-city distance to Pantha Chowk in the southeast is plausible.","OK (both real, well-documented; haversine 14.83 km vs engine 19.72 km, circuity ~1.33x, reasonable for a cross-city diagonal route).","~16-19 (using ~16 km Pantha Chowk-Srinagar baseline plus a few km for the Qamarwari offset)","One-way ~49.3 min for ~20 km diagonally across Srinagar is plausible given typical city traffic.","PASS","Both endpoints are well-documented; the cross-city distance and circuity ratio (1.33x) are reasonable for a Qamarwari (west)-to-Pantha Chowk (southeast) diagonal corridor.","distancesfrom.com Pantha Chowk Srinagar Airport,uber.com Panthachowk-Srinagar,onefivenine.com Qamarwari"
"SRSR01020813","Rangpora to Dalgate","34.161641,74.817634","34.081628,74.826887","15.533","77.7","20","5","Peri_Urban","0.054","9-12","20-25 min","Rangpora/Rangpura is documented as adjacent to Buchpora, providing two major road links connecting Ganderbal with Srinagar -- i.e. on the Ganderbal road north of Soura. Dalgate is a well-known central Srinagar locality near Dal Lake (3 km from Lal Chowk).","OK (both plausible real places; haversine 8.94 km vs engine 15.53 km, circuity ~1.74x is on the high side but not impossible for a route running from the northern Ganderbal-road area down into the congested Dalgate/Dal Lake precinct).","~30-45 (using ~10-11 km plausible road-distance estimate)","One-way ~38.85 min for ~15.5 km through Soura/Hazratbal/Dalgate congestion is plausible but slow.","REVIEW","Circuity ratio (1.74x) is elevated; Rangpora's exact coordinates could not be independently confirmed beyond its description as adjacent to Buchpora on the Ganderbal road, so the precise O-D distance carries some uncertainty -- recommend a coordinate recheck.","ganderbal.nic.in how-to-reach,Wikipedia Buchpora,distancesfrom.com Lal Chowk-Soura via Nowhatta"
"SRSR01020822","Rangpora to LD","34.161641,74.817634","34.081954,74.805892","21.916","109.6","35","5","Peri_Urban","0.054","8-11","20-25 min","Rangpora sits near Buchpora on the Ganderbal road north of Soura; LD (Lalla Ded) Hospital is a well-documented Karan Nagar landmark south of Soura (~34.066,74.808). The two points are both real, but the engine's distance is markedly higher than a straight run down the Ganderbal-Soura-Karan Nagar corridor would suggest.","OK for individual places, but coordinate/path plausibility is QUESTIONABLE -- haversine is only 8.93 km, yet engine models 21.92 km, a 2.45x circuity factor, well above any comparable leg in this batch (most others are 1.2-1.7x).","~99-174 (using a plausible 8-11 km real road-distance estimate down the same corridor, the engine figure is roughly double to triple)","One-way ~54.8 min for under 9-11 km of real road distance would be implausibly slow; the modelled cycle time appears to be built on an inflated distance rather than realistic congestion alone.","REVIEW","Engine's Rangpora-to-LD distance (21.9 km) is far above the ~9-11 km a direct Ganderbal-road-to-Karan Nagar run would imply (haversine only 8.93 km); this is the largest circuity outlier in the batch and likely reflects either a coordinate snap error or an unrealistic routed path -- recommend re-running OSRM for this O-D pair specifically.","Wikipedia Buchpora,srinagar.nic.in Lal Ded Hospital,mappls.com Lalla Ded Hospital"
"SRSR01010809","Rangpora to Soura","34.161641,74.817634","34.137704,74.802102","22.053","110.3","35","5","Peri_Urban","0.043","2-4","10-15 min","Rangpora is documented as immediately adjacent to Buchpora/the Ganderbal road area just north of Soura; Soura is a well-known Srinagar North locality (SKIMS hospital) about 9 km from Lal Chowk. These two points are very close to each other geographically.","FAIL -- haversine straight-line distance is only 3.02 km, yet the engine models 22.05 km (cycle 110.3 min) for what should be one of the shortest legs in the entire dataset; this is a severe coordinate or routing anomaly, not explainable by city circuity.","+635 (engine 22.05 km vs a generous 3-4 km real road-distance estimate for two adjacent localities)","Implausible -- 110.3 min round-trip cycle for two localities ~3 km apart (an expected 5-10 min real one-way drive) cannot be reconciled with any realistic road geometry; this looks like a duplicate-distance or copy-paste error from a much longer route in the same batch (e.g. it matches almost exactly the erroneous 21.9 km Rangpora-to-LD figure).","FAIL","Rangpora and Soura are adjacent localities on the same Ganderbal-road corridor (haversine only 3.02 km), but the engine models a 22.05 km / 110.3-min cycle -- nearly identical to the also-anomalous Rangpora-to-LD route in this same batch, strongly suggesting a data/routing error (e.g. a snapped-to-wrong-node OSRM call or a copy/paste of another route's distance) rather than a real corridor characteristic.","Wikipedia Buchpora,Wikipedia Soura Srinagar,distancesfrom.com Lal Chowk-Soura via Nowhatta"
"SRGB01010902","Soura to Gadoora","34.137704,74.802102","34.176015,74.781487","17.862","89.3","35","4","Peri_Urban","0.76","8-10 (Gadoora is cited as ~8km from SKIMS Soura; haversine 4.66km)","20-25 min one-way est.","No specific named JKRTC/SSCL service found for this exact corridor; plausible local minibus/feeder given Gadoora sits on the Srinagar-Ganderbal border just past Soura","Both endpoints real and correctly placed; Gadoora is a genuine Ganderbal border village adjacent to Soura/SKIMS","approx 100 (engine 17.86 vs real ~9, midpoint of road-distance estimate; villageinfo.in states only ~8km from SKIMS Soura)","Engine one-way ~44.6 min vs real est. 20-25 min; plausible if road is indirect/rural but on the high side","REVIEW","Real-world sources (villageinfo.in) state Gadoora is only about 8 km from SKIMS Soura, well under half the engine's 17.86 km Route_KM; likely an over-estimated road path or coordinate/routing issue inflating distance.","villageinfo.in, onefivenine.com"
"SRSR01020901","Soura to Railway Station","34.137704,74.802102","34.024163,74.847251","18.799","94.0","35","4","Peri_Urban","0.052","15-17 (Soura ~9km north of Lal Chowk; Railway Station ~8km from city centre; haversine 13.29km)","30-35 min one-way est. given city congestion","No single named JKRTC service found directly, but Soura-Lal Chowk-Railway corridor is served by city buses/minibuses; Soura to Lal Chowk segment well documented","Both endpoints real and correctly placed (Soura locality, Srinagar Railway Station)","approx 15-20 (engine 18.8 vs real est. 15-17, within tolerance)","Engine one-way ~47 min vs real ~30-35 min; plausible given Jhelum-area and downtown congestion noted in engine constants","PASS","Corridor and coordinates check out; KM and time are within plausible range for a congested intra-city route via downtown Srinagar.","onefivenine.com, Wikipedia Soura Srinagar, Wikipedia Srinagar railway station"
"SRKG02033901","Srinagar to Bugam","34.07457,74.820502","33.690119,75.025633","62.557","312.8","35","11","Peri_Urban","0.177","62-68 (Kulgam town ~68km from Srinagar per kulgam.nic.in; Bugam is a village in Kulgam tehsil, slightly closer; haversine 46.76km)","100-110 min one-way est. on hill/rural roads","JKRTC operates Srinagar-Kulgam regional services; Bugam itself not separately named in JKRTC timetable but lies on/near the Kulgam corridor","Both endpoints real; Bugam confirmed as a genuine village under Kulgam tehsil, Anantnag/Kulgam district; coordinate consistent with Kulgam-area placement","approx -8 (engine 62.557 vs real ~65-68 midpoint ~66.5, engine slightly under, within tolerance)","Engine one-way ~156 min vs real est. 100-110 min; engine longer, plausible for a long rural multi-stop regional route with layover","PASS","Corridor and distance are realistic for a Srinagar-Kulgam-area regional route; cycle time on the high side but acceptable for a long rural corridor with stops.","kulgam.nic.in, mapsofindia.com, Wikipedia Kulgam"
"SRGB02023901","Srinagar to Gund","34.07457,74.820502","34.257896,75.088684","57.421","287.1","35","11","Peri_Urban","0.443","55-60 (Gund lies on NH1 between Ganderbal ~21km and Sonamarg ~80km from Srinagar; estimated 55-60km; haversine 32.01km)","85-100 min one-way est. on mountain highway","JKRTC/SRTC operates Srinagar-Sonamarg buses via Ganderbal-Kangan-Gund corridor; Gund is a known stop on this route","Both endpoints real; Gund is a genuine tehsil/town on the Srinagar-Sonamarg NH1 highway in Ganderbal district","approx 0 (engine 57.4 vs real est. ~57.5 midpoint, well matched)","Engine one-way ~143.6 min vs real est. 85-100 min; engine notably higher but mountain road with possible seasonal/traffic delays could explain some of the gap","REVIEW","Distance matches well, but the modelled cycle time runs noticeably longer than typical real-world estimates for this NH1 corridor; verify if congestion/layover assumptions for this hill route are appropriately calibrated.","ganderbal.nic.in, ninemash.com, etourismkashmir.com"
"SRPW02033903","Srinagar to Lettar","34.07457,74.820502","33.874121,74.898327","28.413","142.1","35","6","Peri_Urban","0.091","26-32 (Lettar is a Pulwama-area village; Pulwama town itself is 26-32km from Srinagar per multiple sources; haversine 23.42km)","45-55 min one-way est.","No JKRTC service specifically named for Lettar; general Srinagar-Pulwama corridor well served by JKRTC and private buses","Both endpoints real; Lettar is a genuine Pulwama-district village near the Pulwama-Srinagar corridor","approx 0 (engine 28.4 vs real est. ~29 midpoint, well matched)","Engine one-way ~71 min vs real est. 45-55 min; engine higher but plausible with rural stops/layover added to the Pulwama corridor base time","PASS","Distance and corridor are well supported; cycle time runs a bit long but within acceptable bounds for a multi-stop rural feeder.","distancebetween2.com, yatra.com, distancefromto.net"
"SRGB02034001","TRC to Central University Ganderbal via Karan Nagar Zoonimar 90ft Road","34.083498,74.808812","34.272563,74.824405","27.314","136.6","15","12","Peri_Urban","0.44","21-25 (Central University Ganderbal campus is beyond Ganderbal town, which itself is ~15-21km from Srinagar/TRC; haversine 21.07km)","35-45 min one-way est. on city-out-of-city corridor","SSCL/CHALO e-bus network operates a TRC-Ganderbal-area corridor (article confirms a planned/possible TRC-Ganderbal service); CMP_Trunk flag True is consistent with SSCL backbone routes","Both endpoints real; TRC (Tourist Reception Centre, Srinagar) and Central University of Kashmir's Ganderbal campus are genuine, well-documented locations","approx 15-20 (engine 27.3 vs real est. ~23 midpoint, on the high end but within tolerance for a longer route)","Engine one-way ~68.3 min vs real est. 35-45 min; engine notably higher, plausible given multiple via-points (Karan Nagar, Zoonimar, 90ft Road) adding distance/stops not captured in a direct-route estimate","REVIEW","The named via-points (Karan Nagar, Zoonimar Road, 90ft Road) make this a genuinely longer in-city-plus-suburban routing than a direct Srinagar-Ganderbal estimate, which likely explains both the higher KM and time versus straight-route benchmarks; recommend confirming via-point sequencing matches a realistic non-circuitous path.","kashmirlife.net (Red Buses route chart), ganderbal.nic.in, distancebetween2.com"
"SRPW02034005","TRC to Pulwama via Nowgam Kaanipora","34.083498,74.808812","33.871436,74.898398","29.364","146.8","15","12","Peri_Urban","0.159","26-32 (Srinagar-Pulwama direct ~26-32km per multiple sources; Nowgam-Pulwama Road distance cited at 66km appears to be an outlier/different reference point; haversine 24.99km)","45-55 min one-way est. via Nowgam-Kanipora corridor","SSCL/CHALO operates Batamaloo-Pulwama and related e-bus corridors via similar via-points (Drussu Pulwama via Marwal in C1 batch); CMP_Trunk=True consistent with SSCL backbone","Both endpoints real; TRC and Pulwama town are genuine, well-documented; Nowgam and Kanipora are real intermediate Srinagar-side localities on this corridor","approx 0 (engine 29.4 vs real est. ~29 midpoint using the more consistent 26-32km Srinagar-Pulwama figures, excluding the outlier 66km source)","Engine one-way ~73.4 min vs real est. 45-55 min; engine higher but plausible for an e-bus route with multiple via-stops (Nowgam, Kanipora) versus a direct point-to-point estimate","PASS","Distance and time are reasonable once compared against the consistent ~26-32km Srinagar-Pulwama benchmark (the single 66km source for 'Nowgam-Pulwama Road' looks like a different/longer reference route, not used as primary)","distancebetween2.com, yatra.com, alldistancebetween.com"
"PWSR03020939","Wasoora to Srinagar","33.82621,74.971966","34.07457,74.820502","39.631","198.2","35","7","Peri_Urban","0.168","48-50 (Wikipedia: Wasoora is 50km from Srinagar; haversine 30.95km)","75-90 min one-way est. on rural-to-city corridor","No JKRTC service specifically named for Wasoora; general Pulwama-area corridor served by JKRTC/private operators","Both endpoints real; Wasoora is a genuine village in Shahoora Tehsil, Pulwama district, confirmed by Wikipedia with exact distance citation","approx -20 (engine 39.6 vs real 50 per Wikipedia, engine notably under-estimating the real-world figure)","Engine one-way ~99 min vs real est. 75-90 min; engine slightly higher, roughly consistent","REVIEW","Wikipedia states Wasoora is 50 km from Srinagar (and 14 km east of Pulwama HQ), but the engine's Route_KM of 39.6 km is about 20% short of this sourced figure; recommend re-checking the coordinate/routing for Wasoora.","Wikipedia (Wasoora, Pulwama), distancefromto.net"
"SRSR02020223","Baghat Shora to Lalchowk","34.041705,74.802477","34.071262,74.810527","13.003","104.0","35","4","Urban","0.065","3-5 (Baghat/Barzulla area is documented as 2-7km from Lal Chowk depending on exact sub-locality; haversine 3.37km)","10-15 min one-way est. for a short intra-city hop","No single named JKRTC/SSCL route found for 'Baghat Shora' specifically, but Baghat and Lal Chowk are both well within the dense city bus network (e.g., Route 8, Route 9 circular pass nearby)","Both endpoints exist; Baghat Shora maps closely to the Baghat locality near Barzulla/Natipora and Lal Chowk is Srinagar's central hub, but the engine's Route_KM (13km) is far above what a Baghat-Lal Chowk hop should be (~3-7km per sources)","approx 200+ (engine 13.0 vs real est. ~4 midpoint; major over-estimate)","Engine one-way ~52 min vs real est. 10-15 min; engine far higher than expected for such a short urban hop","REVIEW","Baghat (Shora) is documented as only 2-7 km from Lal Chowk by multiple sources (Barzulla ~2km, Bagh-e-Mehtab ~7km), but the engine models a 13 km, 52-minute one-way route for this short intra-city hop -- the routing/coordinate likely picked up a circuitous OSRM path or a less-central 'Shora' sub-point; recommend verifying the exact Baghat Shora coordinate and routing.","onefivenine.com (Baghat locality), distancesfrom.com, latlong.net (Lal Chowk)"
"SRSR02020525","Batamaloo Circular via Khonmoh","34.068715,74.779627","34.041631,74.881908","13.870","98.1","15","9","Urban","0.134","10-13 (no exact source for Khonmoh leg; haversine 9.89km, with circular/via-point road premium typical 25-30% over straight line)","20-25 min one-way est.","SSCL/CHALO 'Route 9 (Circular)' confirmed operating a Batamaloo-based circular loop (Batamaloo, Bemina Bypass, Parimpora, Qamarwari, Cement Bridge, Noor Bagh, Sakidafar, Rajouri Kadal, Bohri Kadal, Munawarabad, M A Road, Jehangir Chowk, Batamaloo) -- a genuine precedent for a Batamaloo circular CMP_Trunk service, though the named via-point here is Khonmoh rather than the cited loop","Both endpoints real; Batamaloo is Srinagar's major bus hub and Khonmoh is a real industrial-area locality southeast of the city; CMP_Trunk=True is consistent with an SSCL circular service precedent","approx 25-30 (engine 13.87 vs real est. ~11 midpoint, on the high side but plausible for a circular route with detour)","Engine one-way ~49 min vs real est. 20-25 min; engine notably higher, but circular/loop routes legitimately run longer due to the loop structure","REVIEW","Real SSCL data confirms a precedent Batamaloo circular e-bus route (the kashmirlife.net 'Route 9' loop), supporting that this corridor type is genuine, but the specific Khonmoh routing and resulting cycle time could not be independently corroborated against a named timetable; treat as plausible but unverified in detail.","kashmirlife.net (Red Buses route chart -- Route 9 circular), onefivenine.com (Khonmoh)"
"SRSR02020501","Batamaloo to Arath","34.068715,74.779627","34.040934,74.846883","12.395","98.5","15","9","Urban","0.277","6-8 (Arath is cited as ~6km from a Zainakote reference point near Batamaloo; haversine 6.92km)","15-20 min one-way est.","No JKRTC/SSCL route named specifically 'Batamaloo to Arath', but SSCL Route 7 (Batamaloo to Airport) and Route 6B (Batamaloo to Budgam) pass through similar southeast Srinagar corridors, making an Arath feeder plausible; CMP_Trunk=True consistent with SSCL network expansion","Both endpoints real; Batamaloo is the city's main bus hub and Arath is a genuine Budgam-border locality near Zainakote","approx 65-80 (engine 12.4 vs real est. ~7 midpoint; notable over-estimate)","Engine one-way ~49.3 min vs real est. 15-20 min; engine substantially higher than a short urban-edge hop would suggest","REVIEW","Arath is documented as only about 6 km from the Zainakote/Batamaloo reference area, well under half the engine's 12.4 km Route_KM, and the implied one-way time (~49 min) is too long for a route this short; recommend re-checking the routing/coordinate for Arath.","elevationmap.net (Zainakote/Arath/Batamaloo proximity), onefivenine.com (Batmaloo locality)"
"SRBG02030501","Batamaloo to Chadoora Chowk via Jehangir Chowk","34.068715,74.779627","34.051336,74.712172","10.858","65.8","15","6","Urban","0.131","8-10 (no precise sourced figure for this exact corridor; haversine 6.51km, plus a documented detour via Jehangir Chowk)","20-25 min one-way est. given the named detour","SSCL/CHALO 'Route 4' (Batmaloo Bus Stand to Chadora Chowk) is explicitly confirmed by TellMyRoute/Kashmir Observer sources as a real, currently-operating e-bus service; this directly corroborates the corridor","Both endpoints real and the corridor is independently confirmed as an existing named bus route (Route 4)","approx 10-20 (engine 10.86 vs real est. ~9 midpoint, within tolerance for a short urban route with a documented via-point detour)","Engine one-way ~32.9 min vs real est. 20-25 min; engine moderately higher but acceptable for a route via Jehangir Chowk with stops","PASS","Strong real-world confirmation: a Batmaloo-Chadora Chowk e-bus service (Route 4) is independently documented as operating, and KM/time are within plausible range for the corridor with the Jehangir Chowk detour.","tellmyroute.com, kashmirobserver.net, kashmirlife.net"
"SRSR02010504","Batamaloo to Hazratbal via Khanyar","34.068715,74.779627","34.132139,74.842167","12.926","103.4","15","9","Urban","0.051","11-13 (Dargah Hazratbal Mosque to Batamaloo cited at 11km direct; via Khanyar detour adds ~1-2km; haversine 9.10km)","25-30 min one-way est. given downtown Khanyar congestion","SSCL/CHALO 'Route 11' (Batamaloo to Hazratbal via Doodh Ganga Road, Chotta Bazar, Syed Mansoor Chowk, Nai Sadak, Nawakadal, Rajouri Kadal, Gojwara, Hawal, Alamgari Bazar, Mill Stop, Botakadal, Lal Bazar, Saderabal, Hazratbal University) is explicitly confirmed as an existing SSCL e-bus route, and Route 6A (Hazratbal to Batamaloo Road via Nigeen, Rainawari, Khanyar) directly matches the 'via Khanyar' naming","Both endpoints real and the corridor is independently confirmed by two named SSCL routes (6A and 11) covering this exact Batamaloo-Hazratbal-Khanyar relationship","approx 8-15 (engine 12.93 vs real est. ~12 midpoint, well matched)","Engine one-way ~51.7 min vs real est. 25-30 min; engine notably higher, but downtown Khanyar/old-city congestion (per the engine's CONGESTION_CITY_CORE constant) plausibly explains slower transit through this historic, narrow-lane district","PASS","Strong real-world confirmation: SSCL Route 6A explicitly names the Batamaloo-Hazratbal corridor 'via Khanyar', and KM matches well; cycle time runs long but is explainable by old-city downtown congestion through Khanyar.","kashmirlife.net (Red Buses route chart -- Routes 6A and 11), distancesfrom.com"
"SRBG02010503","Batamaloo to Nasrullah Pora via Jehangir Chowk Rambagh Hyderpora","34.068715,74.779627","34.044025,74.73198","7.083","43.4","15","5","Urban","0.077","6-8","15-20 min","SSCL Route 6B: Batamaloo-Jehangir Chowk-Rambagh-Parraypora-Hyderpora-Humhama-Ompora-Budgam; CMP_Trunk flag matches a real SSCL backbone corridor toward Budgam/Nasrullah Pora","Both endpoints real (Batamaloo locality confirmed; Nasrullah Pora is a real village just inside Budgam district near Budgam town); haversine 5.2 km consistent with a ~7 km road route via the stated via-points","0","One-way ~21-22 min plausible for ~7 km through congested Jehangir Chowk/Rambagh corridor","PASS","Matches a documented SSCL e-bus corridor (Route 6B) toward Budgam; coordinates and via-points are consistent with known geography; headway 15 min plausible for a CMP trunk.","kashmirlife.net,jksrtc.co.in,onefivenine.com"
"SRSR02020541","Batamaloo to Womens College Batpora via Rainawari","34.068715,74.779627","34.087488,74.808297","4.508","36.1","15","4","Urban","0.075","4-5","12-15 min","Srinagar Women's College (Govt Degree College for Women) relocated to Batpora, Zakura in 2019, near Hazratbal/Rainawari; SSCL Route 6A (Hazratbal-Batamaloo via Nigeen, Rainawari, Khanyar) covers this corridor","Both endpoints real; Batpora/Zakura college confirmed via web search; haversine 3.4 km vs modelled 4.5 km road distance is reasonable for an urban detour via Rainawari","0","One-way ~18 min for 4.5 km through Rainawari is plausible given downtown congestion","PASS","Corridor matches SSCL Route 6A coverage (Rainawari-Khanyar-Batamaloo); destination college confirmed at Batpora, Zakura; numbers are internally consistent for a short urban hop.","kashmirlife.net,srinagarwomenscollege.com,swczakura.edu.in"
"SRSR02020613","Batmaloo to Dalgate","34.079006,74.794454","34.081628,74.826887","5.366","42.9","20","4","Urban","0.008","3-4","10-12 min","Dalgate is a well-known Dal Lake-front tourist/transit hub in central Srinagar; minibuses and JKRTC city buses regularly connect Batamaloo (a major bus stand) to Dalgate","Both endpoints real and well known; haversine 3.0 km vs modelled 5.4 km road distance is plausible given one-way loops around the Dalgate/Boulevard area","20-21","One-way ~21 min for 5.4 km seems slightly long for the haversine distance but explainable by Srinagar's one-way traffic system near Dal Lake/Dalgate","REVIEW","Modelled road distance (5.4 km) is roughly 80% longer than straight-line (3.0 km); within tolerance for a short urban route given the documented Dalgate one-way detours, but extremely low load (0.008) suggests this route may be redundant with other Batamaloo-area services — flag for de-duplication.","onefivenine.com,distcalculator.com,tribuneindia.com"
"SRSR02011109","Chanapora to Soura","34.033985,74.808002","34.137704,74.802102","14.108","105.9","20","7","Urban","0.057","11-12","30-35 min","Chanapora and Soura are both established Srinagar localities; Soura is ~9 km north of Lal Chowk on the Srinagar-Ladakh highway, served by SSCL Route 5/15 networks that pass near Chanapora via Jehangir Chowk/Batamaloo corridors","Both endpoints real; haversine 11.55 km vs modelled 14.1 km is a reasonable ~22% road/circuity premium for a north-south city traverse","17-23","One-way ~53 min for 14 km within city traffic is on the slow side but plausible given congestion through the city core (Jehangir Chowk/downtown) en route to Soura","REVIEW","KM delta is within tolerance but the implied average speed (~16 km/h one-way) is slow even for Srinagar city traffic; verify whether the route truly transits downtown or has a more direct alignment via the bypass.","wikipedia.org (Soura, Srinagar),onefivenine.com,alldistancebetween.com"
"BRBR01010201","Garkote to Baramulla","34.1981,74.364653","34.208735,74.342587","2.961","23.7","35","2","Urban","0.199","37 (real Garkote, Uri block) vs ~2-3 (engine coords)","N/A — coordinate mismatch","No confirmed service to the real Garkote village; only generic JKRTC Kashmir-division services pass near Baramulla town","Garkote (the only documented village of this name in Baramulla district) is in Uri block, 37 km west of Baramulla town and 12 km from Uri town — NOT the ~2.4 km haversine distance implied by the engine's O/D coordinates, which sit just outside Baramulla town itself","ENGINE COORDINATES DO NOT MATCH REAL GARKOTE","N/A","FAIL","Real Garkote village (Uri tehsil, Baramulla district) is 37 km from Baramulla town; the engine's O coordinate (34.1981,74.364653) is only ~2.4 km from its D coordinate (Baramulla town), meaning the geocoder almost certainly resolved 'Garkote' to a wrong/generic point near Baramulla rather than the real village. This is a coordinate/geocoding error, not a real short urban corridor.","onefivenine.com (Garkote-a Uri),villageinfo.org,geolysis.com"
"SRSR01020422","Hazratbal to LD","34.127549,74.835646","34.081954,74.805892","9.286","74.3","35","4","Urban","0.079","6-7","20-25 min","Hazratbal (shrine/locality, north Srinagar) to LD (Lal Ded Hospital area, central Srinagar) is a well-travelled corridor served by city minibuses and SSCL routes via Nigeen/Rainawari/Dalgate","Both endpoints real and well documented; haversine 5.76 km vs modelled 9.3 km is a high ~61% premium, larger than typical for this corridor length","34-55","One-way ~37 min for what should be a ~6-7 km drive (10-15 min by Google Maps-type estimate) suggests Eng_Cycle is overstated, OR the route takes a longer via-alignment not stated in the name","REVIEW","Distance premium (haversine 5.76 vs modelled 9.3 km, +61%) is higher than typical for a direct Hazratbal-LD hop; either an unstated via-detour exists or the route geometry needs rechecking. Corridor and both endpoints are real and served.","wikipedia.org (Hazratbal),onefivenine.com,kashmirlife.net"
"SRSR02022941","Hazratbal, Lalbazar","34.111187,74.747451","34.087134,74.811433","8.808","70.5","35","4","Urban","0.057","6-7","18-22 min","Lal Bazar (Srinagar, pin 190023) is ~8 km from city centre; corridor between Parimpora/Hazratbal area and Lal Bazar plausible via local minibus network, no dedicated SSCL route confirmed by name","O coordinate (34.111187,74.747451) is actually Parimpora, not Hazratbal proper (~34.1275,74.8356 per other rows) — naming/endpoint inconsistency; D (Lal Bazar) correctly placed","27-39","One-way ~35 min for 8.8 km is slow but plausible for downtown Lal Bazar congestion","REVIEW","Route name says 'Hazratbal' but O coordinate (34.111187,74.747451) matches Parimpora, not the true Hazratbal point used elsewhere (34.127549,74.835646) — likely a naming/endpoint mismatch from route consolidation; verify intended origin.","onefivenine.com (Lal Bazar); wikipedia.org (Hazratbal); indiainfo.net"
"SRSR02021807","JVC to Batwara","34.085141,74.762209","34.05838,74.85221","14.66","117.3","35","5","Urban","0.029","9-10","25-30 min","JVC = JVC Hospital, Bemina (Police Colony Green Belt) — a real, well-known landmark; Batwara is a real Srinagar neighbourhood near Jawahar Nagar/Rajbagh area","Both endpoints real; haversine 8.81 km vs modelled 14.66 km (+66%) is a notably high circuity premium for an intra-city route","48-59","One-way ~59 min for 14.66 km (avg ~15 km/h) is slow even for Srinagar congestion; suggests the route detours significantly or the cycle time is overstated","REVIEW","KM premium (+66% over haversine) and slow implied speed (~15 km/h one-way) are both on the high end; corridor and endpoints (JVC Hospital Bemina; Batwara) are real, but the routing/cycle-time should be rechecked against an actual road path.","mappls.com (JVC Hospital Bemina),justdial.com,onefivenine.com (Jawahar Nagar)"
"SRSR02022008","Jehangir Chowk to Bemina","34.071881,74.804719","34.07618,74.768237","6.545","52.4","35","3","Urban","0.019","5","10-15 min","Confirmed by The Tribune: 'Bemina-Jehangir Chowk travel a chaotic affair' — distance reported as 'merely five kilometres'; well-documented congested corridor; also covered by SSCL Route 9 circular","Both endpoints real and the corridor is independently documented in local press","31","One-way ~26 min for 5-6 km matches the press characterization of this corridor as congested/'chaotic' despite the short distance","PASS","Independently confirmed real, congested corridor (Tribune article explicitly describes Bemina-Jehangir Chowk as ~5 km but slow); modelled 6.5 km is a reasonable circuity allowance (+31%, within short-route tolerance); headway/fleet sane.","tribuneindia.com,kashmirlife.net,mappls.com"
"SRSR02022016","Jehangir Chowk to HMT","34.071881,74.804719","34.108505,74.74716","10.311","82.5","35","4","Urban","0.027","7-8","20-25 min","HMT = the old HMT Watch Factory locality at Zainakote, Shaltang HMT Road, Industrial Area, Srinagar — a real, documented locality (190012); served by general city/JKRTC minibus services along Shaltang Road","Both endpoints real; haversine 6.68 km vs modelled 10.3 km (+44-54%) is a moderate-to-high circuity premium for this distance class","32-41","One-way ~41 min for 10.3 km (avg ~15 km/h) is slow but within plausible bounds for Srinagar peri-urban congestion","REVIEW","KM premium is on the high side (+44% to +54% vs two plausible real-road estimates) for a route of this length; corridor and endpoint (HMT/Zainakote) are real and documented, but routing should be rechecked for unnecessary detour.","mappls.com (Zainakote/HMT),greaterkashmir.com (HMT factory history),wikimapia.org"
"SRSR02022018","Jehangir Chowk to JVC","34.071881,74.804719","34.085141,74.762209","7.723","61.8","35","3","Urban","0.045","4-5","12-15 min","JVC Hospital, Bemina — same real landmark as in route SRSR02021807; corridor along the Jehangir Chowk-Bemina-Police Colony axis is plausible and covered by general city bus services","Both endpoints real; haversine 4.18 km vs modelled 7.7 km (+54-93%) shows a notable circuity premium for a short urban hop","31-46","One-way ~31 min for 7.7 km is slow (avg ~15 km/h) but plausible given downtown congestion near Bemina/Police Colony","REVIEW","KM premium is high (+54% to +93% over haversine) for a sub-8 km urban route; while within the wider ±25% short-route tolerance band only at the low end of the range, this and the related JVC-to-Batwara route both show elevated circuity — worth a routing recheck.","mappls.com (JVC Hospital Bemina),justdial.com"
"SRSR02012009","Jehangir Chowk to Soura","34.071881,74.804719","34.137704,74.802102","10.004","80.0","20","5","Urban","0.073","8-9","20-25 min","SSCL Route 5 (TRC-Soura via Jehangir Chowk, Batamaloo, Karan Nagar/SMHS, Eidgah, Ali Jan Road) and Route 15 both explicitly serve this corridor; well-documented real city route","Both endpoints real; haversine 7.32 km vs modelled 10.0 km (+11-25%) is within normal urban circuity tolerance","0-25","One-way ~40 min for ~10 km (avg ~15 km/h) reflects genuine Srinagar city-core congestion along this documented corridor","PASS","Corridor explicitly matches documented SSCL Route 5/15 alignment (Jehangir Chowk-Batamaloo-Karan Nagar-Eidgah-Soura); KM delta within tolerance; headway/fleet plausible for a busy intra-city link.","kashmirlife.net,wikipedia.org (Soura),jksrtc.co.in"
"SRSR02012208","LD Hospital to Pandach via Jehangir Chowk Dalgate Khanyar","34.081954,74.805892","34.161105,74.816704","10.884","87.1","15","7","Urban","0.167","9-10","20-25 min","SSCL Route 1: TRC to Pandach via Sangarmal, Fountain Crossing, Bishember Nagar, Napura, Rainawari, Saida Kadal, Nigeen, Hazratbal University, Habak Crossing, Zakura, Pandach — confirms Pandach as a real terminus on a documented SSCL trunk route via the Khanyar/Rainawari corridor","Both endpoints real; LD (Lal Ded Hospital area) and Pandach (northern Srinagar, on KZP road, pin 190011) are well documented; haversine 8.86 km vs modelled 10.9 km (+10-23%) is within tolerance","0","One-way ~44 min for ~11 km matches a multi-stop SSCL trunk route through downtown (Khanyar/Dalgate) with several intermediate stops","PASS","Matches the real SSCL Route 1 alignment (TRC/LD area to Pandach via Khanyar/Rainawari/Zakura); CMP_Trunk=True flag is correct; KM delta within tolerance; headway 15 min appropriate for an SSCL backbone route.","kashmirlife.net,greaterkashmir.com (KZP road),pincodes.info (Pandach)"
"SRSR02022227","LD to Panthachowk","34.081954,74.805892","34.028571,74.905785","13.344","106.8","35","5","Urban","0.038","13-16","30-40 min","JKRTC city routes and private minibuses link LD Hospital Wazir Bagh corridor to Pantha Chowk; Pantha Chowk is a known bus stand on the Srinagar-Jammu highway side, frequent local services exist","Both endpoints real and correctly placed; haversine 10.95 km vs real road ~14.5 km is normal for this corridor with the Jhelum-side road bend","-8","One-way ~53 min modelled vs ~30-40 min real plausible given congestion/layover allowance","PASS","Real corridor, well-known Srinagar landmarks, modelled KM within tolerance of typical road distance; fleet/headway reasonable for an urban link","jksrtc.co.in, distancesfrom.com, onefivenine.com"
"SRSR02022229","LD to Parimpora","34.081954,74.805892","34.111187,74.747451","10.44","83.5","35","4","Urban","0.015","8-9","20-25 min","Parimpora is the main inter-district bus terminal of Srinagar; LD Hospital (Wazir Bagh) to Parimpora is served by city minibuses via Jehangir Chowk/Batamaloo corridor","Both endpoints real; haversine 6.29 km vs LD-area to Parimpora road distance commonly cited near 8 km is consistent with city street routing","20","One-way ~42 min modelled vs ~20-25 min real is on the high side but plausible with downtown congestion and stops","REVIEW","Modelled one-way time appears generous relative to the short distance; otherwise corridor and coordinates check out fine","onefivenine.com, indiamapia.com, jksrtc.co.in"
"SRSR01020522","Lalbazar to LD","34.125566,74.817375","34.081954,74.805892","9.308","74.5","20","5","Urban","0.1","6-7","15-20 min","Lal Bazar is a real Srinagar locality (police station area) on a known city corridor; LD Hospital is centrally located; regular city bus/minibus service plausible on this short hop","Both endpoints exist; haversine 4.96 km vs an expected road distance of 6-7 km is consistent for a short urban link with minor street detour","40","One-way ~37 min modelled is high for a roughly 6-7 km hop even with downtown congestion","REVIEW","KM_Delta is large in percentage terms but the absolute gap is only ~2-3 km, typical for very short urban routes; cycle time and headway look generous - worth re-checking origin pin for Lal Bazar","onefivenine.com, distancesfrom.com, wikipedia.org"
"SRSR01020523","Lalbazar to Lalchowk","34.125566,74.817375","34.071262,74.810527","8.433","67.5","20","5","Urban","0.039","6-8","20 min","Lal Chowk is the central commercial hub of Srinagar; Lal Bazar to Lal Chowk is a standard short city-bus hop served by JKRTC city routes and private minibuses","Both endpoints real and well documented; haversine 6.07 km vs typical road distance 6-8 km is consistent","5","One-way ~34 min modelled vs ~20 min real is somewhat high but acceptable for downtown congestion with stops","PASS","Real, well-known corridor; coordinates and distance check out; cycle time slightly generous but within tolerance for a busy central route","wikipedia.org, onefivenine.com, thrillophilia.com"
"SRSR01020529","Lalbazar to Parimpora","34.125566,74.817375","34.111187,74.747451","12.646","101.2","35","4","Urban","0.071","9-11","25-30 min","Parimpora bus terminal is connected to most Srinagar localities including Lal Bazar via the Jehangir Chowk-Batamaloo corridor on existing city routes","Both endpoints real; haversine 6.63 km vs an estimated road distance of 9-11 km via the street network is plausible given the curved approach to Parimpora","25","One-way ~51 min modelled is high relative to ~9-11 km but consistent with Parimpora-area congestion at the terminal approach","REVIEW","Distance and corridor are plausible but on the upper edge of tolerance; cycle time is generous - flag for headway/fleet re-check rather than route validity","onefivenine.com, indiamapia.com"
"SRSR01020530","Lalbazar to Qamarwari","34.125566,74.817375","34.094819,74.766082","8.695","69.6","20","5","Urban","0.09","7-9","20-25 min","Qamarwari is a major Srinagar locality on the Batamaloo-Bemina corridor, served by JKRTC Route 9 and 12A style city buses passing close to Lal Bazar via Jehangir Chowk","Both endpoints real; haversine 5.83 km vs an estimated 7-9 km road distance is reasonable for this cross-town hop","9","One-way ~35 min modelled vs ~20-25 min real is on the high side but acceptable for a busy intra-city corridor","PASS","Real corridor with established city bus precedent (Route 9/12A family); coordinates and distance within tolerance","jksrtc.co.in (Route 9/12A), onefivenine.com"
"ANAN01010201","Lammer to Anantnagh","33.730216,75.14856","33.74535,75.186081","4.333","31.3","35","2","Urban","0.324","4-5","10-12 min","Lammer/Larnoo-area villages near Anantnag town are served by short-haul JKRTC/private minibus feeder links into the Anantnag bus stand, a normal pattern in this district","Lammer is a real settlement near Anantnag (district records show Larnoo-area villages in this zone); haversine 3.86 km is consistent with a short peri-urban feeder distance of 4-5 km","4","One-way ~16 min modelled vs ~10-12 min real is reasonable for a short feeder with stops","PASS","Short, plausible local feeder route near Anantnag town; coordinates place both points correctly in the same micro-region; numbers consistent","anantnag.nic.in, villageinfo.in, onefivenine.com"
"SRSR02022420","Lawaypora to Jehangir Chowk","34.117297,74.698752","34.071881,74.804719","14.207","113.7","35","5","Urban","0.034","11-13","25-30 min","Lawaypora is a known Srinagar-north locality (~9 km from Lal Chowk per local sources) on the Narbal-Srinagar corridor; Jehangir Chowk is a major city interchange; route plausible via existing city/feeder services","Both endpoints real; haversine 10.99 km vs an estimated 11-13 km road distance is well within tolerance","12","One-way ~57 min modelled vs ~25-30 min real is generous but acceptable for a longer cross-city hop with congestion","PASS","Real corridor connecting a peri-urban locality to the central interchange; coordinates and distance consistent","mappls.com, distancesfrom.com (Lal Chowk-Hyderpora reference), onefivenine.com"
"SRSR02022537","Ma Road to Safakadal","34.040034,74.877958","34.09322,74.791695","13.244","106.0","35","5","Urban","0.045","11-13","25-30 min","MA Road and Safakadal are both established Srinagar downtown localities; MA Road spans roughly 12.5 km within Srinagar North subdistrict and Safakadal is a core old-city locality, both served by city bus/minibus services","Both endpoints real and documented; haversine 9.91 km vs an estimated 11-13 km road distance via the city street grid is reasonable","12","One-way ~53 min modelled vs ~25-30 min real is generous but plausible given old-city congestion and narrow lanes near Safakadal","PASS","Real, well-documented downtown corridor; coordinates and distance are consistent; old-city congestion justifies a longer modelled time","geoiq.io (MA Road length), onefivenine.com, facebook.com (Safakadal locality)"
"SRSR01020622","Malbagh to LD","34.144232,74.825477","34.081954,74.805892","11.428","91.4","20","6","Urban","0.165","8-10","20-25 min","Malabagh is a documented Srinagar locality; LD Hospital is a major destination for local trips; a direct city minibus/feeder service on this corridor is consistent with general Srinagar local transport patterns","Both endpoints real; haversine 7.16 km vs an estimated 8-10 km road distance is reasonable for this corridor","20","One-way ~46 min modelled vs ~20-25 min real is on the high side but acceptable for a busy north-Srinagar approach into the city centre","REVIEW","Real corridor and coordinates check out; modelled cycle time runs a bit long relative to the short distance - fleet of 6 for a 20 min headway, 0.165 load looks generous but not unreasonable for a hospital-bound route","onefivenine.com (Malabagh locality), srinagar.nic.in (LD Hospital)"
"SRSR02022634","Old City Loop Downtown Srinagar","34.094215,74.81279","34.102708,74.808868","1.169","9.4","15","2","Urban","0.02","1.5-2.5","5-8 min","SSCL e-bus network explicitly covers Old City markets (Nowhatta, Alamgari Bazar, Maharaj Gunj) per Kashmir Smart City bus map; a short circular shuttle within the old city core is a documented SSCL service pattern (CHALO app coverage)","Both endpoints fall within the dense old-city core (Nowhatta/Safakadal/Alamgari Bazar cluster); haversine 1.01 km is consistent with this being a short downtown loop, not a long-haul route","-22","One-way time is effectively a short shuttle hop (under 10 min including stops) which matches a circular old-city loop concept","PASS","Plausible short SSCL circular loop through the dense Old City core consistent with the SSCL/CHALO route map; absolute km gap is tiny so percentage delta is not meaningful for a sub-2km loop","kashmirlife.net (SSCL route chart), x.com/AtharAamirKhan (SSCL route map), onefivenine.com"
"SRSR02022728","Pantha Chowk to Panzinara","34.044708,74.833526","34.058576,74.763155","10.811","86.5","15","7","Urban","0.269","8-10","20-25 min","Pantha Chowk is a documented SSCL/JKRTC bus stand on the Srinagar-Jammu highway approach; Panzinara is a Srinagar locality reached via Jehangir Chowk corridor; SSCL e-bus coverage includes Pantha Chowk-area routes per the published route map","Both endpoints real; haversine 6.66 km vs an estimated 8-10 km road distance via the city road network (not a straight line) is reasonable","20","One-way ~43 min modelled vs ~20-25 min real is generous but acceptable for a CMP/SSCL trunk passing through congested central junctions","REVIEW","Real corridor consistent with SSCL coverage; modelled distance/time on the higher side of tolerance for a 15-min headway trunk with fleet of 7 - worth re-checking if Panzinara terminal pin is precise","kashmirlife.net (SSCL route chart), mappls.com (Pantha Chowk bus stand), onefivenine.com"
"SRSR02022919","Parimpora to Jawahairnagar","34.111187,74.747451","34.060665,74.811725","12.642","101.1","35","4","Urban","0.03","9-11","20-25 min","Jawahar Nagar is a documented Srinagar locality about 4 km from the city centre; Parimpora terminal connects to most city localities via existing minibus/city-bus routes; plausible direct or via-Jehangir Chowk service","Both endpoints real and documented; haversine 8.16 km vs an estimated 9-11 km road distance is reasonable for this cross-town link","13","One-way ~51 min modelled vs ~20-25 min real is generous but acceptable for a Parimpora-terminal-anchored route with congestion at the terminal approach","PASS","Real, well-documented locality pair; coordinates and distance consistent; cycle time slightly long but within plausible range for terminal-to-locality service","wikipedia.org (Jawahar Nagar), onefivenine.com, alldistancebetween.com"
"SRSR02022935","Parimpora to Rawalpora","34.111187,74.747451","34.01977,74.799735","14.409","115.3","35","5","Urban","0.105","12-14","25-35 min","Both are established Srinagar localities on the JKRTC city-bus grid (Parimpora is a major bus terminus/fruit mandi hub; Rawalpora is a populous southwest Srinagar colony off the bypass). No dedicated direct-route timetable found but the corridor is plausible via the bypass/Hyderpora road.","Both endpoints verified real Srinagar localities; haversine 11.25 km is consistent with a 12-14 km road distance given the bypass routing.","-15 to -3","Cycle 115.3 min implies one-way approx 50-55 min for a 12-14 km urban trip, slow but plausible under Srinagar congestion via bypass/Hyderpora.","PASS","Corridor and coordinates check out; engine KM is within a reasonable band of the estimated real road distance once bypass routing is considered.","onefivenine.com,distancesfrom.com,alldistancebetween.com,mappls.com"
"SRSR02022938","Parimpora to Saidakadal","34.111187,74.747451","34.103619,74.827952","14.067","112.5","20","7","Urban","0.054","8-10","20-25 min","Parimpora (bus terminus/fruit mandi) and Saidakadal (old-city bridge/locality on the Jhelum) are both real, well-known Srinagar nodes; JKRTC's circular Route 9 explicitly links Parimpora-area stops to old-city points (Rajouri Kadal, Bohri Kadal) near Saidakadal.","Coordinates plausible for both named localities; no several-km offset evident.","41-56","Cycle 112.5 min implies one-way approx 50 min for an 8-10 km old-city corridor; this is slow but explainable by old-city congestion and the Jhelum-bridge bottleneck near Saidakadal.","REVIEW","Engine KM (14.07) is roughly 41-56% higher than a realistic 8-10 km road distance between Parimpora and old-city Saidakadal; likely an inflated/indirect engine path. Corridor itself and headway/fleet are otherwise plausible given old-city congestion.","kashmirlife.net,mapcarta.com,onefivenine.com"
"SRSR02023013","Qamarwari to Dalgate","34.094819,74.766082","34.081628,74.826887","8.844","70.8","20","5","Urban","0.064","6-8","18-22 min","Qamarwari (residential/UPHC locality) and Dalgate (Boulevard/houseboat tourist hub near Dal Lake) are both real, well-served Srinagar points on JKRTC's Route 2/Route 9-type corridors via Jehangir Chowk.","Coordinates consistent with known locality positions; no offset issue.","11-47","Cycle 70.8 min implies one-way approx 33-35 min for a 6-8 km trip via Jehangir Chowk-Dalgate corridor; plausible given the Dalgate tourist-zone congestion.","PASS","Real corridor and coordinates verified; engine KM is within reasonable tolerance of the 6-8 km road-distance band once the Jehangir Chowk routing detour is accounted for.","onefivenine.com,thrillophilia.com,kashmirlife.net"
"SRSR02013004","Qamarwari to Hazratbal","34.094819,74.766082","34.127549,74.835646","14.081","112.6","35","5","Urban","0.094","7-9","20-25 min","Confirmed real corridor: web sources give Qamarwari-Hazratbal Rd straight distance as 7 km/12 min; JKRTC Route 6A and Route 5 explicitly connect Hazratbal to Batamaloo-area stops via Khanyar/Rainawari, a route Qamarwari would feed into.","Coordinates check out (haversine 7.37 km closely matches the independently reported 7 km figure).","57-101","Cycle 112.6 min implies one-way approx 52-56 min, much slower than the ~12-20 min reported for a direct 7 km trip; the engine distance/time look heavily inflated for this pair.","REVIEW","Web sources independently confirm Qamarwari-Hazratbal is ~7 km/~12-20 min by road, but engine models 14.08 km and a ~55-min one-way time — roughly double; likely an indirect/looped path or unit issue in the engine route geometry.","alldistancebetween.com,distancesfrom.com,waze.com"
"SRSR02023020","Qamarwari to Jehangir Chowk","34.094819,74.766082","34.071881,74.804719","12.659","101.3","35","4","Urban","0.021","5-6","15-18 min","Both real, central Srinagar points; Jehangir Chowk is a major interchange used by virtually every JKRTC city route (Route 2, 5, 9 etc.), and Qamarwari is on the JKPDC Jehangir Chowk-Batmaloo corridor per TellMyRoute stop data.","Coordinates consistent with known positions; haversine only 4.38 km versus engine's 12.66 km road distance is a large gap even allowing for street-grid detour.","111-153","Cycle 101.3 min implies one-way approx 47-50 min for what should be a roughly 5-6 km, 15-18 min city hop; this is a large mismatch.","REVIEW","Engine KM (12.66) is more than double the haversine (4.38 km) and well above any reasonable road-detour factor for two adjacent central-Srinagar points; route geometry likely includes an unnecessary loop. Corridor and headway/fleet otherwise sane.","tellmyroute.com,kashmirlife.net,onefivenine.com"
"SRSR02023029","Qamarwari to Parimpora","34.094819,74.766082","34.111187,74.747451","14.577","116.6","35","5","Urban","0.022","2-3","8-10 min","Both real, adjacent Srinagar localities; web sources note Parimpora's fruit mandi is roughly 0.8 km from Qamarwari, and JKRTC's Route 9 circular explicitly strings Qamarwari and Parimpora together as consecutive stops.","Haversine only 2.5 km, consistent with the ~0.8-3 km separation reported by sources; engine's 14.58 km road distance is a severe outlier for two adjacent, directly-linked stops.","386-628","Cycle 116.6 min implies a ~55-min one-way trip between two stops that are consecutive on an existing circular route (which covers far more ground in less time); not plausible.","REVIEW","Severe distance mismatch: independently-confirmed adjacency (~0.8-3 km, both on JKRTC Route 9) versus engine's 14.58 km / ~55-min one-way; engine geometry for this pair is almost certainly wrong (likely picked up a long detour or mis-snapped node).","mappls.com,kashmirlife.net,onefivenine.com"
"SRSR01020823","Rangpora to Lalchowk","34.161641,74.817634","34.071262,74.810527","13.983","111.7","20","7","Urban","0.119","9-11","25-30 min","Rangpora is a northern Srinagar locality (near Soura/Ganderbal Road) and Lal Chowk is the central business district; web search could not isolate a specific Rangpora-Lal Chowk distance, but both endpoints are independently real and the corridor direction (north Srinagar to city centre) matches existing JKRTC trunk patterns (e.g. Soura-Lalchowk type routes).","Coordinates plausible: Rangpora's position north of Soura (lat 34.16) versus Lal Chowk (lat 34.07) gives a haversine of 10.07 km, consistent with a 9-11 km road estimate.","27-56","Cycle 111.7 min implies a ~52-56 min one-way trip for a roughly 10 km corridor; slow, but plausible if Rangpora is a more distant northern suburb subject to congestion approaching the city centre.","REVIEW","Could not find a direct, named source confirming Rangpora-Lal Chowk distance/service; haversine (10.07 km) is reasonably close to engine KM but the one-way time of ~55 min for ~10-14 km looks inflated versus comparable Srinagar corridors (e.g. Soura-Lalchowk runs faster). Flagging for time-plausibility, not corridor existence.","latlong.net,distancesfrom.com,onefivenine.com"
"SRSR02023314","Rangreth to District Court via Barzulla Jehangir Chowk","34.024711,74.790406","34.100536,74.797551","10.327","82.6","15","7","Urban","0.144","8-9","20-25 min","Confirmed real corridor: a Srinagar bus Route 8 explicitly runs Rangreth to Rambagh via Rawalpora, Sanat Nagar, Baghat Barzulla and Rambagh, matching this route's listed via-points (Barzulla, Jehangir Chowk) almost exactly; District Court Srinagar sits near the Jehangir Chowk/Batamaloo civil-lines area.","Coordinates consistent with Rangreth (south Srinagar, near the bypass) and the Jehangir Chowk-area District Court; haversine 8.46 km matches an 8-9 km road estimate well, including the named via-points.","15-29","Cycle 82.6 min implies a ~38-41 min one-way trip via three named via-points (Barzulla, Jehangir Chowk), consistent with a multi-stop urban corridor with documented existing bus service.","PASS","Strong real-world match: a near-identical existing JKRTC route (Rangreth-Rambagh via Rawalpora/Barzulla) corroborates this corridor; engine KM and time are within reasonable bounds for a via-point urban route.","mapsofindia.com,bankbazaar.com,kashmirlife.net"
"SRSR02023720","Safakadal to Jehangir Chowk","34.09322,74.791695","34.071881,74.804719","3.149","25.2","20","3","Urban","0.02","2-3","8-10 min","Safakadal (old-city locality/bridge on the Jhelum) and Jehangir Chowk (major interchange) are both real, close-together Srinagar points; the old-city-to-Jehangir Chowk corridor is a well-trodden segment of multiple JKRTC routes (Route 5, Route 9).","Coordinates consistent with known positions; haversine 2.66 km matches the expected 2-3 km road distance for this short old-city hop.","5-57","Cycle 25.2 min implies a ~12-13 min one-way trip for a 2-3 km old-city hop; plausible given narrow old-city streets and the Jhelum-adjacent congestion.","PASS","Short, well-established old-city corridor; coordinates and distance are consistent, and the modelled time is reasonable for old-city congestion.","onefivenine.com,mapcarta.com,kashmirlife.net"
"SRSR02023736","Safakadal to SMHS","34.09322,74.791695","34.086425,74.798484","6.257","50.1","35","3","Urban","0.034","1-1.6","6-10 min","Confirmed: independent web sources state Safakadal is approximately 0.8-1.6 km from SMHS Hospital (Shri Maharaja Hari Singh Hospital, Karan Nagar); this is a short, very well-known old-city-to-hospital corridor used by many local routes.","Haversine 0.98 km closely matches the independently reported 0.8-1.6 km figure; coordinates are accurate.","291-526","Cycle 50.1 min implies a ~23-25 min one-way trip for what real sources show is roughly a 1-1.6 km, under-10-min hop; the engine has drastically overstated both the distance and the time for this very short corridor.","FAIL","Engine models 6.26 km / ~23-25 min one-way for a corridor independently confirmed at 0.8-1.6 km / under 10 min — a 4-6x distance overstatement; the engine likely mis-snapped one endpoint onto a long detour or a wrong road segment for this very short hop.","onefivenine.com,jkb.bank.in,justdial.com"
"SRSR02023810","Saidakadal to Bypass","34.103619,74.827952","34.090936,74.760881","13.28","106.2","20","7","Urban","0.067","7-8","18-22 min","Saidakadal (old-city bridge locality) and the Srinagar Bypass (ring-road corridor referenced in IMRR/3-ring-road planning coverage) are both real; a bypass-feeder route from the old city is plausible given Srinagar's ongoing ring-road development discourse.","Coordinates plausible; haversine 6.33 km versus engine's 13.28 km is roughly double, larger than a typical street-grid detour factor would explain.","66-90","Cycle 106.2 min implies a ~49-51 min one-way trip for what should be a 7-8 km hop; this is markedly slow for the modelled distance.","REVIEW","Engine KM (13.28) is roughly double the haversine (6.33 km) and the implied detour factor (~2.1x) is high even for Srinagar's old-city street grid; corridor existence (old city to bypass) is plausible but the specific routed distance looks inflated.","greaterkashmir.com,mapcarta.com,kashmirobserver.net"
"SRSR01020904","Soura to Batamallo","34.137704,74.802102","34.069343,74.791812","11.366","90.9","20","6","Urban","0.056","9-10","20-25 min","Confirmed real, well-documented corridor: JKRTC Route 5 explicitly runs TRC to Soura via Jehangir Chowk, Batamaloo, Karan Nagar, Eidgah, Ali Jan Road; Soura is independently cited as roughly 9 km from the TRC/city-centre area, consistent with a Soura-Batamaloo distance in the 9-10 km range.","Coordinates consistent with known Soura and Batamaloo positions; haversine 7.66 km is in a reasonable range relative to the cited ~9 km figure once road routing is applied.","14-26","Cycle 90.9 min implies a ~42-45 min one-way trip for a roughly 9-10 km corridor with multiple via-points (matching the documented Route 5 alignment); plausible.","PASS","Strong real-world match to an existing, named JKRTC route (Route 5: TRC-Soura via Batamaloo); engine KM and time are within reasonable bounds.","kashmirlife.net,tellmyroute.com,waze.com"
"SRSR01020912","Soura to Chuntwaliwar","34.137704,74.802102","34.094606,74.800214","5.78","46.2","20","4","Urban","0.08","4-5","12-15 min","Soura is a well-documented, major Srinagar locality (SKIMS hospital, Anchar Lake), but Chuntwaliwar could not be independently verified as a recognised place name in any web source searched (Wikipedia, onefivenine, mapcarta, dbpedia all return no match); it may be an informal/very local neighbourhood name or a misspelling of a nearby locality.","Destination coordinate (34.0946,74.8002) sits a short distance south of Soura towards Jehangir Chowk/Lal Bazar, a plausible city-area location even though the named locality is unconfirmed.","21-45","Cycle 46.2 min implies a ~21-23 min one-way trip for a short 4-5 km in-city hop; time itself is plausible if the corridor exists as modelled.","REVIEW","Could not independently confirm Chuntwaliwar as a real, named Srinagar locality despite searching multiple gazetteer/map sources; Soura and the destination coordinate are otherwise plausible and close to known urban areas, so this is flagged for endpoint-name verification rather than a hard FAIL.","wikipedia.org,onefivenine.com,dbpedia.org,mapcarta.com"
"SRSR01020913","Soura to Dalgate","34.137704,74.802102","34.081628,74.826887","11.745","94.0","20","6","Urban","0.072","7","15-20 min","Local minibuses and JKSRTC city buses ply Soura-Habba Kadal-Dalgate corridor; plausible urban route","Both endpoints real and correctly placed; straight-line 6.64 km vs road 7 km is consistent","68","One-way modelled ~47 min vs real ~15-20 min is high but explainable by Jhelum-bank congestion, Habba Kadal narrow lanes and multiple stops","REVIEW","Real road distance (~7 km via distancesfrom.com) is well below the modelled 11.745 km, a 68% overstatement; likely the engine routed via a longer corridor than the direct Soura-Dalgate Bridge road. Headway 20 min and fleet 6 are still plausible for an urban link given the high cycle time used.","distancesfrom.com, Wikipedia Soura"
"SRGB01010903","Soura to Ganderbal","34.137704,74.802102","34.192755,74.769753","9.86","78.9","35","4","Urban","0.64","10-15","18-22 min","Private minibuses and shared taxis run Srinagar-Ganderbal via Soura/Shalteng on NH1; JKSRTC also services this corridor","Both endpoints real; Soura is correctly placed on the north Srinagar edge; Ganderbal town centre coordinate plausible, straight-line 6.81 km consistent with a 10-15 km road distance allowing for the Sindh river crossing route","Approx -15 to +1 (using midpoint 12.5 km: -21%; using low end 10 km: -1%)","One-way modelled ~39 min vs real ~18-22 min is roughly double, but acceptable for a semi-rural NH1 corridor with traffic and the route is correctly classified Urban given it touches Srinagar city limits","REVIEW","Real driving distance for Soura/Srinagar to Ganderbal is commonly cited as 10-15 km depending on source and exact start point; modelled 9.86 km falls at the low end of that range, so it is plausible but on the short side. Treat as REVIEW for verification of the exact alignment used, not a hard error.","distancebetween2.com, onefivenine.com, ganderbal.nic.in"
"SRSR01010904","Soura to Hazratbal","34.137704,74.802102","34.127549,74.835646","8.337","66.7","35","3","Urban","0.293","6","10-12 min","Local minibuses connect Soura and Hazratbal along the Dal Lake northern shore road; well-established short urban hop","Both endpoints real and correctly placed along Dal Lake's north shore; straight-line 3.29 km vs road distance about 6 km is a normal detour ratio for this lakeside alignment","39","One-way modelled ~33 min vs real ~10-12 min is markedly high for a 6 km lakeside hop","REVIEW","Real road distance per alldistancebetween.com is about 6 km (7 min driving) vs modelled 8.337 km, a 39% overstatement, and the one-way time of ~33 min is roughly 3x the real drive time even allowing for stops. The corridor and headway/fleet are sound; the KM and cycle-time figures look inflated.","alldistancebetween.com, onefivenine.com"
"SRSR01020922","Soura to LD","34.137704,74.802102","34.081954,74.805892","10.099","80.8","20","6","Urban","0.077","7-8","15-18 min","LD (Lal Ded) Hospital, Wazir Bagh is a major destination served by city buses and minibuses from north Srinagar including Soura","Both endpoints real; LD Hospital is correctly in the Wazir Bagh/Lal Chowk area, straight-line 6.21 km is consistent with a ~7-8 km road route via the city core","30","One-way modelled ~40 min vs real ~15-18 min is high but plausible given LD Hospital's location in dense downtown traffic near Lal Chowk","REVIEW","LD Hospital (Lal Ded) sits in Wazir Bagh near Lal Chowk; estimated real road distance from Soura is about 7-8 km versus the modelled 10.1 km (about 30% over), and modelled one-way time of ~40 min is roughly double a realistic drive even with downtown congestion factored in.","srinagar.nic.in, mappls.com, gmcs.ac.in"
"SRSR01020923","Soura to Lalchowk","34.137704,74.802102","34.071262,74.810527","9.494","76.0","20","5","Urban","0.037","9-11","18-22 min","Iconic Srinagar corridor; JKSRTC city buses, minibuses and shared autos all run Soura-Lal Chowk regularly; well documented route","Both endpoints real and correctly placed; straight-line 7.43 km vs the cited 9-11 km road distance (via Nowhatta route cited at 11 km) is consistent","Approx -5 to +6 (midpoint 10 km: -5%)","One-way modelled ~38 min vs real ~18-22 min is roughly double, attributable to dense Lal Chowk-area congestion and multiple stops, within plausible range for this well-known bottleneck corridor","PASS","Soura to Lal Chowk distance sources give 9-11 km depending on route taken (direct vs via Nowhatta); modelled 9.494 km sits squarely in this range. This is a well-documented, heavily-trafficked real corridor with established bus/minibus service; headway 20 min and fleet 5 are reasonable for a primary urban spine.","distancesfrom.com (Lal Chowk to Soura via Nowhatta), Wikipedia Soura"
"SRSR01020929","Soura to Parimpora","34.137704,74.802102","34.111187,74.747451","12.314","98.5","35","4","Urban","0.096","11-13","20-25 min","Parimpora is Srinagar's major fruit/vegetable mandi and bus-stand hub; minibuses and city buses connect it to Soura and other city localities","Both endpoints real and correctly placed; Parimpora is on the city's northwest bypass junction, straight-line 5.83 km vs an estimated 11-13 km road distance reflects the indirect alignment around the city rather than a direct line","Approx 0 to +12 (midpoint 12 km: +3%)","One-way modelled ~49 min vs real ~20-25 min is high; plausible only if route includes congestion through Shalteng/Parimpora bypass junction area which is a known bottleneck","REVIEW","Could not find a direct published distance for Soura-Parimpora; based on known Srinagar geography and the Parimpora bypass junction location the road distance is estimated at 11-13 km, close to modelled 12.314 km, but the one-way time of ~49 min is roughly double a realistic estimate even allowing for the busy mandi-area traffic.","wikimapia.org Parimpora Bypass Junction, indiamapia.com Parimpora, onefivenine.com Soura"
"SRSR01020930","Soura to Qamarwari","34.137704,74.802102","34.094819,74.766082","9.3","74.4","35","4","Urban","0.166","9-10","18-20 min","Qamarwari is a populated Srinagar locality near Eidgah Road served by local minibuses connecting to Soura and the city core","Both endpoints real and correctly placed; straight-line 5.81 km vs estimated 9-10 km road distance is a normal urban detour ratio","Approx -2 to +9 (midpoint 9.5 km: -2%)","One-way modelled ~37 min vs real ~18-20 min is roughly double but plausible for a cross-city link through congested intermediate areas","PASS","No single published Soura-Qamarwari figure was found, but Qamarwari is documented about 5 km from Lal Chowk and Soura about 9 km from Lal Chowk on the opposite side, putting a real road distance in the 9-10 km band consistent with the modelled 9.3 km. Corridor, headway and fleet are all plausible for this urban locality link.","onefivenine.com Qamarwari, hectindia.com Qamarwari, Wikipedia Soura"
"SRSR01020936","Soura to SMHS","34.137704,74.802102","34.086425,74.798484","11.97","95.8","20","6","Urban","0.059","8-9","16-20 min","SMHS Hospital (Karan Nagar) is a major government hospital destination; multiple city bus and minibus routes connect it to north Srinagar localities including Soura","Both endpoints real; SMHS Hospital correctly located in Karan Nagar near Gole Market, straight-line 5.71 km vs an estimated 8-9 km road route via the city centre is plausible","37","One-way modelled ~48 min vs real ~16-20 min is high relative to the real drive time even with downtown congestion","REVIEW","SMHS Hospital is well documented in Karan Nagar; no single published Soura-SMHS distance was found but based on comparable city-core trips (Soura to Lal Chowk ~9-11 km) an SMHS distance of 8-9 km is a reasonable estimate, making the modelled 11.97 km about 37% over. Headway 20 min and fleet 6 are appropriate for a hospital-destination urban route.","srinagar.nic.in SMHS Hospital, mappls.com SMHS, gmcs.ac.in SMHS"
"SRSR02013901","Srinagar to Buchpora","34.07457,74.820502","34.150702,74.803112","9.37","75.0","20","5","Urban","0.06","9-12","18-22 min","Buchpora is a populated north Srinagar locality near Soura/Hazratbal; minibuses run regularly between central Srinagar and Buchpora","Both endpoints real and correctly placed; Buchpora is documented about 12 km from Lal Chowk, straight-line 8.62 km is consistent with a 9-12 km road distance from a central Srinagar point","Approx -11 to +4 (midpoint 10.5 km: -11%)","One-way modelled ~37 min vs real ~18-22 min is roughly double but plausible given multiple stops through dense northern Srinagar localities","PASS","Buchpora is documented as about 12 km from Lal Chowk; using a central Srinagar origin near Lal Chowk, modelled 9.37 km is within a reasonable range of the cited figures. Corridor, headway 20 min and fleet 5 are plausible for this urban link.","Wikipedia Buchpora, onefivenine.com Buchpora, distancesfrom.com"
"SRBG02023903","Srinagar to Budgam","34.07457,74.820502","34.006185,74.641626","23.639","189.1","35","7","Urban","0.054","9-14","13-20 min","Budgam town is well connected to Srinagar by NH444 with frequent shared taxis, minibuses and JKSRTC buses; a well-established short-haul corridor","Endpoint coordinate (34.006185,74.641626) is significantly west of Budgam's town centre (commonly around 34.0179,74.7139); this appears to place the destination several km past the actual town, inflating the route","Approx +69 to +163 (using commonly cited 9-14 km town-centre distance vs modelled 23.639 km)","One-way modelled ~95 min vs real ~13-20 min is grossly excessive for this short, well-paved NH444 corridor","FAIL","Multiple independent sources (yatra.com, mapsofindia.com, clearcarrental.com) consistently cite Srinagar-Budgam as 9-14 km via NH444 (about 13-20 min drive), but the modelled route is 23.639 km with a 189-min round trip cycle (about 95 min one-way) — roughly double the real distance and far beyond plausible drive time; the destination coordinate appears to be misplaced west of the actual Budgam town centre, likely near a different village.","yatra.com Budgam-Srinagar distance, mapsofindia.com, clearcarrental.com, Wikipedia Budgam district"
"SRSR02023910A","Srinagar to By Pass","34.07457,74.820502","34.082926,74.796819","3.279","26.2","20","3","Urban","0.006","3-4","8-10 min","Refers to a short segment of the Srinagar bypass (Athwajan-Parimpora corridor, 17.8 km total); local minibuses serve segments of this arterial road","Both endpoints real; the destination sits near the bypass road's path through the city, straight-line 2.37 km vs an estimated 3-4 km short road segment is consistent","Approx -18 to +9 (midpoint 3.5 km: -6%)","One-way modelled ~13 min vs real ~8-10 min is somewhat high but plausible for an arterial road with junctions","PASS","The Srinagar bypass (Athwajan to Parimpora) is a documented 17.8 km arterial road; this route represents a short ~3-4 km segment of it near the city centre, consistent with the modelled 3.279 km. Low fleet (3) and modest headway (20 min) are appropriate for this short low-load segment (load 0.006).","wikimapia.org Parimpora Bypass Junction, scribd.com NH bypass plan, devdiscourse.com Srinagar flyover"
"SRSR02023910B","Srinagar to Bypass","34.07457,74.820502","34.090936,74.760881","8.341","66.7","20","5","Urban","0.021","8-10","15-18 min","Another segment of the Srinagar bypass corridor (Athwajan-Parimpora, 17.8 km total) heading further northwest toward Parimpora/Bemina; served by local minibuses","Both endpoints real; destination sits further along the bypass toward Parimpora/Bemina, straight-line 5.78 km vs an estimated 8-10 km road segment is consistent with the bypass alignment","Approx -7 to +16 (midpoint 9 km: +7%)","One-way modelled ~33 min vs real ~15-18 min is roughly double but plausible for a congested arterial stretch with multiple junctions (Bemina, Parimpora)","PASS","This is a longer segment of the same 17.8 km Srinagar bypass corridor as SRSR02023910A, extending toward Parimpora/Bemina; modelled 8.341 km is consistent with that alignment. Headway 20 min and fleet 5 are reasonable for this busier bypass stretch (load 0.021, double the A segment).","wikimapia.org Parimpora Bypass Junction, sdasrinagar.jk.gov.in infrastructural projects, onefivenine.com Bemina"
"SRBG02033901","Srinagar to Chadoora","34.07457,74.820502","33.943466,74.79875","16.895","135.2","35","5","Urban","0.121","14-15","20-25 min","Chadoora is a tehsil headquarters in Budgam district on a well-used road from Srinagar; minibuses and shared taxis run this corridor regularly, with calls for a 4-lane upgrade via Chanapora-Chadoora","Both endpoints real and correctly placed; Chadoora town is documented 14-15 km from Srinagar, straight-line 14.72 km vs modelled 16.895 km is a reasonable detour ratio","Approx +13 to +21 (midpoint 14.5 km: +17%)","One-way modelled ~68 min vs real ~20-25 min is high, roughly 3x the cited real drive time even allowing for the narrower, congested approach road that locals are petitioning to widen","REVIEW","Chadoora is consistently cited as 14-15 km from Srinagar (alldistancebetween.com, Wikipedia) versus the modelled 16.895 km, about a 17% overstatement at the edge of acceptable tolerance, and the one-way time of ~68 min is roughly 3x the realistic 20-25 min drive even accounting for the documented narrow/congested road locals want widened. Corridor is real and well-used; headway 35 min and fleet 5 are plausible for a peri-urban feeder of this length.","alldistancebetween.com Srinagar-Chadoora, Wikipedia Chadoora, facebook.com Dr Raja Muzaffar Bhat 4-lane road petition"
"SRGB02013903","Srinagar to Ganderbal","34.07457,74.820502","34.192755,74.769753","16.689","133.5","35","5","Urban","0.116","15","25-30 min","JKRTC and private minibuses regularly ply Srinagar-Ganderbal on NH1/Srinagar-Leh highway; well known commuter and tourist-gateway corridor","Both endpoints real and correctly placed; Ganderbal town centre matches engine D coord within normal town-centroid tolerance","11","One-way modelled approx 60-65 min vs real 25-30 min drive; difference plausible given multiple stops/local stage-carriage pattern, not a through-express time","PASS","Real corridor, coords good, distance within tolerance; modelled one-way time is on the high side for a stage carriage with several stops but not unreasonable for a non-express minibus.","distancebetween2.com, ganderbal.nic.in, alldistancebetween.com"
"SRSR02013902","Srinagar to Gulabagh","34.07457,74.820502","34.180148,74.816805","14.022","102.6","35","4","Urban","0.098","13-15","20-25 min","Local minibus/JKRTC services run along the Srinagar-Ganderbal road corridor; Gulab Bagh area sits along this corridor short of Ganderbal town itself","D coordinate sits almost due north of Srinagar at the same longitude as Ganderbal road corridor, consistent with a Gulab Bagh locality short of Ganderbal town; plausible placement","-3","Modelled one-way approx 51 min vs real 20-25 min; on the high side but explainable by local stage stops","PASS","Corridor and coordinates are plausible (a stop short of Ganderbal on the same highway); distance matches within tolerance though sources for the specific Gulab Bagh stop are thin so exact stop ID has minor uncertainty.","distancebetween2.com, sbi.banklocationmaps.com, mapcarta.com"
"SRSR02013903","Srinagar to Harwan","34.07457,74.820502","34.15981,74.903368","16.558","125.9","35","5","Urban","0.362","15-19","25-30 min","Harwan Garden is a well known tourist destination reached via Nishat-Harwan road; minibuses and tourist taxis serve this route, no dedicated trunk but standard feeder corridor","Both endpoints real; Harwan Garden coordinate matches the village/garden area north-east of Dal Lake, consistent placement","2","Modelled one-way approx 63 min vs real 25-30 min; long for the distance but explainable by hilly/narrow lakeside road and tourist congestion in season","PASS","Real, well known tourist corridor (consistent with Tourist=True flag); coordinates and distance check out within tolerance; the long modelled cycle time is plausible given a winding lakeside road shared with tourist traffic.","distancebetween2.com, tourmyindia.com, srinagar.nic.in"
"SRPW02023901","Srinagar to Khrew","34.07457,74.820502","34.0196,74.999664","19.597","156.8","35","6","Urban","0.084","18-24","30-35 min","Khrew is a known limestone/cement-industry town in Pulwama district on the Srinagar-Pahalgam road corridor near Pampore; served by private minibuses and some JKRTC stage carriages","Both endpoints real; Khrew coordinate is consistent with the town location east of Pampore on the Srinagar-Pahalgam axis","-5","Modelled one-way approx 78 min vs real 30-35 min; long but plausible given congestion through Pampore saffron-belt stretch","PASS","Real industrial/cement town corridor on the Srinagar-Pahalgam road; sources show a Srinagar-Pampore-Khrew road distance around 18-24 km depending on route, our figure sits within that band.","greaterkashmir.com, distancesfrom.com, distancebetween2.com"
"SRPW02033904","Srinagar to NEW Khanda","34.07457,74.820502","33.915501,74.882603","22.786","157.5","35","6","Urban","0.122","24-28","35-40 min","Khanda is a small village/post office in Pulwama tehsil near Pampore; no dedicated trunk bus service identified but covered by general Srinagar-Pulwama private minibus and JKRTC stage services that pass through or near it","Both endpoints plausible; D coordinate falls south of Pampore in the Pulwama tehsil belt, consistent with Khanda's known location near Pampore/Pulwama","-12","Modelled one-way approx 79 min vs real 35-40 min; long for distance, but acceptable for a stage service with many halts in a dense agrarian belt","REVIEW","Real village in Pulwama tehsil exists and coordinate placement is broadly correct, but no source gives a precise point-to-point distance for Khanda itself (only general Srinagar-Pulwama figures), so the Real_RoadKM here is an inferred band rather than a directly sourced number; recommend confirming exact Khanda road distance via Google Maps before publishing.","icbse.com, distancebetween2.com, yatra.com"
"SRPW02023902","Srinagar to Pampore","34.07457,74.820502","34.010891,74.912941","12.883","80.8","35","4","Urban","0.034","14-16","20-25 min","Pampore, the saffron town, is a major and very well documented corridor on NH44/Srinagar-Jammu highway side-road; served by frequent JKRTC stage carriages and private minibuses","Both endpoints real and correctly placed; Pampore town centre matches widely cited coordinates","-13","Modelled one-way approx 40 min vs real 20-25 min; somewhat high but plausible with town-centre stops and the saffron-belt market congestion","PASS","Very well documented, frequently served corridor; distance is within tolerance (consistent across multiple sources at 14-16 km) and the route, headway and fleet are sane for a busy peri-urban feeder.","distancebetween2.com, distance.org.in, alldistancebetween.com"
"SRSR02023931","Srinagar to Railway","34.07457,74.820502","34.025914,74.825506","7.778","55.3","20","4","Urban","0.039","7-10","15-20 min","Srinagar Railway Station (Nowgam) is served by city buses, autos and JKRTC feeder services connecting it to the city centre; a well established short urban link","Both endpoints real; D coordinate matches Nowgam/Srinagar railway station area south of the city, consistent with multiple sources citing the station roughly 7-10 km from the centre","-7","Modelled one-way approx 28 min vs real 15-20 min; a bit long for a short urban hop but plausible in city traffic with the Jhelum-side congestion noted for this corridor","PASS","Short, very real urban corridor (city centre to railway station); coordinates and distance check out comfortably within tolerance for a short route; headway/fleet are reasonable for a city feeder.","srinagaronline.in, travelmykashmir.com, trainspy.com"
"SRSR02023934","Srinagar to Rasoo","34.07457,74.820502","34.105358,74.809909","4.174","33.4","20","3","Urban","0.023","3-5","10-15 min","No dedicated named bus service was identified for a stop called Rasoo specifically, but the destination sits inside Srinagar's northern urban fringe (Soura/Hawal/Bemina belt) which is covered by dense city minibus and auto-rickshaw services","D coordinate places Rasoo about 4 km north of city centre, within the dense northern Srinagar urban belt (near Soura); plausible for a short city locality even though the specific name could not be independently verified online","-7","Modelled one-way approx 17 min vs real 10-15 min; reasonable for a short congested city hop","REVIEW","Coordinates land in a real, densely populated part of north Srinagar and the short distance/time are plausible, but no independent source could confirm a locality specifically named Rasoo (may be a minor mahalla/local name not indexed online); recommend verifying the exact stop name against a local gazetteer or Google Maps before publishing.","onefivenine.com, dbpedia.org (Soura context), latlong.net"
"SRPW02033907","Srinagar to Ratnipura","34.07457,74.820502","33.917253,74.948452","25.991","179.1","35","7","Urban","0.09","24-32","35-45 min","Ratnipora (alternate spelling) is a well documented village/post office in Pulwama district along the Srinagar-Pulwama-Shopian belt; served by private minibuses and JKRTC stage carriages plying the Srinagar-Pulwama road","Both endpoints real; D coordinate is consistent with Ratnipora's known location in Pulwama tehsil south-east of Pampore","-8","Modelled one-way approx 90 min vs real 35-45 min; long for the distance but plausible for a multi-stop rural stage service through the Pampore-Pulwama belt","PASS","Real, well documented Pulwama-district village on a known Srinagar-Pulwama corridor; distance sits within the typical Srinagar-Pulwama-area band reported across sources (24-32 km depending on exact alignment), so this is within tolerance.","prokerala.com, mapsofindia.com, distancebetween2.com"
"SRBG02014001","TRC Srinagar to Airport","34.075384,74.824467","33.993793,74.774698","14.524","116.2","35","5","Urban","0.092","12","20-25 min","TRC (Tourist Reception Centre) to Srinagar Airport is a well documented and frequently travelled corridor; served by airport taxis, private cabs, and some JKRTC/city feeder buses","Both endpoints real; TRC is centrally located near Lal Chowk/Residency Road, Airport coordinate matches Srinagar International Airport's known location at Humhama","21","Modelled one-way approx 58 min vs real 20-25 min; on the high side for a 12-14 km airport corridor, suggesting some over-estimation of cycle time though not impossible during peak congestion","REVIEW","Real, well known TRC-to-Airport corridor with both endpoints correctly placed; however multiple sources converge on roughly 12 km while the engine models 14.5 km (about 21% over), and the modelled one-way time of ~58 min is long for this corridor versus the commonly cited 20-30 min airport transfer time -- worth rechecking the routed path for unnecessary detour.","distancesfrom.com, distcalculator.com, clearcarrental.com"
"SRSR02014004","TRC to Hazratbal","34.075384,74.824467","34.127549,74.835646","8.127","65.0","35","3","Urban","0.095","8","15-20 min","Hazratbal Dargah is a major Srinagar landmark and pilgrimage site on the banks of Dal Lake; well served by city buses, minibuses, and autos from the city centre/TRC area","Both endpoints real; TRC near city centre and Hazratbal Dargah coordinate matches the well known shrine location on the Dal Lake shoreline","2","Modelled one-way approx 32 min vs real 15-20 min; on the high side for the short distance but plausible given lakeside road congestion and pilgrimage-related traffic near the dargah","PASS","Real, very well known city-to-shrine corridor; coordinates and distance check out almost exactly against multiple sources (about 8 km), and headway/fleet are reasonable for this established route despite a somewhat generous modelled cycle time.","distancesfrom.com, trawell.in, traveltriangle.com"
